Date,Open,High,Low,Close,Volume,Dividends,Stock Splits
2002-02-13 00:00:00-05:00,1.620128660745219,1.6933501305901242,1.603296090968122,1.691666841506958,76216000,0.0,0.0
2002-02-14 00:00:00-05:00,1.7127073418283545,1.7160737592086661,1.670626081147202,1.6832504272460938,11021600,0.0,0.0
2002-02-15 00:00:00-05:00,1.683249937148548,1.6874579977805302,1.6580012523022094,1.6748336553573608,8389600,0.0,0.0
2002-02-19 00:00:00-05:00,1.6664176722436537,1.6664176722436537,1.5780470989152977,1.6075040102005005,7410400,0.0,0.0
2002-02-20 00:00:00-05:00,1.6159203121217995,1.6622096300125122,1.6032958067631926,1.6622096300125122,6892800,0.0,0.0
2002-02-21 00:00:00-05:00,1.6563186105982648,1.6706262470719662,1.6411693295640768,1.6580018997192383,6976800,0.0,0.0
2002-02-22 00:00:00-05:00,1.6706261900681239,1.6706261900681239,1.615920579721402,1.6285449266433716,3525600,0.0,0.0
2002-02-25 00:00:00-05:00,1.6243366216788975,1.6537935366890895,1.6058209245000234,1.6411691904067993,3453600,0.0,0.0
2002-02-26 00:00:00-05:00,1.6327529060428485,1.6580017591347012,1.6066625689891458,1.6411691904067993,2761600,0.0,0.0
2002-02-27 00:00:00-05:00,1.628544785452402,1.6293864299112022,1.5990878715034638,1.6117122173309326,4091200,0.0,0.0
2002-02-28 00:00:00-05:00,1.6159202935001657,1.636960921485703,1.6075040102005005,1.6075040102005005,2751200,0.0,0.0
2002-03-01 00:00:00-05:00,1.6032957847876526,1.6453770406668797,1.5974044346489211,1.6302279233932495,1913600,0.0,0.0
2002-03-04 00:00:00-05:00,1.6369612672889295,1.6672596688300196,1.6344363336074694,1.6580018997192383,3180800,0.0,0.0
2002-03-05 00:00:00-05:00,1.6495853051545457,1.6537933666401972,1.6125537540772406,1.6201283931732178,3444800,0.0,0.0
2002-03-06 00:00:00-05:00,1.6192869973211963,1.6352779223702407,1.615920579721402,1.6285449266433716,1316800,0.0,0.0
2002-03-07 00:00:00-05:00,1.6285449625885775,1.7337481234724998,1.6285449625885775,1.7185988426208496,2700800,0.0,0.0
2002-03-08 00:00:00-05:00,1.7084989468425034,1.7674127700552464,1.7084989468425034,1.7589964866638184,1600800,0.0,0.0
2002-03-11 00:00:00-05:00,1.750579965281384,1.8010774982375692,1.746371904421382,1.7817201614379883,5462400,0.0,0.0
2002-03-12 00:00:00-05:00,1.7674130408750197,1.8431592819499218,1.7674130408750197,1.7842456102371216,5819200,0.0,0.0
2002-03-13 00:00:00-05:00,1.7842456552140349,1.8094943493663735,1.7379561685650373,1.7690963745117188,5063200,0.0,0.0
2002-03-14 00:00:00-05:00,1.7690957125417603,1.7842449875754376,1.753946437508083,1.7674124240875244,1696800,0.0,0.0
2002-03-15 00:00:00-05:00,1.7674126399194845,1.775828922691216,1.6748338504849203,1.7127070426940918,1708000,0.0,0.0
2002-03-18 00:00:00-05:00,1.7169152800306822,1.7169152800306822,1.6032958522691627,1.6243364810943604,2207200,0.0,0.0
2002-03-19 00:00:00-05:00,1.6369608296176326,1.6411688907676782,1.565422666376157,1.5738389492034912,3229600,0.0,0.0
2002-03-20 00:00:00-05:00,1.5612147498649418,1.5612147498649418,1.430762902387573,1.516608715057373,9236000,0.0,0.0
2002-03-21 00:00:00-05:00,1.5166084443391203,1.6201282914479573,1.5166084443391203,1.5780470371246338,4427200,0.0,0.0
2002-03-22 00:00:00-05:00,1.5780471618898289,1.648743687584674,1.55784817748091,1.6243364810943604,2494400,0.0,0.0
2002-03-25 00:00:00-05:00,1.641169199191137,1.667259536384488,1.614237217504159,1.6596848964691162,7571200,0.0,0.0
2002-03-26 00:00:00-05:00,1.6832507197425097,1.691667005446682,1.6647350196151693,1.6815674304962158,1816800,0.0,0.0
2002-03-27 00:00:00-05:00,1.6815672412739924,1.7674130568474138,1.67483424557376,1.7337480783462524,1369600,0.0,0.0
2002-03-28 00:00:00-05:00,1.7253314679086715,1.7337477510770907,1.691666495762245,1.700082778930664,1714400,0.0,0.0
2002-04-01 00:00:00-05:00,1.6874581903212342,1.6874581903212342,1.5990876227486528,1.6032956838607788,1880000,0.0,0.0
2002-04-02 00:00:00-05:00,1.5990879222771779,1.5990879222771779,1.5443823149363076,1.5687893629074097,2098400,0.0,0.0
2002-04-03 00:00:00-05:00,1.5696310738583208,1.5822554206212065,1.5519570204957367,1.5654230117797852,567200,0.0,0.0
2002-04-04 00:00:00-05:00,1.5612146115302794,1.6032958696365107,1.5612146115302794,1.5948797464370728,763200,0.0,0.0
2002-04-05 00:00:00-05:00,1.5948797005432638,1.632752735432692,1.5561648607254028,1.5561648607254028,837600,0.0,0.0
2002-04-08 00:00:00-04:00,1.5654231013317932,1.5654231013317932,1.4955682073519245,1.5401742458343506,1558400,0.0,0.0
2002-04-09 00:00:00-04:00,1.5317578592777257,1.6159203754901883,1.5317578592777257,1.5948797464370728,3562400,0.0,0.0
2002-04-10 00:00:00-04:00,1.5906713665819283,1.603295710656538,1.5780470225073187,1.592354655265808,1302400,0.0,0.0
2002-04-11 00:00:00-04:00,1.5915133392297345,1.5915133392297345,1.5570067167282104,1.5570067167282104,1444000,0.0,0.0
2002-04-12 00:00:00-04:00,1.5696311374880405,1.5696311374880405,1.5199752324174307,1.535966157913208,1236000,0.0,0.0
2002-04-15 00:00:00-04:00,1.5317580223304255,1.5628980667485688,1.5309163778154382,1.5620564222335815,1559200,0.0,0.0
2002-04-16 00:00:00-04:00,1.5780473225995113,1.6159205225528095,1.5780473225995113,1.5990879535675049,1225600,0.0,0.0
2002-04-17 00:00:00-04:00,1.6201287207621309,1.7042912517108129,1.6201287207621309,1.667259693145752,3348800,0.0,0.0
2002-04-18 00:00:00-04:00,1.667259693145752,1.695874966510487,1.6613683416637104,1.667259693145752,984800,0.0,0.0
2002-04-19 00:00:00-04:00,1.667259380772479,1.7127072160228802,1.667259380772479,1.7059742212295532,646400,0.0,0.0
2002-04-22 00:00:00-04:00,1.6958747733449855,1.6958747733449855,1.6672595032396202,1.6832504272460938,772800,0.0,0.0
2002-04-23 00:00:00-04:00,1.6790421730190468,1.704290862324058,1.641168978534278,1.6453770399093628,824800,0.0,0.0
2002-04-24 00:00:00-04:00,1.6428528012341035,1.6504274425928698,1.632753225913314,1.6335948705673218,1064800,0.0,0.0
2002-04-25 00:00:00-04:00,1.6335941820266204,1.6335941820266204,1.613395200425978,1.632752537727356,1727200,0.0,0.0
2002-04-26 00:00:00-04:00,1.6243364546588692,1.6479020163493827,1.6201283931732178,1.6201283931732178,1653600,0.0,0.0
2002-04-29 00:00:00-04:00,1.6117120477719913,1.6117120477719913,1.582255136922045,1.590671420097351,2562400,0.0,0.0
2002-04-30 00:00:00-04:00,1.5780469961335388,1.6243363104758928,1.5738389350214128,1.6032956838607788,6894400,0.0,0.0
2002-05-01 00:00:00-04:00,1.6243363511729758,1.725331425666809,1.6243363511729758,1.725331425666809,1672000,0.0,0.0
2002-05-02 00:00:00-04:00,1.7169150233033514,1.7665709127480396,1.7169150233033514,1.7531049251556396,3316000,0.0,0.0
2002-05-03 00:00:00-04:00,1.7505801916122437,1.7514218359985059,1.7303812079237084,1.7505801916122437,463200,0.0,0.0
2002-05-06 00:00:00-04:00,1.7497388733858756,1.9012313456539975,1.7497388733858756,1.830534815788269,2146400,0.0,0.0
2002-05-07 00:00:00-04:00,1.8221180031999338,1.8515749088553495,1.8052856003448543,1.8094936609268188,452800,0.0,0.0
2002-05-08 00:00:00-04:00,1.8263267673008379,1.8936567197937064,1.8263267673008379,1.8852404356002808,658400,0.0,0.0
2002-05-09 00:00:00-04:00,1.8936567882494972,1.952570619205947,1.8936567882494972,1.9231137037277222,847200,0.0,0.0
2002-05-10 00:00:00-04:00,1.9357373938821143,1.9719272925825266,1.8515748984959355,1.8566246032714844,696000,0.0,0.0
2002-05-13 00:00:00-04:00,1.8574662578809884,1.8574662578809884,1.7547880707251733,1.8094936609268188,1929600,0.0,0.0
2002-05-14 00:00:00-04:00,1.8515752705821724,1.8852402433963977,1.7505801916122437,1.7505801916122437,3958400,0.0,0.0
2002-05-15 00:00:00-04:00,1.7421640936438372,1.7674127834826878,1.670625925064087,1.670625925064087,5829600,0.0,0.0
2002-05-16 00:00:00-04:00,1.6706261834588447,1.7421643631033628,1.6706261834588447,1.7337480783462524,5286400,0.0,0.0
2002-05-17 00:00:00-04:00,1.746372254323069,1.8094941430335414,1.746372254323069,1.786770224571228,4351200,0.0,0.0
2002-05-20 00:00:00-04:00,1.7867700248994962,1.8094939408224098,1.7758289693776748,1.7993943691253662,2336000,0.0,0.0
2002-05-21 00:00:00-04:00,1.9020727257673948,1.9062807869849523,1.7211233644492518,1.725331425666809,3872000,0.0,0.0
2002-05-22 00:00:00-04:00,1.721964765687153,1.8094938474542956,1.708498777804091,1.788453221321106,1847200,0.0,0.0
2002-05-23 00:00:00-04:00,1.7884529780044656,1.9104886571850686,1.7884529780044656,1.8860814571380615,2157600,0.0,0.0
2002-05-24 00:00:00-04:00,1.8801912511765444,1.9946523627124615,1.8801912511765444,1.9744532108306885,2212000,0.0,0.0
2002-05-28 00:00:00-04:00,1.9820270474391959,2.0443074461393134,1.9609864199269869,2.037574291229248,2082400,0.0,0.0
2002-05-29 00:00:00-04:00,2.0375741604297684,2.0375741604297684,1.9778188591840895,1.9862351417541504,4728000,0.0,0.0
2002-05-30 00:00:00-04:00,1.9862354122086243,1.9862354122086243,1.9483622157499902,1.9576201438903809,3941600,0.0,0.0
2002-05-31 00:00:00-04:00,1.957619900143475,2.0451488225212198,1.957619900143475,2.035891056060791,2708000,0.0,0.0
2002-06-03 00:00:00-04:00,2.0358908413628902,2.0358908413628902,1.9475201234576338,1.9567780494689941,1817600,0.0,0.0
2002-06-04 00:00:00-04:00,1.9534116697212836,2.0114838432890876,1.9273213380424543,1.971927523612976,1933600,0.0,0.0
2002-06-05 00:00:00-04:00,1.9778186736568328,1.9929679487564325,1.944995351292516,1.9567780494689941,1752000,0.0,0.0
2002-06-06 00:00:00-04:00,1.9567780494689944,1.9904430160640916,1.9517283446115354,1.9567780494689941,1403200,0.0,0.0
2002-06-07 00:00:00-04:00,1.9357375829114865,1.9559365645133815,1.8987060363777277,1.9315295219421387,1752000,0.0,0.0
2002-06-10 00:00:00-04:00,1.9315301726627592,1.960986930426467,1.8768243984677813,1.8936569690704346,854400,0.0,0.0
2002-06-11 00:00:00-04:00,1.903756232730472,1.914697289466858,1.8953399488031868,1.914697289466858,323200,0.0,0.0
2002-06-12 00:00:00-04:00,1.894498364265776,1.8953400087378454,1.8364261799111337,1.8852404356002808,532000,0.0,0.0
2002-06-13 00:00:00-04:00,1.8852402954933194,1.944154119941684,1.859991605316739,1.9323712587356567,1297600,0.0,0.0
2002-06-14 00:00:00-04:00,1.9306878931330145,1.9306878931330145,1.7968694984854838,1.8944979906082153,718400,0.0,0.0
2002-06-17 00:00:00-04:00,1.902072938682657,1.9736111110797303,1.902072938682657,1.937421202659607,936800,0.0,0.0
2002-06-18 00:00:00-04:00,1.9374211034512647,1.9483621595977352,1.8768239908638733,1.895339846611023,260000,0.0,0.0
2002-06-19 00:00:00-04:00,1.8936565907105154,1.9483621934478121,1.8936565907105154,1.9357378482818604,905600,0.0,0.0
2002-06-20 00:00:00-04:00,1.9239551788793365,1.9239551788793365,1.8339013118936913,1.8431590795516968,509600,0.0,0.0
2002-06-21 00:00:00-04:00,1.8305342963763647,1.8305342963763647,1.758996142343568,1.7674124240875244,1016000,0.0,0.0
2002-06-24 00:00:00-04:00,1.7674126251697513,1.7674126251697513,1.6748338365077924,1.7270146608352661,1092800,0.0,0.0
2002-06-25 00:00:00-04:00,1.7270152769823666,1.749739200225442,1.6815674304962158,1.6815674304962158,829600,0.0,0.0
2002-06-26 00:00:00-04:00,1.6622096951961387,1.6622096951961387,1.545223849029539,1.5948797464370728,2882400,0.0,0.0
2002-06-27 00:00:00-04:00,1.6075041901254736,1.6832504272460938,1.5915132661190001,1.6832504272460938,1632000,0.0,0.0
2002-06-28 00:00:00-04:00,1.6790422323251948,1.7943447875585812,1.668942659930108,1.7665711641311646,3480000,0.0,0.0
2002-07-01 00:00:00-04:00,1.7589966423539014,1.7665712820238981,1.6537934919675763,1.6613681316375732,1088000,0.0,0.0
2002-07-02 00:00:00-04:00,1.6605263542954636,1.6605263542954636,1.5039841882056986,1.5788887739181519,1637600,0.0,0.0
2002-07-03 00:00:00-04:00,1.5738392859848318,1.607504263970797,1.4518035601925205,1.5570067167282104,2226400,0.0,0.0
2002-07-05 00:00:00-04:00,1.5654227165104917,1.6378023658782175,1.5654227165104917,1.5999293327331543,455200,0.0,0.0
2002-07-08 00:00:00-04:00,1.607504373225286,1.7127075369111389,1.596563154306676,1.667259693145752,1433600,0.0,0.0
2002-07-09 00:00:00-04:00,1.6580017591347012,1.7194403620951795,1.619286915271436,1.6411691904067993,2162400,0.0,0.0
2002-07-10 00:00:00-04:00,1.6411691158793722,1.6916666592426521,1.5948797947706037,1.6159204244613647,2144000,0.0,0.0
2002-07-11 00:00:00-04:00,1.6032957006679742,1.60666227801476,1.4938845053333318,1.5511150360107422,2443200,0.0,0.0
2002-07-12 00:00:00-04:00,1.5511150965414429,1.5511150965414429,1.4787352860334344,1.4888348579406738,1052800,0.0,0.0
2002-07-15 00:00:00-04:00,1.4871518322219206,1.4871518322219206,1.3297679191457161,1.4055142402648926,1300000,0.0,0.0
2002-07-16 00:00:00-04:00,1.3844732992154438,1.4198215584451601,1.354174745439332,1.362591028213501,1246400,0.0,0.0
2002-07-17 00:00:00-04:00,1.3667989566244798,1.4013055681735564,1.2035237448208742,1.3541746139526367,6398400,0.0,0.0
2002-07-18 00:00:00-04:00,1.3541748258233277,1.3802651594974595,1.3432336896728891,1.3499667644500732,1261600,0.0,0.0
2002-07-19 00:00:00-04:00,1.342392102862365,1.3474418890959108,1.3171433322218944,1.3280844688415527,1353600,0.0,0.0
2002-07-22 00:00:00-04:00,1.3230347094794175,1.3861565131378144,1.312935217683529,1.3297677040100098,999200,0.0,0.0
2002-07-23 00:00:00-04:00,1.338184010169499,1.3802652693605353,1.2834784053266048,1.3466002941131592,2536000,0.0,0.0
2002-07-24 00:00:00-04:00,1.3297679945212677,1.4829438542152757,1.261596309676181,1.4804189205169678,1784800,0.0,0.0
2002-07-25 00:00:00-04:00,1.4812602414195573,1.4812602414195573,1.3970977295267104,1.4290794134140015,560800,0.0,0.0
2002-07-26 00:00:00-04:00,1.4299211144847057,1.4896765837717738,1.4299211144847057,1.476210594177246,668800,0.0,0.0
2002-07-29 00:00:00-04:00,1.477893992450986,1.5443824686809016,1.477893992450986,1.5401742458343506,936000,0.0,0.0
2002-07-30 00:00:00-04:00,1.5401740258403853,1.548590309804042,1.4854684208675137,1.5107172727584839,716800,0.0,0.0
2002-07-31 00:00:00-04:00,1.4938846332686289,1.4947262776774033,1.4501200871759077,1.4728440046310425,777600,0.0,0.0
2002-08-01 00:00:00-04:00,1.464427567045536,1.464427567045536,1.3642741403168932,1.4046722650527954,1011200,0.0,0.0
2002-08-02 00:00:00-04:00,1.3928898068396898,1.3928898068396898,1.249813602202223,1.2708542346954346,1099200,0.0,0.0
2002-08-05 00:00:00-04:00,1.2708538104138856,1.3196680550801403,1.2708538104138856,1.2918944358825684,702400,0.0,0.0
2002-08-06 00:00:00-04:00,1.3045193117539604,1.3373427297833287,1.3045193117539604,1.32892644405365,1688800,0.0,0.0
2002-08-07 00:00:00-04:00,1.3314507135272555,1.3465999890888618,1.3003105984112093,1.3373421430587769,1560800,0.0,0.0
2002-08-08 00:00:00-04:00,1.329768094934015,1.3339762378186475,1.1656511645425356,1.2540217638015747,4937600,0.0,0.0
2002-08-09 00:00:00-04:00,1.2540213498355488,1.3129351702450176,1.2540213498355488,1.2834782600402832,946400,0.0,0.0
2002-08-12 00:00:00-04:00,1.282636694498279,1.3676408529281616,1.27927019714777,1.3676408529281616,926400,0.0,0.0
2002-08-13 00:00:00-04:00,1.3886813727811906,1.4484366760114256,1.3684823902585517,1.3760570287704468,1760800,0.0,0.0
2002-08-14 00:00:00-04:00,1.3760572359465673,1.4980927937934858,1.3760572359465673,1.4560115337371826,3224800,0.0,0.0
2002-08-15 00:00:00-04:00,1.5149252530108446,1.578047138552963,1.5149252530108446,1.5233415365219116,3407200,0.0,0.0
2002-08-16 00:00:00-04:00,1.52334174086209,1.666417937633363,1.52334174086209,1.5931966304779053,1723200,0.0,0.0
2002-08-19 00:00:00-04:00,1.5931972090277045,1.719441042890092,1.5738398596953658,1.6790430545806885,1722400,0.0,0.0
2002-08-20 00:00:00-04:00,1.742163909401108,1.8094938488690615,1.7000826571018275,1.7606796026229858,5432800,0.0,0.0
2002-08-21 00:00:00-04:00,1.7632050242975323,1.8094943504468886,1.7270151116042294,1.8052862882614136,1994400,0.0,0.0
2002-08-22 00:00:00-04:00,1.7842452458760862,1.8094939342359218,1.716915142704449,1.725331425666809,3035200,0.0,0.0
2002-08-23 00:00:00-04:00,1.7253315146965318,1.7261731590889224,1.6622096300125122,1.6622096300125122,1333600,0.0,0.0
2002-08-26 00:00:00-04:00,1.6630512000930309,1.7463720648895518,1.660526267028683,1.7387974262237549,2069600,0.0,0.0
2002-08-27 00:00:00-04:00,1.7421643360414918,1.7707796074548043,1.72112370473919,1.734589695930481,1864800,0.0,0.0
2002-08-28 00:00:00-04:00,1.7295395750574467,1.7884533982701898,1.7135488131937124,1.7589964866638184,2461600,0.0,0.0
2002-08-29 00:00:00-04:00,1.7522632790734582,1.8044441013360777,1.722806371047491,1.8036024570465088,1388000,0.0,0.0
2002-08-30 00:00:00-04:00,1.817910297767947,1.8507336261959102,1.7505801916122437,1.7505801916122437,778400,0.0,0.0
2002-09-03 00:00:00-04:00,1.7505803801250295,1.7505803801250295,1.6453772284221486,1.6832504272460938,1085600,0.0,0.0
2002-09-04 00:00:00-04:00,1.7000830851475488,1.7320647743153443,1.5654230117797852,1.5654230117797852,2308800,0.0,0.0
2002-09-05 00:00:00-04:00,1.557006533961744,1.6411690493110274,1.5511151835716555,1.6142370700836182,1292800,0.0,0.0
2002-09-06 00:00:00-04:00,1.6201285438410054,1.6664178665969829,1.6201285438410054,1.6504271030426025,1339200,0.0,0.0
2002-09-09 00:00:00-04:00,1.6537931877146355,1.6874581575393677,1.565422621858809,1.6874581575393677,1700000,0.0,0.0
2002-09-10 00:00:00-04:00,1.6933502014116126,1.7244902481161546,1.6697846348435437,1.7169156074523926,1416800,0.0,0.0
2002-09-11 00:00:00-04:00,1.7337477854687575,1.758154830561351,1.7337477854687575,1.7505801916122437,599200,0.0,0.0
2002-09-12 00:00:00-04:00,1.7716212207250035,1.7741461544553538,1.7169156074523926,1.7169156074523926,1172000,0.0,0.0
2002-09-13 00:00:00-04:00,1.700083154300535,1.700083154300535,1.6495856046676636,1.6495856046676636,288000,0.0,0.0
2002-09-16 00:00:00-04:00,1.6504266675777797,1.7034489716633776,1.649585023318995,1.700924038887024,484800,0.0,0.0
2002-09-17 00:00:00-04:00,1.7219652602949473,1.75563040019963,1.671467871492492,1.7185988426208496,388800,0.0,0.0
2002-09-18 00:00:00-04:00,1.7084992507567727,1.716073891103738,1.670626209549228,1.691666841506958,408000,0.0,0.0
2002-09-19 00:00:00-04:00,1.700083081604369,1.7463724064809034,1.6832505122707504,1.7068160772323608,3078400,0.0,0.0
2002-09-20 00:00:00-04:00,1.7564715463391165,1.7564715463391165,1.6664175313330052,1.6874581575393677,737600,0.0,0.0
2002-09-23 00:00:00-04:00,1.6882996420123713,1.6908245747078945,1.6731503668936787,1.6748336553573608,1595200,0.0,0.0
2002-09-24 00:00:00-04:00,1.6714674401269305,1.6723090844600679,1.569630723198714,1.6344358921051025,1099200,0.0,0.0
2002-09-25 00:00:00-04:00,1.6378024126727155,1.6638929070711967,1.636960928813509,1.6537933349609375,840000,0.0,0.0
2002-09-26 00:00:00-04:00,1.6664177569559,1.7379559278488157,1.6622096953557768,1.737955927848816,1353600,0.0,0.0
2002-09-27 00:00:00-04:00,1.7379556086964505,1.864199359844288,1.7379556086964505,1.7909780740737915,2938400,0.0,0.0
2002-09-30 00:00:00-04:00,1.7909783364007394,1.8010777480765914,1.6369609438623374,1.721123456954956,2290400,0.0,0.0
2002-10-01 00:00:00-04:00,1.7211236260700389,1.7211236260700389,1.5999295503606845,1.6832504272460938,3411200,0.0,0.0
2002-10-02 00:00:00-04:00,1.670625700941835,1.6824083998822938,1.6243362284108847,1.6664174795150757,1560000,0.0,0.0
2002-10-03 00:00:00-04:00,1.6731508180779426,1.6731508180779426,1.6117122173309326,1.6117122173309326,1212000,0.0,0.0
2002-10-04 00:00:00-04:00,1.6234949704010784,1.6537933662505941,1.5570065073581087,1.6251780986785889,2060800,0.0,0.0
2002-10-07 00:00:00-04:00,1.6075042746742563,1.6159205593586063,1.5654230117797852,1.5654230117797852,1420800,0.0,0.0
2002-10-08 00:00:00-04:00,1.582255136922045,1.622653264058064,1.579730364338528,1.590671420097351,1255200,0.0,0.0
2002-10-09 00:00:00-04:00,1.5822555525052315,1.590671837891095,1.470319390296936,1.470319390296936,1482400,0.0,0.0
2002-10-10 00:00:00-04:00,1.4728441458354016,1.5763640101304301,1.4534868041595388,1.5410157442092896,2052800,0.0,0.0
2002-10-11 00:00:00-04:00,1.5494318125002493,1.5780470790423982,1.5485901681281566,1.562897801399231,1828000,0.0,0.0
2002-10-14 00:00:00-04:00,1.5544816207853989,1.586463466926392,1.5443822087083299,1.5772055387496948,673600,0.0,0.0
2002-10-15 00:00:00-04:00,1.6411686345185117,1.6706255395512106,1.6133950178939025,1.6487432718276978,1840800,0.0,0.0
2002-10-16 00:00:00-04:00,1.6420108348959217,1.6580017591347012,1.6125539198857297,1.6411691904067993,1138400,0.0,0.0
2002-10-17 00:00:00-04:00,1.6580019633871987,1.738797917969085,1.6394861034000474,1.664734959602356,1288800,0.0,0.0
2002-10-18 00:00:00-04:00,1.6647344395806358,1.7581547128178554,1.663051150920841,1.7127070426940918,1427200,0.0,0.0
2002-10-21 00:00:00-04:00,1.7135487873271813,1.7665710989964594,1.6916665150506893,1.7547883987426758,1616800,0.0,0.0
2002-10-22 00:00:00-04:00,1.5317578690426754,1.6664177674192637,1.5317578690426754,1.6133954524993896,7187200,0.0,0.0
2002-10-23 00:00:00-04:00,1.610870951580957,1.6866173654079586,1.610870951580957,1.6782010793685913,1184800,0.0,0.0
2002-10-24 00:00:00-04:00,1.6916669122580457,1.723648603539371,1.6916669122580457,1.7169156074523926,1300800,0.0,0.0
2002-10-25 00:00:00-04:00,1.7084988210446048,1.7674126399194845,1.7034491155924627,1.7127070426940918,2435200,0.0,0.0
2002-10-28 00:00:00-05:00,1.725331400553306,1.725331400553306,1.5586896745385983,1.5612144470214844,4722400,0.0,0.0
2002-10-29 00:00:00-05:00,1.562056449871155,1.562056449871155,1.4997761994056622,1.514925479888916,4871200,0.0,0.0
2002-10-30 00:00:00-05:00,1.5401741736761527,1.5612148053412764,1.5115589017694018,1.514925479888916,4926400,0.0,0.0
2002-10-31 00:00:00-05:00,1.5275498163588888,1.5275498163588888,1.4980929001232663,1.5065091848373413,1644000,0.0,0.0
2002-11-01 00:00:00-05:00,1.506509192327389,1.506509192327389,1.4459122310338774,1.4837852716445923,2742400,0.0,0.0
2002-11-04 00:00:00-05:00,1.504825851628562,1.5443823404657078,1.504825851628562,1.5216584205627441,1336800,0.0,0.0
2002-11-05 00:00:00-05:00,1.5224997942600262,1.5780470371246338,1.5073505170192705,1.5780470371246338,2224800,0.0,0.0
2002-11-06 00:00:00-05:00,1.5797306475849964,1.5974047009475807,1.557006727095435,1.5654230117797852,910400,0.0,0.0
2002-11-07 00:00:00-05:00,1.5527987353842043,1.5788890746134598,1.5359661652527123,1.554481863975525,834400,0.0,0.0
2002-11-08 00:00:00-05:00,1.5544815208407181,1.5544815208407181,1.4332876205444336,1.4332876205444336,2266400,0.0,0.0
2002-11-11 00:00:00-05:00,1.439179136777351,1.4711608240269503,1.4223465684182341,1.4644278287887573,1081600,0.0,0.0
2002-11-12 00:00:00-05:00,1.468635893455096,1.6007710111468612,1.4677942490747806,1.5485901832580566,2532000,0.0,0.0
2002-11-13 00:00:00-05:00,1.5485904071388656,1.6125539445448387,1.5166087186995163,1.5990879535675049,3766400,0.0,0.0
2002-11-14 00:00:00-05:00,1.6075042380601572,1.64369414900947,1.5780473225995113,1.5990879535675049,1755200,0.0,0.0
2002-11-15 00:00:00-05:00,1.607503948340409,1.7169151454439322,1.607503948340409,1.697557806968689,2507200,0.0,0.0
2002-11-18 00:00:00-05:00,1.7589966182783865,1.7632048405526022,1.6664178151000997,1.7034493684768677,4120000,0.0,0.0
2002-11-19 00:00:00-05:00,1.6032957882870418,1.6075040102005005,1.4812602422872767,1.6075040102005005,9400000,0.0,0.0
2002-11-20 00:00:00-05:00,1.6075040481890075,1.6453770831416383,1.5612145692105621,1.6201283931732178,2154400,0.0,0.0
2002-11-21 00:00:00-05:00,1.6327529069430826,1.6580017600488564,1.578047299338148,1.6361194849014282,2915200,0.0,0.0
2002-11-22 00:00:00-05:00,1.636119535390687,1.636119535390687,1.540174147471589,1.5570067167282104,3816800,0.0,0.0
2002-11-25 00:00:00-05:00,1.5738392849161265,1.5948799162089768,1.557006715670935,1.5620564222335815,1702400,0.0,0.0
2002-11-26 00:00:00-05:00,1.5628980678098447,1.5847803436325414,1.5199751606800098,1.5570067167282104,1782400,0.0,0.0
2002-11-27 00:00:00-05:00,1.5654229838536213,1.5881469039378022,1.5553234103071159,1.5713143348693848,1418400,0.0,0.0
2002-11-29 00:00:00-05:00,1.6117123367527921,1.6117123367527921,1.5654230117797852,1.5654230117797852,461600,0.0,0.0
2002-12-02 00:00:00-05:00,1.5990877032726571,1.6622095862965778,1.578047075598017,1.590671420097351,3728000,0.0,0.0
2002-12-03 00:00:00-05:00,1.5780470870952852,1.6268613372350091,1.5368074758157984,1.6041374206542969,1670400,0.0,0.0
2002-12-04 00:00:00-05:00,1.5948796299776018,1.620128318786756,1.5822551250457764,1.5822551250457764,1547200,0.0,0.0
2002-12-05 00:00:00-05:00,1.5864634197062386,1.660526361333593,1.5822551976933312,1.6201283931732178,2463200,0.0,0.0
2002-12-06 00:00:00-05:00,1.611712546162078,1.6243368945652412,1.5780475635778766,1.6176038980484009,1127200,0.0,0.0
2002-12-09 00:00:00-05:00,1.5654226984696025,1.5755221096476615,1.5107170997612507,1.5275495052337646,1407200,0.0,0.0
2002-12-10 00:00:00-05:00,1.5443821107158942,1.5654227384898785,1.5182917772237838,1.5250247716903687,2289600,0.0,0.0
2002-12-11 00:00:00-05:00,1.5317578902700104,1.545223880294283,1.4433871501425501,1.4484368562698364,2988800,0.0,0.0
2002-12-12 00:00:00-05:00,1.4484367898533967,1.5233415365219116,1.443387083957659,1.5233415365219116,1598400,0.0,0.0
2002-12-13 00:00:00-05:00,1.4896765247706438,1.4896765247706438,1.3297677040100098,1.3297677040100098,5163200,0.0,0.0
2002-12-16 00:00:00-05:00,1.3466002941131592,1.371007501497047,1.338184010169499,1.3466002941131592,3011200,0.0,0.0
2002-12-17 00:00:00-05:00,1.363433157747427,1.3667995757387537,1.224564924136445,1.2540217638015747,6561600,0.0,0.0
2002-12-18 00:00:00-05:00,1.1361940344591464,1.153026522620629,1.0671807928652501,1.1210447549819946,15253600,0.0,0.0
2002-12-19 00:00:00-05:00,0.8357338713797517,0.8837064833637036,0.7591459889970791,0.7843946814537048,38963200,0.0,0.0
2002-12-20 00:00:00-05:00,0.7995439772749587,0.8121683237580558,0.7684038530548337,0.7970191240310669,23508800,0.0,0.0
2002-12-23 00:00:00-05:00,0.794494059715017,0.8071184843832182,0.7785032181183112,0.7911275625228882,10243200,0.0,0.0
2002-12-24 00:00:00-05:00,0.7658790605979121,0.7742952655000824,0.750729779404904,0.7700871229171753,4208000,0.0,0.0
2002-12-26 00:00:00-05:00,0.7785032332669805,0.7911275779172109,0.7709285943713918,0.7742950916290283,2602400,0.0,0.0
2002-12-27 00:00:00-05:00,0.7742950503607444,0.7894443273444972,0.7641955591261164,0.7869194746017456,4116000,0.0,0.0
2002-12-30 00:00:00-05:00,0.7785031017449987,0.8197427062498451,0.7734533165798525,0.8189010620117188,2522400,0.0,0.0
2002-12-31 00:00:00-05:00,0.8189013707096898,0.8290009448471781,0.7785033952143067,0.8247928023338318,2881600,0.0,0.0
2003-01-02 00:00:00-05:00,0.8247927378401326,0.8374170841293833,0.8062769603874135,0.8180597424507141,2815200,0.0,0.0
2003-01-03 00:00:00-05:00,0.8205845730133354,0.8391003499551462,0.8130099333433386,0.8306840658187866,1894400,0.0,0.0
2003-01-06 00:00:00-05:00,0.8668739472111481,0.8668739472111481,0.8205845464849139,0.8315256834030151,2815200,0.0,0.0
2003-01-07 00:00:00-05:00,0.8584575923701262,0.8693987283836211,0.8416251062969129,0.850041389465332,3504000,0.0,0.0
2003-01-08 00:00:00-05:00,0.9047472699544848,0.9047472699544848,0.8391005137711441,0.8542497158050537,3288800,0.0,0.0
2003-01-09 00:00:00-05:00,0.8811816671386502,0.9156882898564088,0.8811816671386502,0.8921228051185608,10240800,0.0,0.0
2003-01-10 00:00:00-05:00,0.8921226961202057,0.8963307576829567,0.859299286190794,0.8736069202423096,2906400,0.0,0.0
2003-01-13 00:00:00-05:00,0.8921225603601949,0.9013804067585023,0.8752899956161926,0.8879144191741943,1628800,0.0,0.0
2003-01-14 00:00:00-05:00,0.8853895617587176,0.8853895617587176,0.8247925376948697,0.8332087397575378,5394400,0.0,0.0
2003-01-15 00:00:00-05:00,0.8323671762015967,0.8323671762015967,0.7347386061638022,0.8029102683067322,9749600,0.0,0.0
2003-01-16 00:00:00-05:00,0.8113266440172238,0.8222677802013383,0.7953357218005849,0.8037520051002502,2660000,0.0,0.0
2003-01-17 00:00:00-05:00,0.7953357218005849,0.8121682081362895,0.7801865242302637,0.8037520051002502,2741600,0.0,0.0
2003-01-21 00:00:00-05:00,0.7953357535397478,0.813851529379738,0.7700869828967848,0.8121682405471802,3869600,0.0,0.0
2003-01-22 00:00:00-05:00,0.8037519121427742,0.833208739757538,0.7860777834684692,0.8332087397575378,2268800,0.0,0.0
2003-01-23 00:00:00-05:00,0.8315257327710813,0.8332089414856898,0.7869196182748684,0.8205845952033997,2531200,0.0,0.0
2003-01-24 00:00:00-05:00,0.7995439389486273,0.8071185785808482,0.763354029711853,0.7919692993164062,5676000,0.0,0.0
2003-01-27 00:00:00-05:00,0.7843947227914517,0.7953358608889529,0.757462739944458,0.757462739944458,3596800,0.0,0.0
2003-01-28 00:00:00-05:00,0.7658788709894363,0.7785032153491074,0.749046304825043,0.7566209435462952,5787200,0.0,0.0
2003-01-29 00:00:00-05:00,0.7566210954145794,0.765037380186085,0.7423134594612041,0.757462739944458,3560800,0.0,0.0
2003-01-30 00:00:00-05:00,0.7658790147575067,0.7726120103817085,0.7153814673123555,0.7465215921401978,3940800,0.0,0.0
2003-01-31 00:00:00-05:00,0.7465215672918463,0.7515713539737322,0.7153814435005188,0.7153814435005188,2208000,0.0,0.0
2003-02-03 00:00:00-05:00,0.7237976505867815,0.7414717816904753,0.6901325969178452,0.6951823830604553,2149600,0.0,0.0
2003-02-04 00:00:00-05:00,0.6901325814686201,0.728005695767676,0.6867660842034512,0.7145397067070007,2489600,0.0,0.0
2003-02-05 00:00:00-05:00,0.7153813947330822,0.725480887144737,0.689290979138584,0.6943407654762268,3685600,0.0,0.0
2003-02-06 00:00:00-05:00,0.6943407766520977,0.7069651223039557,0.6581509081952603,0.6733001470565796,3609600,0.0,0.0
2003-02-07 00:00:00-05:00,0.6766665182576032,0.6892908615526815,0.6648837791206861,0.6665670275688171,2403200,0.0,0.0
2003-02-10 00:00:00-05:00,0.6581509604967262,0.6733002005619143,0.6438433248136944,0.6497346758842468,3335200,0.0,0.0
2003-02-11 00:00:00-05:00,0.6581507861131971,0.6724583778734724,0.6312187707791682,0.638793408870697,5256000,0.0,0.0
2003-02-12 00:00:00-05:00,0.6438432736492175,0.6859244927084376,0.6438432736492175,0.6733001470565796,2116000,0.0,0.0
2003-02-13 00:00:00-05:00,0.6766665182576032,0.6884492975263289,0.6497345029556985,0.6665670275688171,3216800,0.0,0.0
2003-02-14 00:00:00-05:00,0.6690919310334119,0.6943406998063681,0.6632005810830507,0.6926574110984802,1928800,0.0,0.0
2003-02-18 00:00:00-05:00,0.7574627821578752,0.862665946346469,0.7515714306476802,0.8584578037261963,14183200,0.0,0.0
2003-02-19 00:00:00-05:00,0.862665751066694,0.8862312320366517,0.8416251229918965,0.8752900958061218,4581600,0.0,0.0
2003-02-20 00:00:00-05:00,0.8752900781604568,0.8794982197433062,0.8559327392484237,0.8576159477233887,2695200,0.0,0.0
2003-02-21 00:00:00-05:00,0.8651907422973811,0.8963308671954471,0.8626658889985215,0.8921228051185608,4217600,0.0,0.0
2003-02-24 00:00:00-05:00,0.8811817406046524,0.9047472273072052,0.8449918258279975,0.8710822463035583,2048800,0.0,0.0
2003-02-25 00:00:00-05:00,0.8416252390313814,0.8752902164871816,0.8247927503034812,0.8677156567573547,2479200,0.0,0.0
2003-02-26 00:00:00-05:00,0.8626659141658372,0.8845481907640494,0.8542496292392504,0.8550912737846375,901600,0.0,0.0
2003-02-27 00:00:00-05:00,0.8416250596046435,0.907271791779992,0.8374169182538962,0.8635073304176331,3037600,0.0,0.0
2003-02-28 00:00:00-05:00,0.8668737288194605,0.890439205333483,0.858457447075504,0.8837062120437622,2528800,0.0,0.0
2003-03-03 00:00:00-05:00,0.887914581019756,0.9165298499840973,0.887914581019756,0.9072719216346741,1984000,0.0,0.0
2003-03-04 00:00:00-05:00,0.9089551488839736,0.9089551488839736,0.8710820344020634,0.8752900958061218,1655200,0.0,0.0
2003-03-05 00:00:00-05:00,0.8719234336549454,0.8879143529157405,0.8626655879474823,0.8837062120437622,3040800,0.0,0.0
2003-03-06 00:00:00-05:00,0.8837063288917131,0.9241042939716528,0.870240340531733,0.9089550971984863,1593600,0.0,0.0
2003-03-07 00:00:00-05:00,0.9097967800945846,0.9308374078646723,0.8963307109002833,0.9190546274185181,2727200,0.0,0.0
2003-03-10 00:00:00-05:00,0.9190547876761014,0.920737996454128,0.8921228051185608,0.8921228051185608,1478400,0.0,0.0
2003-03-11 00:00:00-05:00,0.9005389867349016,0.9173714754071766,0.8921227825305827,0.9022222757339478,871200,0.0,0.0
2003-03-12 00:00:00-05:00,0.9039055881986542,0.9400955031948115,0.8980142365531947,0.9257878661155701,2159200,0.0,0.0
2003-03-13 00:00:00-05:00,0.9426200694358317,0.9973257475553943,0.9350454309066906,0.9712353348731995,5355200,0.0,0.0
2003-03-14 00:00:00-05:00,1.0099501724889401,1.0385654402183073,1.0099501724889401,1.0183664560317993,7757600,0.0,0.0
2003-03-17 00:00:00-05:00,1.0099503163137653,1.0377239435913028,0.9998508227822644,1.0225746631622314,2560000,0.0,0.0
2003-03-18 00:00:00-05:00,1.0343572984468776,1.0520314296759794,1.0175248116247877,1.0183664560317993,1610400,0.0,0.0
2003-03-19 00:00:00-05:00,1.0225746367403796,1.0427737035451066,1.0099502902181083,1.0208914279937744,2491200,0.0,0.0
2003-03-20 00:00:00-05:00,0.946828177268979,0.9981672762082163,0.9257875511074461,0.9931175708770752,5579200,0.0,0.0
2003-03-21 00:00:00-05:00,0.9973258534633663,1.03519896986727,0.9973258534633663,1.0200496912002563,2633600,0.0,0.0
2003-03-24 00:00:00-05:00,1.0099501772035384,1.0124750301727312,0.9804932649296505,0.9905928373336792,1311200,0.0,0.0
2003-03-25 00:00:00-05:00,0.9889097565814349,1.009950389700189,0.9754437642276157,1.001534104347229,2338400,0.0,0.0
2003-03-26 00:00:00-05:00,0.9973256983542456,1.015841391330241,0.9897510601987847,1.009950041770935,3872000,0.0,0.0
2003-03-27 00:00:00-05:00,1.0015337593173967,1.0225743851876246,0.9889094159007072,1.009950041770935,1572800,0.0,0.0
2003-03-28 00:00:00-05:00,1.0099502528939936,1.0377238784274876,0.9847014805189168,1.0133167505264282,1539200,0.0,0.0
2003-03-31 00:00:00-05:00,1.009950041770935,1.0267825264143937,0.9830180663414012,1.009950041770935,2738400,0.0,0.0
2003-04-01 00:00:00-05:00,1.0107916593551636,1.0250992909898766,0.9973256719962843,1.0107916593551636,1600800,0.0,0.0
2003-04-02 00:00:00-05:00,1.024257752342997,1.0436150911017523,1.024257752342997,1.0250993967056274,2104800,0.0,0.0
2003-04-03 00:00:00-05:00,1.0259413003773659,1.0385657292044657,1.0082671642303467,1.0082671642303467,1254400,0.0,0.0
2003-04-04 00:00:00-05:00,1.0217327558947458,1.0840129852294922,1.008266688776443,1.0840129852294922,2118400,0.0,0.0
2003-04-07 00:00:00-04:00,1.0899044275283813,1.1244110418574957,1.084013077842031,1.0899044275283813,5702400,0.0,0.0
2003-04-08 00:00:00-04:00,1.089904508390506,1.116836566662577,1.0621308860033902,1.0772801637649536,2711200,0.0,0.0
2003-04-09 00:00:00-04:00,1.0688640437903338,1.0890630303823625,1.0478234126910608,1.0570813417434692,1153600,0.0,0.0
2003-04-10 00:00:00-04:00,1.0436150100225166,1.0604475749128943,1.0099500407689972,1.0377236604690552,852000,0.0,0.0
2003-04-11 00:00:00-04:00,1.0688640610938418,1.0840133414149293,1.0444569318341113,1.0452985763549805,1669600,0.0,0.0
2003-04-14 00:00:00-04:00,1.0621309391643563,1.0789634262621215,1.0444568076457954,1.073072075843811,874400,0.0,0.0
2003-04-15 00:00:00-04:00,1.064655808496133,1.0730720923059458,1.0537147519124597,1.0562396049499512,707200,0.0,0.0
2003-04-16 00:00:00-04:00,1.0579229968289166,1.0856966258437344,1.0579229968289166,1.0629727840423584,2460800,0.0,0.0
2003-04-17 00:00:00-04:00,1.0562395005031728,1.0680222003554154,1.0419318675994873,1.0419318675994873,1225600,0.0,0.0
2003-04-21 00:00:00-04:00,1.0436147741571424,1.0638138314077217,1.0410899220996699,1.060447335243225,614400,0.0,0.0
2003-04-22 00:00:00-04:00,1.0612895850096573,1.09495464867632,1.0377240966275494,1.0688642263412476,1528000,0.0,0.0
2003-04-23 00:00:00-04:00,1.0772802660151666,1.104212246579865,1.070547270873992,1.094112753868103,742400,0.0,0.0
2003-04-24 00:00:00-04:00,1.0856963582063877,1.0915877885470349,1.014158272119209,1.0436151027679443,2826400,0.0,0.0
2003-04-25 00:00:00-04:00,1.0562396271801795,1.0579228358193893,1.01331672332129,1.0166832208633423,979200,0.0,0.0
2003-04-28 00:00:00-04:00,1.0250994881708286,1.0528731125067605,1.0250994881708286,1.0335156917572021,1275200,0.0,0.0
2003-04-29 00:00:00-04:00,1.0478232148513766,1.0772801249340496,1.0478232148513766,1.0671806335449219,1404000,0.0,0.0
2003-04-30 00:00:00-04:00,1.0242578494747063,1.0318324889294448,0.9973258694255305,1.005742073059082,4572800,0.0,0.0
2003-05-01 00:00:00-04:00,1.0057423403205663,1.008267194055212,0.9325209399066173,0.9594529271125793,6383200,0.0,0.0
2003-05-02 00:00:00-04:00,0.9931176774824274,1.0006923165558512,0.9468282789054361,0.9476699233055115,3861600,0.0,0.0
2003-05-05 00:00:00-04:00,0.9510365303452936,1.009108636167512,0.9510365303452936,1.0074254274368286,5194400,0.0,0.0
2003-05-06 00:00:00-04:00,1.009108614986536,1.0436152360094437,0.9880679845809938,0.9880679845809937,2504800,0.0,0.0
2003-05-07 00:00:00-04:00,1.0183664533182708,1.11851980984056,1.0141583115580544,1.117678165435791,7851200,0.0,0.0
2003-05-08 00:00:00-04:00,1.1092619784205553,1.1134700399787574,1.0814883547655498,1.0983208417892456,3544800,0.0,0.0
2003-05-09 00:00:00-04:00,1.096637393725375,1.122727805021547,1.0949541853992188,1.11851966381073,2789600,0.0,0.0
2003-05-12 00:00:00-04:00,1.110945177446123,1.1681757130986068,1.094112690567048,1.1538680791854858,2990400,0.0,0.0
2003-05-13 00:00:00-04:00,1.0941126345747567,1.1269360425069042,1.0873796401676943,1.096637487411499,5832000,0.0,0.0
2003-05-14 00:00:00-04:00,1.1109450644523875,1.150501464792671,1.1109450644523875,1.1235694885253906,3248000,0.0,0.0
2003-05-15 00:00:00-04:00,1.1319857759984029,1.137035562059608,1.0907461641757956,1.093271017074585,2109600,0.0,0.0
2003-05-16 00:00:00-04:00,1.081488408044309,1.102529037926388,1.0772802660151666,1.094112753868103,3456800,0.0,0.0
2003-05-19 00:00:00-04:00,1.0856962748042795,1.0899044160775837,1.0394069615887909,1.0461399555206299,1703200,0.0,0.0
2003-05-20 00:00:00-04:00,1.0503481962838639,1.068863972896967,0.9897512405269251,1.0166832208633423,5705600,0.0,0.0
2003-05-21 00:00:00-04:00,1.0175246266156752,1.0503479498848172,1.007425136358738,1.0394068956375122,3861600,0.0,0.0
2003-05-22 00:00:00-04:00,1.0520315744840685,1.0520315744840685,0.9552447017369899,0.9720771908760071,12603200,0.0,0.0
2003-05-23 00:00:00-04:00,0.9762850798394848,1.0015337668630908,0.9720769385810109,0.9889094233512878,3620000,0.0,0.0
2003-05-27 00:00:00-04:00,0.9914344494965079,1.0250995051918803,0.9889095964050356,1.0141583681106567,6578400,0.0,0.0
2003-05-28 00:00:00-04:00,1.0604478016891785,1.068022361193323,1.0293075981408322,1.049506664276123,5043200,0.0,0.0
2003-05-29 00:00:00-04:00,1.0646558635480472,1.0730721477930545,1.0436152331991637,1.049506664276123,3565600,0.0,0.0
2003-05-30 00:00:00-04:00,1.0604481604796208,1.1042126446754181,1.0545567274093628,1.0545567274093628,5804800,0.0,0.0
2003-06-02 00:00:00-04:00,1.0562397611304601,1.097479381316436,1.0562397611304601,1.063814401626587,6280000,0.0,0.0
2003-06-03 00:00:00-04:00,1.0772800854910967,1.0772800854910967,1.0486648208044607,1.0621308088302612,3224800,0.0,0.0
2003-06-04 00:00:00-04:00,1.0688635355226668,1.0772798160657082,1.0520310547001839,1.060447335243225,2476000,0.0,0.0
2003-06-05 00:00:00-04:00,1.0604478586260913,1.0856965521894806,1.0553980717552298,1.0814884901046753,2214400,0.0,0.0
2003-06-06 00:00:00-04:00,1.0814886345881183,1.1109454744352925,1.0755972024077634,1.0856966972351074,2603200,0.0,0.0
2003-06-09 00:00:00-04:00,1.0856964211012277,1.0932710603611293,1.0612892947435606,1.073072075843811,1652800,0.0,0.0
2003-06-10 00:00:00-04:00,1.0722304314230153,1.084013212523266,1.066339081004705,1.073072075843811,1913600,0.0,0.0
2003-06-11 00:00:00-04:00,1.0772802176841598,1.0814883595245086,1.0688639340034625,1.073072075843811,985600,0.0,0.0
2003-06-12 00:00:00-04:00,1.0814883869054621,1.0966375855451809,1.0688639610647928,1.069705605506897,2263200,0.0,0.0
2003-06-13 00:00:00-04:00,1.0646557921631137,1.0899045629415762,1.0612892947435606,1.073072075843811,856800,0.0,0.0
2003-06-16 00:00:00-04:00,1.0739135473905517,1.1151531542074067,1.0739135473905517,1.1101033687591553,3298400,0.0,0.0
2003-06-17 00:00:00-04:00,1.1193614459045864,1.1967909647665573,1.1168365929727213,1.1681756973266602,7159200,0.0,0.0
2003-06-18 00:00:00-04:00,1.1673338413238525,1.1791166199760545,1.1488180692314247,1.1673338413238525,1871200,0.0,0.0
2003-06-19 00:00:00-04:00,1.16733408484509,1.1799585103768444,1.1286193243555762,1.1395604610443115,2144800,0.0,0.0
2003-06-20 00:00:00-04:00,1.1387187896370334,1.155551276350174,1.1311441505502131,1.1429269313812256,643200,0.0,0.0
2003-06-23 00:00:00-04:00,1.1446104328626892,1.1446104328626892,1.1025291681289673,1.1025291681289673,2215200,0.0,0.0
2003-06-24 00:00:00-04:00,1.1025287453286665,1.1336688596582996,1.1025287453286665,1.1260942220687866,2541600,0.0,0.0
2003-06-25 00:00:00-04:00,1.1345108291343053,1.1345108291343053,1.1109453439712524,1.1109453439712524,876000,0.0,0.0
2003-06-26 00:00:00-04:00,1.102528999226755,1.1042122078211503,1.0722304418913393,1.0890629291534424,3217600,0.0,0.0
2003-06-27 00:00:00-04:00,1.0890629352282328,1.0957960104342614,1.0545563160825362,1.0562396049499512,4385600,0.0,0.0
2003-06-30 00:00:00-04:00,1.0562394574498066,1.09158771609295,1.054556168817457,1.0873795747756958,7811200,0.0,0.0
2003-07-01 00:00:00-04:00,1.0983206698192636,1.111786657329778,1.0730719031052405,1.1101033687591553,2725600,0.0,0.0
2003-07-02 00:00:00-04:00,1.1109449987341369,1.1648090283459773,1.1058952936145487,1.144610047340393,3976000,0.0,0.0
2003-07-03 00:00:00-04:00,1.1361940075767631,1.1361940075767631,1.115153377806823,1.1193615198135376,698400,0.0,0.0
2003-07-07 00:00:00-04:00,1.1277777018093105,1.1614427569500194,1.1277777018093105,1.1589179039001465,2100800,0.0,0.0
2003-07-08 00:00:00-04:00,1.1673344468236841,1.241397493346504,1.155551662059717,1.2279314994812012,7599200,0.0,0.0
2003-07-09 00:00:00-04:00,1.2312976608346078,1.249813437461853,1.2110986755668671,1.249813437461853,2591200,0.0,0.0
2003-07-10 00:00:00-04:00,1.2371894579238636,1.2422392461948812,1.2035244703292847,1.2035244703292847,2032800,0.0,0.0
2003-07-11 00:00:00-04:00,1.200999090672705,1.211940146654519,1.1723838236098034,1.1824833154678345,3182400,0.0,0.0
2003-07-14 00:00:00-04:00,1.2035239660937005,1.233822442234791,1.2035239660937005,1.2119401693344116,2216800,0.0,0.0
2003-07-15 00:00:00-04:00,1.2203565245946328,1.2228813776889425,1.1740671231262478,1.1883747577667236,1241600,0.0,0.0
2003-07-16 00:00:00-04:00,1.1883747812269543,1.1900580701654797,1.1454518764581665,1.1462935209274292,1678400,0.0,0.0
2003-07-17 00:00:00-04:00,1.1151528932430126,1.1361935138702393,1.0924289844390807,1.1361935138702393,6809600,0.0,0.0
2003-07-18 00:00:00-04:00,1.1361939368836529,1.1715421991189012,1.1185198057660288,1.14040207862854,1889600,0.0,0.0
2003-07-21 00:00:00-04:00,1.140402260622799,1.140402260622799,1.1109453439712524,1.1109453439712524,1136800,0.0,0.0
2003-07-22 00:00:00-04:00,1.1151531781995339,1.1547095775604248,1.1151531781995339,1.1547095775604248,780800,0.0,0.0
2003-07-23 00:00:00-04:00,1.1462936506350552,1.1462936506350552,1.115995168685913,1.115995168685913,1536800,0.0,0.0
2003-07-24 00:00:00-04:00,1.1244114998010748,1.1505019223847281,1.1244114998010748,1.131986141204834,3165600,0.0,0.0
2003-07-25 00:00:00-04:00,1.1361935138702393,1.1530259943193009,1.1168361814197176,1.1361935138702393,4858400,0.0,0.0
2003-07-28 00:00:00-04:00,1.1319857246397187,1.190899464608162,1.1319857246397187,1.186691403388977,1265600,0.0,0.0
2003-07-29 00:00:00-04:00,1.193424317629698,1.228772575293174,1.1673339063967065,1.1993156671524048,1875200,0.0,0.0
2003-07-30 00:00:00-04:00,1.1908998489379883,1.2009994238615338,1.1740673578381604,1.1908998489379883,1607200,0.0,0.0
2003-07-31 00:00:00-04:00,1.1908993587456196,1.1908993587456196,1.136193765122925,1.144610047340393,1833600,0.0,0.0
2003-08-01 00:00:00-04:00,1.1454518384635832,1.147135127346274,1.1202031473322733,1.138718843460083,1719200,0.0,0.0
2003-08-04 00:00:00-04:00,1.1361940383911133,1.1572346687316895,1.1050539151186969,1.1572346687316895,1385600,0.0,0.0
2003-08-05 00:00:00-04:00,1.153026344929526,1.153026344929526,1.1210445822195514,1.1277775764465332,1742400,0.0,0.0
2003-08-06 00:00:00-04:00,1.1151535154436267,1.1151535154436267,1.0781220377939544,1.1025291681289673,3007200,0.0,0.0
2003-08-07 00:00:00-04:00,1.1025292594282428,1.120203395290528,1.0865383325575968,1.105895757675171,1733600,0.0,0.0
2003-08-08 00:00:00-04:00,1.109261736516064,1.1176779380607171,1.0705469846725464,1.0705469846725464,3044800,0.0,0.0
2003-08-11 00:00:00-04:00,1.0713888684519404,1.0899046457989137,1.0537148158533824,1.0654975175857544,1729600,0.0,0.0
2003-08-12 00:00:00-04:00,1.0654974365839094,1.0873797099428189,1.0654974365839094,1.073072075843811,1381600,0.0,0.0
2003-08-13 00:00:00-04:00,1.0814884901046753,1.0848549879307032,1.0772803477562305,1.0814884901046753,1910400,0.0,0.0
2003-08-14 00:00:00-04:00,1.0899047405506652,1.1134702263277294,1.0747555398258024,1.1025291681289673,3041600,0.0,0.0
2003-08-15 00:00:00-04:00,1.103370703674361,1.1109453439712524,1.0983209969855272,1.1109453439712524,880000,0.0,0.0
2003-08-18 00:00:00-04:00,1.1109452417210395,1.1294610184910863,1.081488408044309,1.094112753868103,5063200,0.0,0.0
2003-08-19 00:00:00-04:00,1.136194102163562,1.2127819880598123,1.136194102163562,1.205207347869873,9913600,0.0,0.0
2003-08-20 00:00:00-04:00,1.1908996621667145,1.2599129852479785,1.1782753158876582,1.243080496788025,5542400,0.0,0.0
2003-08-21 00:00:00-04:00,1.2371887859695536,1.3322924246001793,1.2296141478088711,1.3163015842437744,7432800,0.0,0.0
2003-08-22 00:00:00-04:00,1.3508083241158884,1.3794235925363314,1.34660026250646,1.3701658248901367,4632000,0.0,0.0
2003-08-25 00:00:00-04:00,1.3802652471442591,1.40214752083466,1.3802652471442591,1.3886815309524536,3606400,0.0,0.0
2003-08-26 00:00:00-04:00,1.3634327958205787,1.3802652023636035,1.3289260975374046,1.342392086982727,4282400,0.0,0.0
2003-08-27 00:00:00-04:00,1.333976146546611,1.390365048657013,1.333976146546611,1.380265474319458,1772800,0.0,0.0
2003-08-28 00:00:00-04:00,1.3886815309524536,1.407197226908672,1.3726906077696102,1.3886815309524536,2484000,0.0,0.0
2003-08-29 00:00:00-04:00,1.3937312091576692,1.4299211164401755,1.3937312091576692,1.3996225595474243,1029600,0.0,0.0
2003-09-02 00:00:00-04:00,1.4097222118861563,1.4627445289251004,1.4097222118861563,1.4560115337371826,2410400,0.0,0.0
2003-09-03 00:00:00-04:00,1.4644279503512299,1.5031427965800188,1.4644279503512299,1.4955681562423706,3322400,0.0,0.0
2003-09-04 00:00:00-04:00,1.4812602040129403,1.535965803256347,1.4728439209307438,1.5132418870925903,3259200,0.0,0.0
2003-09-05 00:00:00-04:00,1.5048259060576534,1.5233417646604217,1.496409781813428,1.514925479888916,3857600,0.0,0.0
2003-09-08 00:00:00-04:00,1.5149253503951228,1.5233416344472155,1.4518034607953259,1.5014593601226807,3529600,0.0,0.0
2003-09-09 00:00:00-04:00,1.5014590552799296,1.5216580365875731,1.4829433625463984,1.4896763563156128,2056800,0.0,0.0
2003-09-10 00:00:00-04:00,1.4770520431797978,1.4795769763668585,1.4400206529331014,1.450961709022522,4885600,0.0,0.0
2003-09-11 00:00:00-04:00,1.4518035450106779,1.4703192425775164,1.4139303448429672,1.429921269416809,2279200,0.0,0.0
2003-09-12 00:00:00-04:00,1.4299211937475238,1.4299211937475238,1.3213515462939183,1.4147719144821167,8944000,0.0,0.0
2003-09-15 00:00:00-04:00,1.414771750570966,1.4635860000333256,1.414771750570966,1.447595238685608,4904000,0.0,0.0
2003-09-16 00:00:00-04:00,1.4551698133907154,1.4551698133907154,1.413930043971425,1.4181382656097412,2780000,0.0,0.0
2003-09-17 00:00:00-04:00,1.4307627632765045,1.4728440210199312,1.4223464796223673,1.453486680984497,1543200,0.0,0.0
2003-09-18 00:00:00-04:00,1.4433873891830444,1.4669529558918648,1.4366543930558513,1.4433873891830444,1971200,0.0,0.0
2003-09-19 00:00:00-04:00,1.4408626159649032,1.4602199597646717,1.440020971383093,1.4433873891830444,2948000,0.0,0.0
2003-09-22 00:00:00-04:00,1.4349708188147519,1.4349708188147519,1.405514066939844,1.4122470617294312,1579200,0.0,0.0
2003-09-23 00:00:00-04:00,1.4122473422925106,1.4475956120920963,1.4013061232562658,1.4433873891830444,2878400,0.0,0.0
2003-09-24 00:00:00-04:00,1.436654308448316,1.44759552684021,1.3760573468722594,1.3785821199417114,1897600,0.0,0.0
2003-09-25 00:00:00-04:00,1.3785819804663504,1.4156135335020963,1.3466002941131592,1.3466002941131592,2580000,0.0,0.0
2003-09-26 00:00:00-04:00,1.3550165079296606,1.3802651979266627,1.3381839409134884,1.3676408529281616,2954400,0.0,0.0
2003-09-29 00:00:00-04:00,1.3676408792778147,1.3735322296888037,1.3171433377836435,1.3718489408493042,1711200,0.0,0.0
2003-09-30 00:00:00-04:00,1.380265134945306,1.3844733567709562,1.3255595354298415,1.338183879852295,1328800,0.0,0.0
2003-10-01 00:00:00-04:00,1.3381839409134884,1.4013058264332496,1.3381839409134884,1.3676408529281616,2031200,0.0,0.0
2003-10-02 00:00:00-04:00,1.363432670554499,1.3970976410748186,1.363432670554499,1.3954143524169922,1287200,0.0,0.0
2003-10-03 00:00:00-04:00,1.4038307666778564,1.4299211012091204,1.3886814883928462,1.4038307666778564,1417600,0.0,0.0
2003-10-06 00:00:00-04:00,1.4122470039035075,1.4518033266067505,1.3869981540809522,1.4518033266067505,862400,0.0,0.0
2003-10-07 00:00:00-04:00,1.4307626986849136,1.459377965500792,1.4189799984174054,1.4518033266067505,1112000,0.0,0.0
2003-10-08 00:00:00-04:00,1.4518032216296686,1.4711605593915267,1.4358123006177146,1.4374955892562866,1096000,0.0,0.0
2003-10-09 00:00:00-04:00,1.4475953144768419,1.4863099941169173,1.4475953144768419,1.4728440046310425,1604800,0.0,0.0
2003-10-10 00:00:00-04:00,1.4770516402246427,1.480418216888953,1.4391786159144173,1.4661105871200562,1479200,0.0,0.0
2003-10-13 00:00:00-04:00,1.46442759565793,1.5696307298363337,1.456011312818209,1.5511150360107422,4789600,0.0,0.0
2003-10-14 00:00:00-04:00,1.544382309626901,1.5864635705947876,1.5334410918799783,1.5864635705947876,2483200,0.0,0.0
2003-10-15 00:00:00-04:00,1.5990876494740829,1.603295710656538,1.5847800167155934,1.592354655265808,3519200,0.0,0.0
2003-10-16 00:00:00-04:00,1.5906717030958568,1.5906717030958568,1.5570067249325017,1.5755224227905273,2020000,0.0,0.0
2003-10-17 00:00:00-04:00,1.557006790213389,1.5780474225135699,1.531758095664086,1.535966157913208,1344000,0.0,0.0
2003-10-20 00:00:00-04:00,1.5317577148454797,1.552798341914636,1.5048255773540737,1.51913321018219,2658400,0.0,0.0
2003-10-21 00:00:00-04:00,1.5191332760574432,1.5283912037380487,1.5090338645215575,1.5157668590545654,3004000,0.0,0.0
2003-10-22 00:00:00-04:00,1.5140838889599961,1.5149255335196703,1.464427983630224,1.4770523309707642,3074400,0.0,0.0
2003-10-23 00:00:00-04:00,1.4475953080168131,1.482101925986285,1.4273961633508845,1.4316043853759766,3544000,0.0,0.0
2003-10-24 00:00:00-04:00,1.4181384379951836,1.4181384379951836,1.320509851236518,1.3524916172027588,5844000,0.0,0.0
2003-10-27 00:00:00-05:00,1.3600662206383283,1.4105637614126103,1.3600662206383283,1.4038307666778564,1797600,0.0,0.0
2003-10-28 00:00:00-05:00,1.4206630221288077,1.4947261168599326,1.418138249701382,1.4602195024490356,2028000,0.0,0.0
2003-10-29 00:00:00-05:00,1.4518035176922293,1.4518035176922293,1.4147719627280955,1.4307628870010376,999200,0.0,0.0
2003-10-30 00:00:00-05:00,1.4518035176922293,1.4728441483834211,1.4307628870010376,1.4307628870010376,1977600,0.0,0.0
2003-10-31 00:00:00-05:00,1.4316044554903544,1.4518034406182938,1.4055141197660075,1.4156135320663452,2096800,0.0,0.0
2003-11-03 00:00:00-05:00,1.3516500619560807,1.4475954464490113,1.2961028101309864,1.3146185874938965,8729600,0.0,0.0
2003-11-04 00:00:00-05:00,1.3432339056296514,1.3558583325699691,1.334817621002773,1.3356592655181885,5112800,0.0,0.0
2003-11-05 00:00:00-05:00,1.3466004081954313,1.418138586986269,1.3440755549038836,1.4055142402648926,4628800,0.0,0.0
2003-11-06 00:00:00-05:00,1.4055141838391403,1.4812604216537704,1.3802653308827493,1.422346591949463,6298400,0.0,0.0
2003-11-07 00:00:00-05:00,1.4265549238175592,1.4467539114159722,1.4139304161071777,1.4139304161071777,1880000,0.0,0.0
2003-11-10 00:00:00-05:00,1.414771663458282,1.414771663458282,1.3886813318677869,1.4013056755065918,2553600,0.0,0.0
2003-11-11 00:00:00-05:00,1.39036490417076,1.422346591949463,1.39036490417076,1.422346591949463,3220000,0.0,0.0
2003-11-12 00:00:00-05:00,1.4206631907860883,1.4560114537116569,1.4206631907860883,1.453486680984497,2810400,0.0,0.0
2003-11-13 00:00:00-05:00,1.4450705694658132,1.4450705694658132,1.4029893067097061,1.4055142402648926,2245600,0.0,0.0
2003-11-14 00:00:00-05:00,1.4055142273655354,1.4088806448809434,1.3466003958367663,1.360908031463623,1969600,0.0,0.0
2003-11-17 00:00:00-05:00,1.360907928659202,1.3676409237086773,1.327242953411826,1.3466002941131592,2148800,0.0,0.0
2003-11-18 00:00:00-05:00,1.3466005066371327,1.382790420937372,1.2658044730283589,1.2750623226165771,5380000,0.0,0.0
2003-11-19 00:00:00-05:00,1.2961024971057031,1.3247177605928033,1.275061871631496,1.2969441413879395,2281600,0.0,0.0
2003-11-20 00:00:00-05:00,1.3171432750173213,1.401305786654559,1.3171432750173213,1.3651158809661865,6318400,0.0,0.0
2003-11-21 00:00:00-05:00,1.3819486626485724,1.395414653764758,1.3550166804162014,1.360908031463623,1628800,0.0,0.0
2003-11-24 00:00:00-05:00,1.376057265464879,1.401305957829373,1.363432919282632,1.386156678199768,1812000,0.0,0.0
2003-11-25 00:00:00-05:00,1.3937313529332311,1.3987812199544665,1.3550166689340768,1.3575414419174194,2044800,0.0,0.0
2003-11-26 00:00:00-05:00,1.361749464220404,1.392889503636536,1.3558581140890953,1.3600661754608154,1508000,0.0,0.0
2003-11-28 00:00:00-05:00,1.3634328994368858,1.3710075391414338,1.3558582597323379,1.3592246770858765,765600,0.0,0.0
2003-12-01 00:00:00-05:00,1.3760572351199947,1.3760572351199947,1.3289261885692472,1.3457586765289307,3568000,0.0,0.0
2003-12-02 00:00:00-05:00,1.3381838586906494,1.3381838586906494,1.2716954799056648,1.2834782600402832,4720800,0.0,0.0
2003-12-03 00:00:00-05:00,1.2961026703270357,1.308727095456957,1.2843199698554617,1.2876864671707153,3321600,0.0,0.0
2003-12-04 00:00:00-05:00,1.287686487142563,1.287686487142563,1.1892163388146029,1.250654935836792,4660800,0.0,0.0
2003-12-05 00:00:00-05:00,1.2422388411134693,1.2498134809181523,1.2262479170227754,1.2371890544891357,2948000,0.0,0.0
2003-12-08 00:00:00-05:00,1.2287729695328509,1.2413973169215107,1.2203566844313156,1.2346643209457397,1979200,0.0,0.0
2003-12-09 00:00:00-05:00,1.2371894579238636,1.2506554529616951,1.202682825573505,1.2035244703292847,1828000,0.0,0.0
2003-12-10 00:00:00-05:00,1.2043656486561996,1.2254062778200745,1.2018407153667205,1.2169899940490723,2492000,0.0,0.0
2003-12-11 00:00:00-05:00,1.2203564406020166,1.291894608880689,1.2203564406020166,1.2876864671707153,3736800,0.0,0.0
2003-12-12 00:00:00-05:00,1.2792701724100708,1.2961026588371192,1.2624376859830226,1.2742204666137695,1320800,0.0,0.0
2003-12-15 00:00:00-05:00,1.2952610905409168,1.2986275878154816,1.2119401425340923,1.2127817869186401,2688800,0.0,0.0
2003-12-16 00:00:00-05:00,1.2203562913621935,1.2573877573013306,1.212781653263284,1.2573877573013306,2509600,0.0,0.0
2003-12-17 00:00:00-05:00,1.2498134809181523,1.250655045135845,1.2245647083237545,1.2371890544891357,2261600,0.0,0.0
2003-12-18 00:00:00-05:00,1.2456054846920768,1.2910532485805342,1.2413973420561066,1.2750623226165771,2147200,0.0,0.0
2003-12-19 00:00:00-05:00,1.279270339455857,1.3120937524723684,1.2767454862280139,1.295261263847351,2088000,0.0,0.0
2003-12-22 00:00:00-05:00,1.2792702810567715,1.2876865651168927,1.2632794376589014,1.2658042907714844,1568800,0.0,0.0
2003-12-23 00:00:00-05:00,1.2700123059500188,1.3238762617111206,1.2700123059500188,1.3238762617111206,1188000,0.0,0.0
2003-12-24 00:00:00-05:00,1.315460246565312,1.315460246565312,1.2582297051346334,1.2615962028503418,893600,0.0,0.0
2003-12-26 00:00:00-05:00,1.275062084956484,1.2792702268080942,1.262437739665283,1.2674875259399414,596000,0.0,0.0
2003-12-29 00:00:00-05:00,1.2759034248441836,1.2961024045944214,1.2548628008717833,1.2961024045944214,1125600,0.0,0.0
2003-12-30 00:00:00-05:00,1.2927362752393898,1.3129353409918498,1.2910530665804711,1.3070439100265503,1088800,0.0,0.0
2003-12-31 00:00:00-05:00,1.3154599142790542,1.3163015585612903,1.2885279393564264,1.2969441413879395,1160800,0.0,0.0
2004-01-02 00:00:00-05:00,1.3297678644330093,1.3297678644330093,1.2666459728959705,1.2733789682388306,1301600,0.0,0.0
2004-01-05 00:00:00-05:00,1.2826368733854174,1.3516501188278198,1.2759038777453606,1.3516501188278198,3140800,0.0,0.0
2004-01-06 00:00:00-05:00,1.4282380196387852,1.551115392037294,1.4282380196387852,1.514925479888916,10285600,0.0,0.0
2004-01-07 00:00:00-05:00,1.4980928681391783,1.5174503707264537,1.430762912918624,1.4349709749221802,3737600,0.0,0.0
2004-01-08 00:00:00-05:00,1.5107171345474892,1.5906714235692874,1.4821018680053404,1.562897801399231,5824800,0.0,0.0
2004-01-09 00:00:00-05:00,1.5275497880258304,1.561214765730431,1.5098757349286436,1.512400507926941,3762400,0.0,0.0
2004-01-12 00:00:00-05:00,1.5132421793897446,1.5233417531446591,1.4922015478836783,1.5115588903427124,3532000,0.0,0.0
2004-01-13 00:00:00-05:00,1.5115587065872156,1.5115587065872156,1.46695267595443,1.499776005744934,1687200,0.0,0.0
2004-01-14 00:00:00-05:00,1.5031425063076087,1.5031425063076087,1.4736855951859988,1.4795769453048706,1610400,0.0,0.0
2004-01-15 00:00:00-05:00,1.4879933923860673,1.4879933923860673,1.4433871986034956,1.4644278287887573,2018400,0.0,0.0
2004-01-16 00:00:00-05:00,1.4896765717520144,1.4896765717520144,1.4619029483714907,1.4728440046310425,2268000,0.0,0.0
2004-01-20 00:00:00-05:00,1.466111117730123,1.505667444688598,1.4576948335505644,1.4644278287887573,2199200,0.0,0.0
2004-01-21 00:00:00-05:00,1.4711608232345872,1.4795771074096127,1.4459121312367798,1.4694775342941284,2417600,0.0,0.0
2004-01-22 00:00:00-05:00,1.47452735240322,1.4812603474153565,1.4316044490031274,1.4484368562698364,2157600,0.0,0.0
2004-01-23 00:00:00-05:00,1.4526451895174355,1.4526451895174355,1.4139303448429672,1.429921269416809,1616800,0.0,0.0
2004-01-26 00:00:00-05:00,1.4349707749980454,1.4501200529438494,1.40046415768916,1.4425454139709473,2102400,0.0,0.0
2004-01-27 00:00:00-05:00,1.4518035439909565,1.464427890528901,1.4282379794001245,1.4349709749221802,1401600,0.0,0.0
2004-01-28 00:00:00-05:00,1.4324461053602733,1.4332877498096988,1.3726906336691773,1.3928896188735962,1510400,0.0,0.0
2004-01-29 00:00:00-05:00,1.3886815309524536,1.4257130833921523,1.3407089219311854,1.3886815309524536,2201600,0.0,0.0
2004-01-30 00:00:00-05:00,1.3802651404791488,1.4122469843733199,1.3718488573213539,1.3970977067947388,1152000,0.0,0.0
2004-02-02 00:00:00-05:00,1.431604270839515,1.4349706876629997,1.3743737400950826,1.3760570287704468,2384000,0.0,0.0
2004-02-03 00:00:00-05:00,1.3802650899250475,1.4013057167852685,1.3676407459143636,1.3710073232650757,1553600,0.0,0.0
2004-02-04 00:00:00-05:00,1.3676409445349553,1.381948579298873,1.3524916653111285,1.3735322952270508,2297600,0.0,0.0
2004-02-05 00:00:00-05:00,1.3760571855037929,1.4139302218497753,1.3760571855037929,1.3886815309524536,1414400,0.0,0.0
2004-02-06 00:00:00-05:00,1.4055136519073688,1.4661105871200562,1.4029887194091362,1.4661105871200562,2170400,0.0,0.0
2004-02-09 00:00:00-05:00,1.4602199031482475,1.4602199031482475,1.4097223538885733,1.4139304161071777,2311200,0.0,0.0
2004-02-10 00:00:00-05:00,1.422346389326095,1.450120011252485,1.4164550393003834,1.447595238685608,1301600,0.0,0.0
2004-02-11 00:00:00-05:00,1.4518033759934563,1.491359700042306,1.4433870924329704,1.4728440046310425,1499200,0.0,0.0
2004-02-12 00:00:00-05:00,1.473685649039817,1.4812602881915284,1.4677942987056538,1.4728440046310425,1062400,0.0,0.0
2004-02-13 00:00:00-05:00,1.481260509755283,1.481260509755283,1.4408625352550168,1.44591224193573,1412800,0.0,0.0
2004-02-17 00:00:00-05:00,1.4492785817122171,1.5410157442092896,1.4492785817122171,1.5410157442092896,2278400,0.0,0.0
2004-02-18 00:00:00-05:00,1.5494317645304936,1.565422686050681,1.4854682389769889,1.51913321018219,2777600,0.0,0.0
2004-02-19 00:00:00-05:00,1.5527985581420847,1.5544816865412867,1.5157670043960911,1.5199750661849976,2091200,0.0,0.0
2004-02-20 00:00:00-05:00,1.514925479888916,1.5199751865409075,1.4879934970419224,1.514925479888916,1675200,0.0,0.0
2004-02-23 00:00:00-05:00,1.5149251909142518,1.5149251909142518,1.4896765019432476,1.498934268951416,2349600,0.0,0.0
2004-02-24 00:00:00-05:00,1.531758111446206,1.5864637238848662,1.5065092561094722,1.5679478645324707,5475200,0.0,0.0
2004-02-25 00:00:00-05:00,1.5679474533865434,1.5965627189483311,1.5536398206056496,1.569630742073059,1902400,0.0,0.0
2004-02-26 00:00:00-05:00,1.514925390464619,1.561214713184574,1.5023010443162013,1.5553233623504639,2088000,0.0,0.0
2004-02-27 00:00:00-05:00,1.563739392197499,1.5763637362918772,1.549431759416605,1.569630742073059,1702400,0.0,0.0
2004-03-01 00:00:00-05:00,1.5696310623411898,1.576364057933811,1.5485904310483394,1.5620564222335815,974400,0.0,0.0
2004-03-02 00:00:00-05:00,1.563739409764177,1.577205398353087,1.5166084497029928,1.5275495052337646,2381600,0.0,0.0
2004-03-03 00:00:00-05:00,1.5359659313163687,1.5595314938058311,1.5039842455702694,1.5393325090408325,1089600,0.0,0.0
2004-03-04 00:00:00-05:00,1.5401739040389992,1.5401739040389992,1.5073505757564927,1.5157668590545654,1819200,0.0,0.0
2004-03-05 00:00:00-05:00,1.502300908007872,1.532599303909555,1.487993274197235,1.5233415365219116,823200,0.0,0.0
2004-03-08 00:00:00-05:00,1.519133400278547,1.5267080398134734,1.49220141994426,1.498092770576477,893600,0.0,0.0
2004-03-09 00:00:00-05:00,1.514925124461763,1.514925124461763,1.4829434424662236,1.4922012090682983,1060800,0.0,0.0
2004-03-10 00:00:00-05:00,1.4930428578956552,1.5233414118448245,1.4307626218546625,1.436653971672058,2227200,0.0,0.0
2004-03-11 00:00:00-05:00,1.4433870473869777,1.4568530364525984,1.4189800024032593,1.4189800024032593,1601600,0.0,0.0
2004-03-12 00:00:00-05:00,1.4307629434652263,1.5065091848373413,1.4299212989410908,1.5065091848373413,1474400,0.0,0.0
2004-03-15 00:00:00-05:00,1.4980926400395032,1.4980926400395032,1.4543282560733484,1.4795769453048706,1458400,0.0,0.0
2004-03-16 00:00:00-05:00,1.4795768821123236,1.4871515206637185,1.4122469400190842,1.4450702667236328,1356800,0.0,0.0
2004-03-17 00:00:00-05:00,1.445070187547972,1.4652691690692377,1.3895229482326816,1.4198215007781982,3562400,0.0,0.0
2004-03-18 00:00:00-05:00,1.4223464887446169,1.4223464887446169,1.3970977981475314,1.408038854598999,1796800,0.0,0.0
2004-03-19 00:00:00-05:00,1.4164549892150262,1.443386965824402,1.4097219950626823,1.436653971672058,2048800,0.0,0.0
2004-03-22 00:00:00-05:00,1.440020813424389,1.440020813424389,1.3878399787669942,1.3895232677459717,1509600,0.0,0.0
2004-03-23 00:00:00-05:00,1.4139303182371752,1.4307628870010376,1.3970979100005854,1.4307628870010376,1937600,0.0,0.0
2004-03-24 00:00:00-05:00,1.4349709759300786,1.4518035450106779,1.418138567376755,1.429921269416809,2676000,0.0,0.0
2004-03-25 00:00:00-05:00,1.4475952652332837,1.4686358931551207,1.4391789819590985,1.4518033266067505,1376000,0.0,0.0
2004-03-26 00:00:00-05:00,1.4518033112958908,1.4762105164809016,1.450961666924623,1.471160650253296,2542400,0.0,0.0
2004-03-29 00:00:00-05:00,1.514925214150655,1.547748542421865,1.5065089308554787,1.5258662700653076,2706400,0.0,0.0
2004-03-30 00:00:00-05:00,1.5233417531446591,1.5250250421916915,1.4922015478836783,1.5115588903427124,1578400,0.0,0.0
2004-03-31 00:00:00-05:00,1.5225000660298993,1.5309163505023398,1.5048258525850464,1.516608715057373,1370400,0.0,0.0
2004-04-01 00:00:00-05:00,1.51492550809086,1.5359661401476774,1.499776227325586,1.5090341567993164,1200000,0.0,0.0
2004-04-02 00:00:00-05:00,1.528391146950414,1.5561647684330442,1.5233414413700936,1.5452237129211426,1431200,0.0,0.0
2004-04-05 00:00:00-04:00,1.5452236474525969,1.55868963544775,1.5376490091394184,1.5536397695541382,1612800,0.0,0.0
2004-04-06 00:00:00-04:00,1.5401738999821526,1.5527984051596346,1.5351241942275107,1.5485901832580566,1045600,0.0,0.0
2004-04-07 00:00:00-04:00,1.540173834685672,1.5485901176047632,1.5267078462260235,1.541857123374939,870400,0.0,0.0
2004-04-08 00:00:00-04:00,1.569630636225059,1.5763636299898378,1.5477483663577196,1.5502732992172241,1216000,0.0,0.0
2004-04-12 00:00:00-04:00,1.5485902874131638,1.5679476278806035,1.5426989368819657,1.5527985095977783,578400,0.0,0.0
2004-04-13 00:00:00-04:00,1.5527985320495028,1.5654228777313555,1.501459344345735,1.5107172727584839,1197600,0.0,0.0
2004-04-14 00:00:00-04:00,1.493885047619286,1.5393328951351746,1.4694778345769084,1.507351040840149,1248000,0.0,0.0
2004-04-15 00:00:00-04:00,1.5191333637485724,1.5443822151002669,1.516608590982486,1.5393325090408325,863200,0.0,0.0
2004-04-16 00:00:00-04:00,1.527549122230893,1.5519563207581963,1.5157664253016878,1.5334404706954956,993600,0.0,0.0
2004-04-19 00:00:00-04:00,1.5334409326868084,1.541857216112109,1.512400304387184,1.537649154663086,567200,0.0,0.0
2004-04-20 00:00:00-04:00,1.5485901202290493,1.5485901202290493,1.5140835046768188,1.5140835046768188,713600,0.0,0.0
2004-04-21 00:00:00-04:00,1.5191333097098958,1.5671060774134473,1.5140836038300898,1.5561648607254028,1426400,0.0,0.0
2004-04-22 00:00:00-04:00,1.5561647270022785,1.5738389368537165,1.5452236717816676,1.5603729486465454,1044000,0.0,0.0
2004-04-23 00:00:00-04:00,1.5612144767060392,1.5645810541168899,1.519974866586597,1.5275495052337646,1183200,0.0,0.0
2004-04-26 00:00:00-04:00,1.5401738224951134,1.5401738224951134,1.5199748399655169,1.5283911228179932,544800,0.0,0.0
2004-04-27 00:00:00-04:00,1.5342831447604595,1.557007070258353,1.5317583711677916,1.5384913682937622,961600,0.0,0.0
2004-04-28 00:00:00-04:00,1.5300744261974668,1.5325991987084013,1.5124002159846992,1.5140835046768188,1119200,0.0,0.0
2004-04-29 00:00:00-04:00,1.5233414742673324,1.5241831186367691,1.48210186332843,1.493884563446045,880000,0.0,0.0
2004-04-30 00:00:00-04:00,1.5023010221206303,1.5023010221206303,1.4627445347721346,1.4821020364761353,2173600,0.0,0.0
2004-05-03 00:00:00-04:00,1.4787355864859786,1.5309164243089681,1.477052297404883,1.4955681562423706,1444000,0.0,0.0
2004-05-04 00:00:00-04:00,1.495567977014236,1.5527985146947507,1.495567977014236,1.5300745964050293,1389600,0.0,0.0
2004-05-05 00:00:00-04:00,1.5250249985604902,1.540174117968525,1.5157670695939627,1.5216584205627441,812800,0.0,0.0
2004-05-06 00:00:00-04:00,1.5132418602871853,1.5250247206044396,1.4938845219101005,1.51913321018219,1055200,0.0,0.0
2004-05-07 00:00:00-04:00,1.5107170905292742,1.519133212950477,1.4804185361257582,1.4812601804733276,1816000,0.0,0.0
2004-05-10 00:00:00-04:00,1.4728439275178717,1.5039841269030962,1.442545372497356,1.447595238685608,1288800,0.0,0.0
2004-05-11 00:00:00-04:00,1.4686359431144282,1.4896765717520144,1.4602196595539423,1.4728440046310425,2290400,0.0,0.0
2004-05-12 00:00:00-04:00,1.4711608248247967,1.4837851708373466,1.4147719294766237,1.4593781232833862,1540800,0.0,0.0
2004-05-13 00:00:00-04:00,1.459377965500792,1.4913596493099934,1.4307626986849136,1.4518033266067505,1621600,0.0,0.0
2004-05-14 00:00:00-04:00,1.4518032486466428,1.461061175803832,1.4307626218546625,1.436653971672058,1024000,0.0,0.0
2004-05-17 00:00:00-04:00,1.4299208171898448,1.4307624614304237,1.385314635602507,1.39120614528656,1733600,0.0,0.0
2004-05-18 00:00:00-04:00,1.363433057418574,1.363433057418574,1.2834785892849878,1.3255598545074463,5284800,0.0,0.0
2004-05-19 00:00:00-04:00,1.3592245388457038,1.3844733888020146,1.291894593350046,1.3045189380645752,3824800,0.0,0.0
2004-05-20 00:00:00-04:00,1.3171431767442516,1.3449167970912388,1.2750619240653476,1.2902112007141113,3968000,0.0,0.0
2004-05-21 00:00:00-04:00,1.301993833885949,1.3078851829138656,1.29189434401083,1.2961024045944214,2605600,0.0,0.0
2004-05-24 00:00:00-04:00,1.3045191125252014,1.3449170852252426,1.2876866239001843,1.295261263847351,1155200,0.0,0.0
2004-05-25 00:00:00-04:00,1.2952608406358697,1.3028353978445009,1.2860029147193026,1.2961024045944214,3429600,0.0,0.0
2004-05-26 00:00:00-04:00,1.2986278070041686,1.333134429958559,1.2893698777387976,1.3213516473770142,3244000,0.0,0.0
2004-05-27 00:00:00-04:00,1.3179849116156566,1.3381838950260698,1.3146184143805877,1.3238762617111206,1440800,0.0,0.0
2004-05-28 00:00:00-04:00,1.3238764360435336,1.329767867178426,1.3129353787865243,1.3146185874938965,1972000,0.0,0.0
2004-06-01 00:00:00-04:00,1.3146186158975852,1.3331343936605478,1.3053607671479228,1.3062024116516113,2676800,0.0,0.0
2004-06-02 00:00:00-04:00,1.3062023843078818,1.3171434415722467,1.3036774508496722,1.3095688819885254,3504800,0.0,0.0
2004-06-03 00:00:00-04:00,1.309568739851677,1.3104103039827701,1.280111828145488,1.2876864671707153,5264800,0.0,0.0
2004-06-04 00:00:00-04:00,1.2961026928093664,1.322193107652869,1.292736195435717,1.3120936155319214,3554400,0.0,0.0
2004-06-07 00:00:00-04:00,1.3297677419436442,1.3499668063752563,1.3255596001760739,1.342392086982727,2432000,0.0,0.0
2004-06-08 00:00:00-04:00,1.3381839452151567,1.3508082902542395,1.333134239304975,1.342392086982727,1524000,0.0,0.0
2004-06-09 00:00:00-04:00,1.3381839829477662,1.3701658291776375,1.3381839829477662,1.3524916172027588,3109600,0.0,0.0
2004-06-10 00:00:00-04:00,1.3533332119729848,1.3541748563720726,1.3221930915793834,1.3314509391784668,2831200,0.0,0.0
2004-06-14 00:00:00-04:00,1.3255594048750394,1.3255594048750394,1.2843197982088617,1.2969441413879395,2829600,0.0,0.0
2004-06-15 00:00:00-04:00,1.304518686288826,1.3230344578583493,1.2876862031636278,1.2961024045944214,3318400,0.0,0.0
2004-06-16 00:00:00-04:00,1.3019941340485155,1.3314509662427068,1.3003108452161238,1.3280844688415527,1603200,0.0,0.0
2004-06-17 00:00:00-04:00,1.3196684298705952,1.3196684298705952,1.2918948027852157,1.3053607940673828,1549600,0.0,0.0
2004-06-18 00:00:00-04:00,1.306202246545946,1.3070438106796223,1.26412098984429,1.2649625539779663,2098400,0.0,0.0
2004-06-21 00:00:00-04:00,1.2658041985513364,1.2826366851816147,1.2624377012252808,1.2624377012252808,3212800,0.0,0.0
2004-06-22 00:00:00-04:00,1.2624378168597683,1.2632794613342804,1.220356556297776,1.22372305393219,4074400,0.0,0.0
2004-06-23 00:00:00-04:00,1.2304558079680008,1.2540212867888454,1.2178314643798818,1.2489715814590454,4132000,0.0,0.0
2004-06-24 00:00:00-04:00,1.2531797371391815,1.2582294425269913,1.2380304604485122,1.2397136688232422,2618400,0.0,0.0
2004-06-25 00:00:00-04:00,1.2481303130762174,1.2708542346954346,1.2220399737322754,1.2708542346954346,4368000,0.0,0.0
2004-06-28 00:00:00-04:00,1.270854077622339,1.2834784234524839,1.258229651528561,1.2632794380187988,1071200,0.0,0.0
2004-06-29 00:00:00-04:00,1.2733791889654253,1.2750623979610887,1.2523385548059114,1.2540217638015747,951200,0.0,0.0
2004-06-30 00:00:00-04:00,1.2649626033781383,1.2902113744378894,1.259071252894194,1.2809535264968872,2249600,0.0,0.0
2004-07-01 00:00:00-04:00,1.2809532476488803,1.2876862410973053,1.2346638574932478,1.2456049919128418,1580800,0.0,0.0
2004-07-02 00:00:00-04:00,1.2540214332042594,1.267487502937758,1.2430803769577115,1.250654935836792,1110400,0.0,0.0
2004-07-06 00:00:00-04:00,1.2514966349541836,1.2666459139018578,1.2262478634626042,1.2413971424102783,1435200,0.0,0.0
2004-07-07 00:00:00-04:00,1.2355058082997301,1.2624377887759204,1.227089524269104,1.227089524269104,2023200,0.0,0.0
2004-07-08 00:00:00-04:00,1.2270895615041035,1.240555552150813,1.2161484240377434,1.2371890544891357,2152000,0.0,0.0
2004-07-09 00:00:00-04:00,1.232980568999335,1.2481298443900979,1.209415091929847,1.2456049919128418,1757600,0.0,0.0
2004-07-12 00:00:00-04:00,1.2371889311480497,1.2624377012252808,1.2228812974464063,1.2624377012252808,1244000,0.0,0.0
2004-07-13 00:00:00-04:00,1.2641209747575406,1.2918945974280769,1.2632793303702816,1.2742204666137695,3024800,0.0,0.0
2004-07-14 00:00:00-04:00,1.2708542602442519,1.2876867505244871,1.262437974972312,1.2750623226165771,2243200,0.0,0.0
2004-07-15 00:00:00-04:00,1.2691706151394575,1.282636603587045,1.2649624736836809,1.2700122594833374,2975200,0.0,0.0
2004-07-16 00:00:00-04:00,1.273378903355502,1.273378903355502,1.2447636344745825,1.266645908355713,1953600,0.0,0.0
2004-07-19 00:00:00-04:00,1.263279119780861,1.2716953214595859,1.2447633476658855,1.2456049919128418,1305600,0.0,0.0
2004-07-20 00:00:00-04:00,1.237188774674446,1.2876863084422265,1.2296141365829174,1.277586817741394,1123200,0.0,0.0
2004-07-21 00:00:00-04:00,1.2918947761434547,1.3398673891627817,1.2801119938827261,1.3062024116516113,3187200,0.0,0.0
2004-07-22 00:00:00-04:00,1.3045187790583315,1.3070436316407608,1.2708538104138856,1.2918944358825684,1840800,0.0,0.0
2004-07-23 00:00:00-04:00,1.28516167968668,1.28516167968668,1.2203565027388334,1.225406289100647,2850400,0.0,0.0
2004-07-26 00:00:00-04:00,1.232981021815303,1.2430805959606526,1.226248025894165,1.226248025894165,1063200,0.0,0.0
2004-07-27 00:00:00-04:00,1.2329812680345564,1.2876869711477694,1.229614769401717,1.286845326423645,1923200,0.0,0.0
2004-07-28 00:00:00-04:00,1.2792702532981055,1.2792702532981055,1.2624377658067418,1.271695613861084,1484800,0.0,0.0
2004-07-29 00:00:00-04:00,1.2759038417308537,1.2986277615723545,1.2750621972336937,1.295261263847351,948800,0.0,0.0
2004-07-30 00:00:00-04:00,1.29189434401083,1.304518686288826,1.2868445589414652,1.2961024045944214,649600,0.0,0.0
2004-08-02 00:00:00-04:00,1.2893697354932117,1.3205098571693896,1.2834783849842035,1.3196682929992676,728000,0.0,0.0
2004-08-03 00:00:00-04:00,1.3104103039827701,1.3238762932437844,1.2826366810660212,1.2876864671707153,2539200,0.0,0.0
2004-08-04 00:00:00-04:00,1.2876866954496924,1.3045191850099964,1.2716957701696727,1.2792704105377197,1422400,0.0,0.0
2004-08-05 00:00:00-04:00,1.2750621006541794,1.280111886991007,1.253179907230941,1.2582296133041382,1144000,0.0,0.0
2004-08-06 00:00:00-04:00,1.2456052145950025,1.2658041985513364,1.2178315915891367,1.2624377012252808,2006400,0.0,0.0
2004-08-09 00:00:00-04:00,1.2624378099481637,1.2834784401139663,1.2456053218682483,1.25149667263031,1792800,0.0,0.0
2004-08-10 00:00:00-04:00,1.2599127681476467,1.3045188749461858,1.2599127681476467,1.2700122594833374,817600,0.0,0.0
2004-08-11 00:00:00-04:00,1.2708540772602839,1.2826367786280932,1.2548631535987804,1.2658042907714844,982400,0.0,0.0
2004-08-12 00:00:00-04:00,1.258229640510024,1.2725372751328314,1.233822513258817,1.2548631429672241,961600,0.0,0.0
2004-08-13 00:00:00-04:00,1.2582295595018045,1.2742204819982894,1.2472884231262167,1.2624377012252808,681600,0.0,0.0
2004-08-16 00:00:00-04:00,1.2540213951454067,1.3381839070414374,1.2540213951454067,1.3297677040100098,2464800,0.0,0.0
2004-08-17 00:00:00-04:00,1.333975738899959,1.3659574202289777,1.3213513149677065,1.3508081436157227,5612000,0.0,0.0
2004-08-18 00:00:00-04:00,1.3474421032023387,1.4097223551517386,1.3398674627802363,1.4088807106018066,1912000,0.0,0.0
2004-08-19 00:00:00-04:00,1.3987813500381248,1.4467539675102858,1.3861568418382593,1.4433873891830444,3917600,0.0,0.0
2004-08-20 00:00:00-04:00,1.4602198020741606,1.482943721747193,1.4114055452916867,1.4307628870010376,3558400,0.0,0.0
2004-08-23 00:00:00-04:00,1.4349708340431595,1.437495767313772,1.397939442571069,1.408038854598999,923200,0.0,0.0
2004-08-24 00:00:00-04:00,1.4105640071583574,1.4475955649146985,1.4105640071583574,1.4273964166641235,1626400,0.0,0.0
2004-08-25 00:00:00-04:00,1.427396309037356,1.4366542379102076,1.4206633136372655,1.4307628870010376,743200,0.0,0.0
2004-08-26 00:00:00-04:00,1.4265544946186204,1.4358122608196784,1.4147716350024553,1.4198215007781982,623200,0.0,0.0
2004-08-27 00:00:00-04:00,1.4265548519170546,1.4366542649435936,1.420663340369752,1.429921269416809,968000,0.0,0.0
2004-08-30 00:00:00-04:00,1.425713046482206,1.4602196647279342,1.4198216961271681,1.4400206804275513,1219200,0.0,0.0
2004-08-31 00:00:00-04:00,1.4433867913932266,1.4459117240929373,1.4055137640609077,1.4105634689331055,1634400,0.0,0.0
2004-09-01 00:00:00-04:00,1.410563665818743,1.445070281561751,1.410563665818743,1.4257129430770874,1335200,0.0,0.0
2004-09-02 00:00:00-04:00,1.4257131356551864,1.4593781115947755,1.4257131356551864,1.4560115337371826,988000,0.0,0.0
2004-09-03 00:00:00-04:00,1.456011480607754,1.456011480607754,1.4139302220869836,1.4526450634002686,797600,0.0,0.0
2004-09-07 00:00:00-04:00,1.45685333579756,1.4686361990464851,1.430762996687949,1.4585366249084473,762400,0.0,0.0
2004-09-08 00:00:00-04:00,1.4619031028628326,1.4720025157808982,1.4332878320495233,1.4341294765472412,520800,0.0,0.0
2004-09-09 00:00:00-04:00,1.4374957846484293,1.4593780583425013,1.4307627897061965,1.4526450634002686,684000,0.0,0.0
2004-09-10 00:00:00-04:00,1.4484367758354615,1.4652693426946903,1.4391790085374145,1.450961709022522,618400,0.0,0.0
2004-09-13 00:00:00-04:00,1.4509619844367398,1.4795772572126817,1.4509619844367398,1.4585366249084473,1047200,0.0,0.0
2004-09-14 00:00:00-04:00,1.446753996356271,1.4922016809891558,1.4459123517576795,1.4686362743377686,837600,0.0,0.0
2004-09-15 00:00:00-04:00,1.4576945290367977,1.4888347258377668,1.4576945290367977,1.4753687381744385,900800,0.0,0.0
2004-09-16 00:00:00-04:00,1.4804184950926276,1.5014591216169375,1.4770519177956623,1.4964094161987305,697600,0.0,0.0
2004-09-17 00:00:00-04:00,1.5090338057187425,1.5780470371246338,1.4728439013163248,1.5780470371246338,3007200,0.0,0.0
2004-09-20 00:00:00-04:00,1.5401739430167896,1.5570065100389237,1.510717191518939,1.5233415365219116,1695200,0.0,0.0
2004-09-21 00:00:00-04:00,1.5275498007927617,1.5570067167282104,1.519133516164451,1.5570067167282104,1024800,0.0,0.0
2004-09-22 00:00:00-04:00,1.5570061582468406,1.5586894466741807,1.5023005685760442,1.5317574739456177,1588800,0.0,0.0
2004-09-23 00:00:00-04:00,1.531757891098665,1.533441019457162,1.4964096271340106,1.5023009777069092,1520000,0.0,0.0
2004-09-24 00:00:00-04:00,1.5048259514769349,1.5393327361343339,1.4947265378681276,1.535966157913208,1889600,0.0,0.0
2004-09-27 00:00:00-04:00,1.53175762104206,1.5334407491038131,1.5065087737889413,1.5081920623779297,750400,0.0,0.0
2004-09-28 00:00:00-04:00,1.508192115683627,1.510717048656351,1.4871514891593172,1.4964094161987305,1472000,0.0,0.0
2004-09-29 00:00:00-04:00,1.4854681987567964,1.5300743847254692,1.4854681987567964,1.5292327404022217,1319200,0.0,0.0
2004-09-30 00:00:00-04:00,1.529232595308841,1.5612142739216248,1.5233412461323197,1.5578478574752808,2827200,0.0,0.0
2004-10-01 00:00:00-04:00,1.560372972908314,1.593196299607748,1.5553231068566746,1.592354655265808,2232000,0.0,0.0
2004-10-04 00:00:00-04:00,1.5990885622569089,1.6908257610390973,1.5662652168214355,1.6790430545806885,7313600,0.0,0.0
2004-10-05 00:00:00-04:00,1.666417841399564,1.7219650920777316,1.666417841399564,1.7026077508926392,2984800,0.0,0.0
2004-10-06 00:00:00-04:00,1.6967160716404224,1.7118653480790893,1.6436937646323255,1.6739921569824219,4059200,0.0,0.0
2004-10-07 00:00:00-04:00,1.6327526205154568,1.6335942648573967,1.531757707391335,1.592354655265808,7043200,0.0,0.0
2004-10-08 00:00:00-04:00,1.5915133476158505,1.6049793388811926,1.56963107167785,1.5755224227905273,3828800,0.0,0.0
2004-10-11 00:00:00-04:00,1.5830968692327558,1.6218117097788591,1.5738391017001785,1.609187364578247,2159200,0.0,0.0
2004-10-12 00:00:00-04:00,1.609187429381412,1.62349506399222,1.575522293454382,1.6159204244613647,2926400,0.0,0.0
2004-10-13 00:00:00-04:00,1.624336609149523,1.6361194713790759,1.5830969926642666,1.5864635705947876,1616000,0.0,0.0
2004-10-14 00:00:00-04:00,1.5864634844383827,1.5873051288753055,1.5426989368819657,1.5527985095977783,3718400,0.0,0.0
2004-10-15 00:00:00-04:00,1.55532309270644,1.6327526056607733,1.5544814483721574,1.6066622734069824,3322400,0.0,0.0
2004-10-18 00:00:00-04:00,1.6032957882870418,1.6125537159693988,1.5889881548357863,1.6075040102005005,2380800,0.0,0.0
2004-10-19 00:00:00-04:00,1.6100290392306729,1.6327529596005503,1.5881469239048027,1.5931966304779053,1657600,0.0,0.0
2004-10-20 00:00:00-04:00,1.582255095595824,1.610870361328125,1.5713140401227654,1.610870361328125,1814400,0.0,0.0
2004-10-21 00:00:00-04:00,1.615078788927198,1.6512686978794717,1.6032959270767793,1.6394858360290527,1550400,0.0,0.0
2004-10-22 00:00:00-04:00,1.6352778576812994,1.6453772706084466,1.5999295913817364,1.621811866760254,908800,0.0,0.0
2004-10-25 00:00:00-04:00,1.613395491108658,1.616761908385002,1.5974045675960453,1.6159204244613647,1267200,0.0,0.0
2004-10-26 00:00:00-04:00,1.6117121324242982,1.6453771063664653,1.6117121324242982,1.6369609832763672,2827200,0.0,0.0
2004-10-27 00:00:00-04:00,1.6411694888706065,1.7000833296050872,1.632753202976066,1.684092402458191,2916000,0.0,0.0
2004-10-28 00:00:00-04:00,1.683249937148548,1.701765628667382,1.6672590177980144,1.6748336553573608,1605600,0.0,0.0
2004-10-29 00:00:00-04:00,1.6706255395512106,1.674833600044217,1.6268610041041847,1.6487432718276978,3236000,0.0,0.0
2004-11-01 00:00:00-05:00,1.6495856386996273,1.6723095605823206,1.6495856386996273,1.667259693145752,948000,0.0,0.0
2004-11-02 00:00:00-05:00,1.666417740280532,1.7034492919946407,1.6622096787225178,1.6883000135421753,2162400,0.0,0.0
2004-11-03 00:00:00-05:00,1.6933499887096506,1.7093407520780663,1.6723093585148487,1.6798838376998901,3718400,0.0,0.0
2004-11-04 00:00:00-05:00,1.6765177382809375,1.7236487139076668,1.6537938148345985,1.7084994316101074,2680800,0.0,0.0
2004-11-05 00:00:00-05:00,1.8052862333269952,1.8246435756347936,1.7674130327010615,1.8120192289352417,8309600,0.0,0.0
2004-11-08 00:00:00-05:00,1.918905481215247,1.9449959792107672,1.8717745127664522,1.9231137037277222,7368800,0.0,0.0
2004-11-09 00:00:00-05:00,1.9231134502099798,1.9239550946015236,1.8507336378097532,1.8507336378097534,7088800,0.0,0.0
2004-11-10 00:00:00-05:00,1.8515757529815915,1.8515757529815915,1.796870137839867,1.801078200340271,5512800,0.0,0.0
2004-11-11 00:00:00-05:00,1.80949427338397,1.8179105579237693,1.7396393846000056,1.8002363443374634,9748000,0.0,0.0
2004-11-12 00:00:00-05:00,1.8179101209895168,1.978660491006994,1.8179101209895168,1.9778188467025757,16881600,0.0,0.0
2004-11-15 00:00:00-05:00,1.9273213662167605,1.9483619928359985,1.8768238302251408,1.9483619928359985,19627200,0.0,0.0
2004-11-16 00:00:00-05:00,1.9441543487749218,1.9492040552991532,1.8566252462094377,1.8776658773422241,9755200,0.0,0.0
2004-11-17 00:00:00-05:00,1.871774720955841,1.9222722730312398,1.8515757322311401,1.8515757322311401,8394400,0.0,0.0
2004-11-18 00:00:00-05:00,1.8473673016937544,1.8473673016937544,1.8103357494799504,1.8431590795516968,6096000,0.0,0.0
2004-11-19 00:00:00-05:00,1.8052862591791705,1.8052862591791705,1.72280686113793,1.7286983728408813,12897600,0.0,0.0
2004-11-22 00:00:00-05:00,1.725331527102854,1.7396391608218704,1.6571599361015434,1.6655762195587158,10712800,0.0,0.0
2004-11-23 00:00:00-05:00,1.722806860003825,1.8137023822206009,1.7169155088320318,1.7337480783462524,14652800,0.0,0.0
2004-11-24 00:00:00-05:00,1.7547887010025127,1.8078110218048096,1.7480557053367087,1.8078110218048096,7044800,0.0,0.0
2004-11-26 00:00:00-05:00,1.8078106349345078,1.8330594836734948,1.8019192850535841,1.8263264894485474,1196000,0.0,0.0
2004-11-29 00:00:00-05:00,1.85157560394831,1.85157560394831,1.7968699932098389,1.7968699932098389,3623200,0.0,0.0
2004-11-30 00:00:00-05:00,1.8094939560608014,1.8431589277890412,1.7749873399734497,1.7749873399734497,4353600,0.0,0.0
2004-12-01 00:00:00-05:00,1.783403476430466,1.7918197588024671,1.763204495054004,1.7758288383483887,4403200,0.0,0.0
2004-12-02 00:00:00-05:00,1.7775123536042863,1.7993944658238623,1.7615214311109761,1.7724624872207642,2610400,0.0,0.0
2004-12-03 00:00:00-05:00,1.758996142343568,1.7716204846958916,1.7430052230827728,1.7674124240875244,4351200,0.0,0.0
2004-12-06 00:00:00-05:00,1.7716210936693213,1.7918202410089197,1.7674130316144836,1.7707796096801758,2752800,0.0,0.0
2004-12-07 00:00:00-05:00,1.7690958445562346,1.783403476430466,1.7606795621842335,1.7758288383483887,2380800,0.0,0.0
2004-12-08 00:00:00-05:00,1.7842455003539528,1.8027611970901487,1.764046354152488,1.802761197090149,4167200,0.0,0.0
2004-12-09 00:00:00-05:00,1.7968698463344168,1.8137022541326127,1.7211236099243639,1.802761197090149,5212800,0.0,0.0
2004-12-10 00:00:00-05:00,1.792661489432508,1.8238016903390577,1.7505802323047284,1.8221184015274048,6703200,0.0,0.0
2004-12-13 00:00:00-05:00,1.8305342848910842,1.8389505665822345,1.790136325406228,1.8094936609268188,2736800,0.0,0.0
2004-12-14 00:00:00-05:00,1.8094941430335414,1.816227138074901,1.7674128838932264,1.786770224571228,4604000,0.0,0.0
2004-12-15 00:00:00-05:00,1.7943450223371291,1.7968699558980865,1.773304390910986,1.7892953157424927,3222400,0.0,0.0
2004-12-16 00:00:00-05:00,1.7968693981198856,1.8137018017193747,1.7825617667703442,1.8069688081741333,2415200,0.0,0.0
2004-12-17 00:00:00-05:00,1.806969143872493,1.806969143872493,1.7556301187499852,1.7800371646881104,1572000,0.0,0.0
2004-12-20 00:00:00-05:00,1.783404010671986,1.790978651023144,1.7404811021911841,1.7690963745117188,3081600,0.0,0.0
2004-12-21 00:00:00-05:00,1.7674130408750197,1.7842456102371216,1.7505804715129176,1.7842456102371216,2907200,0.0,0.0
2004-12-22 00:00:00-05:00,1.78761175349593,1.8515752825189458,1.784245336456431,1.8456839323043823,3844000,0.0,0.0
2004-12-23 00:00:00-05:00,1.8465254348608993,1.8532584289499765,1.797711187583279,1.8061273097991943,2253600,0.0,0.0
2004-12-27 00:00:00-05:00,1.8271687190538244,1.8515759334109871,1.789295671277713,1.7943453788757324,2680000,0.0,0.0
2004-12-28 00:00:00-05:00,1.7951866428049796,1.8810324564000018,1.7935033537868945,1.872616171836853,3252800,0.0,0.0
2004-12-29 00:00:00-05:00,1.8726161171622002,1.8852404633746933,1.858308481980769,1.8793491125106812,2148000,0.0,0.0
2004-12-30 00:00:00-05:00,1.8978646611368266,1.9020728832300062,1.8776656766713413,1.8902900218963623,1840000,0.0,0.0
2004-12-31 00:00:00-05:00,1.8936569063974655,1.8987066132002188,1.8810325591269395,1.8818742036819458,1420800,0.0,0.0
2005-01-03 00:00:00-05:00,1.9315300213770712,1.9315300213770712,1.7892953085596812,1.8120192289352417,4844800,0.0,0.0
2005-01-04 00:00:00-05:00,1.812018687079479,1.8187516806743291,1.7278561868802371,1.792661190032959,4378400,0.0,0.0
2005-01-05 00:00:00-05:00,1.775828798251694,1.8052857056249692,1.7699374488824853,1.7909780740737915,3254400,0.0,0.0
2005-01-06 00:00:00-05:00,1.7909783815613023,1.7968697319419786,1.7800371646881104,1.7800371646881104,4820800,0.0,0.0
2005-01-07 00:00:00-05:00,1.6748339511167103,1.6748339511167103,1.5780470947444982,1.6453770399093628,29349600,0.0,0.0
2005-01-10 00:00:00-05:00,1.6335941820266204,1.6495851026581763,1.6251778995612103,1.632752537727356,9423200,0.0,0.0
2005-01-11 00:00:00-05:00,1.632752847219136,1.6335944916779361,1.6100289284133322,1.6117122173309326,3978400,0.0,0.0
2005-01-12 00:00:00-05:00,1.6159202937659076,1.6159202937659076,1.5873050268586908,1.6024543046951294,3815200,0.0,0.0
2005-01-13 00:00:00-05:00,1.5990878881248551,1.6100289451484482,1.592354892911736,1.5974045991897583,4097600,0.0,0.0
2005-01-14 00:00:00-05:00,1.5948795616365266,1.6142368995958933,1.5931962729807796,1.6032956838607788,2755200,0.0,0.0
2005-01-18 00:00:00-05:00,1.6041374437435292,1.6260197162628174,1.595721160385764,1.6260197162628174,3188000,0.0,0.0
2005-01-19 00:00:00-05:00,1.6251782027369468,1.6487437659307855,1.6083457951932902,1.6293864250183105,4810400,0.0,0.0
2005-01-20 00:00:00-05:00,1.6209700918489804,1.6352777261174007,1.6133954524993896,1.6133954524993896,2950400,0.0,0.0
2005-01-21 00:00:00-05:00,1.6159202935001657,1.6192867105036806,1.5948796655146285,1.6075040102005005,2614400,0.0,0.0
2005-01-24 00:00:00-05:00,1.6066628176299556,1.6075044622493275,1.5620566159670264,1.5721561908721924,2801600,0.0,0.0
2005-01-25 00:00:00-05:00,1.5713141620014421,1.594038079585654,1.5679475843472221,1.5729974508285522,4086400,0.0,0.0
2005-01-26 00:00:00-05:00,1.5746805855899284,1.6133954261360315,1.5746805855899284,1.609187364578247,1232000,0.0,0.0
2005-01-27 00:00:00-05:00,1.6108701361819526,1.6201280621917598,1.5990874380074513,1.6192864179611206,1806400,0.0,0.0
2005-01-28 00:00:00-05:00,1.6007709799979213,1.6125536800385598,1.5772054193893954,1.5822551250457764,4199200,0.0,0.0
2005-01-31 00:00:00-05:00,1.5906713521100975,1.6117119788854355,1.5889880634415323,1.6066622734069824,2201600,0.0,0.0
2005-02-01 00:00:00-05:00,1.6032960088483608,1.6268615732238274,1.6032960088483608,1.621811866760254,2048000,0.0,0.0
2005-02-02 00:00:00-05:00,1.62854460149439,1.6882999065739281,1.6268613127669316,1.6866167783737183,4252800,0.0,0.0
2005-02-03 00:00:00-05:00,1.683250435159486,1.683250435159486,1.63780259635709,1.6504271030426025,4172800,0.0,0.0
2005-02-04 00:00:00-05:00,1.6453773805982161,1.668942946548988,1.641169318351818,1.6546353101730347,1685600,0.0,0.0
2005-02-07 00:00:00-05:00,1.6504271192598725,1.6504271192598725,1.63696112848846,1.6411691904067993,3222400,0.0,0.0
2005-02-08 00:00:00-05:00,1.6327529060428485,1.6445357683632886,1.6277031996353868,1.6411691904067993,2110400,0.0,0.0
2005-02-09 00:00:00-05:00,1.636960988230497,1.6537933949888932,1.609187364578247,1.609187364578247,919200,0.0,0.0
2005-02-10 00:00:00-05:00,1.6133952822325723,1.6201282764408471,1.592354655265808,1.592354655265808,1378400,0.0,0.0
2005-02-11 00:00:00-05:00,1.5990878715034638,1.6226534347680677,1.5814138194504608,1.6117122173309326,1637600,0.0,0.0
2005-02-14 00:00:00-05:00,1.615078687284985,1.6260197434640322,1.604979114981263,1.6201283931732178,1470400,0.0,0.0
2005-02-15 00:00:00-05:00,1.6285447744201411,1.6571600437164304,1.6159204286781934,1.6571600437164307,1599200,0.0,0.0
2005-02-16 00:00:00-05:00,1.6546353214772915,1.6672596688300196,1.6470606809601975,1.6580018997192383,2590400,0.0,0.0
2005-02-17 00:00:00-05:00,1.6664177840353813,1.6765173567779605,1.6470604435166394,1.6630513668060303,1955200,0.0,0.0
2005-02-18 00:00:00-05:00,1.6697837734245184,1.6731501894676744,1.6192862485595305,1.643693447113037,1799200,0.0,0.0
2005-02-22 00:00:00-05:00,1.643693714545325,1.6462184868566758,1.5721555560577896,1.5746803283691406,1946400,0.0,0.0
2005-02-23 00:00:00-05:00,1.5898298954421672,1.5923548287430629,1.5772055499922129,1.5856218338012695,936000,0.0,0.0
2005-02-24 00:00:00-05:00,1.5906717053055563,1.5990879899899064,1.5595316606589238,1.5654230117797852,1944000,0.0,0.0
2005-02-25 00:00:00-05:00,1.5612143909628402,1.624336269204366,1.5612143909628402,1.6184449195861816,1598400,0.0,0.0
2005-02-28 00:00:00-05:00,1.6159208144150696,1.6487441532848541,1.6159208144150696,1.6335948705673218,1068000,0.0,0.0
2005-03-01 00:00:00-05:00,1.6495853296377172,1.7253315611944613,1.6327527623907703,1.7059742212295532,3182400,0.0,0.0
2005-03-02 00:00:00-05:00,1.7059744327129522,1.7135490728603529,1.6891418633793334,1.7068160772323608,2640000,0.0,0.0
2005-03-03 00:00:00-05:00,1.7236480979282733,1.7253313865880682,1.6874581943788967,1.7127070426940918,2439200,0.0,0.0
2005-03-04 00:00:00-05:00,1.715231904186399,1.7413223981857298,1.7093405540985664,1.74132239818573,1810400,0.0,0.0
2005-03-07 00:00:00-05:00,1.7463719846178423,1.7716206719917829,1.728697935561532,1.7514216899871826,1349600,0.0,0.0
2005-03-08 00:00:00-05:00,1.7514219186565703,1.7514219186565703,1.7278565168380737,1.7278565168380737,1009600,0.0,0.0
2005-03-09 00:00:00-05:00,1.7286980451996048,1.7286980451996048,1.7000827787464308,1.7051324844360352,2252800,0.0,0.0
2005-03-10 00:00:00-05:00,1.709341076240783,1.7118660101328094,1.69671672783525,1.7084994316101074,1504800,0.0,0.0
2005-03-11 00:00:00-05:00,1.7127077600115221,1.7194407569433774,1.7009248949852935,1.707658052444458,3028000,0.0,0.0
2005-03-14 00:00:00-05:00,1.6807256492607314,1.6925085124997596,1.6495856033718996,1.6546353101730347,5665600,0.0,0.0
2005-03-15 00:00:00-05:00,1.6537934028866805,1.790978393496306,1.6495853413088002,1.783403754234314,6571200,0.0,0.0
2005-03-16 00:00:00-05:00,1.7834036805674596,1.7842453249537218,1.7421640688041269,1.7505801916122437,1516000,0.0,0.0
2005-03-17 00:00:00-05:00,1.7421642474018066,1.7791956410300953,1.7413226029292634,1.7699378728866577,2931200,0.0,0.0
2005-03-18 00:00:00-05:00,1.7884537173969972,1.7968700022902042,1.7598384450764626,1.7690963745117188,1794400,0.0,0.0
2005-03-21 00:00:00-05:00,1.7690963184240736,1.7690963184240736,1.7194404157084595,1.734589695930481,2173600,0.0,0.0
2005-03-22 00:00:00-05:00,1.6925083805523546,1.7084991442638615,1.6327529060428485,1.6411691904067993,8909600,0.0,0.0
2005-03-23 00:00:00-05:00,1.7674126043328355,1.883556790557008,1.7539466163800976,1.8473670482635498,17444800,0.0,0.0
2005-03-24 00:00:00-05:00,1.8684079467544268,1.9315298346781944,1.8288514609180846,1.8978646993637085,6767200,0.0,0.0
2005-03-28 00:00:00-05:00,1.9407873523603396,1.9879184715172502,1.937420935578984,1.9710859060287476,8504000,0.0,0.0
2005-03-29 00:00:00-05:00,1.9382626531994962,1.9727692692812404,1.8987061709639008,1.899547815322876,3860000,0.0,0.0
2005-03-30 00:00:00-05:00,1.8936565036057034,1.9180637089274795,1.8742991645398297,1.9121721982955933,2196000,0.0,0.0
2005-03-31 00:00:00-05:00,1.9062807457859534,1.9130137399048777,1.8541000814961024,1.8650411367416382,1920000,0.0,0.0
2005-04-01 00:00:00-05:00,1.8860817655501105,1.8936564040083232,1.81454360262657,1.832217812538147,2340000,0.0,0.0
2005-04-04 00:00:00-04:00,1.8389512582008747,1.8389512582008747,1.8036029902255464,1.8330599069595337,2744800,0.0,0.0
2005-04-05 00:00:00-04:00,1.8431593114914426,1.8608335256576538,1.8322182535998117,1.8608335256576538,2912800,0.0,0.0
2005-04-06 00:00:00-04:00,1.8599915659085735,1.884398611158515,1.8440006435210061,1.8456839323043823,1942400,0.0,0.0
2005-04-07 00:00:00-04:00,1.8372676485995605,1.8566249880233059,1.806969092613,1.8507336378097534,2375200,0.0,0.0
2005-04-08 00:00:00-04:00,1.8557836673865231,1.8742995261762028,1.8330599069595335,1.8330599069595337,2092000,0.0,0.0
2005-04-11 00:00:00-04:00,1.8389515082722487,1.8389515082722487,1.796870238794748,1.8103362321853638,1980800,0.0,0.0
2005-04-12 00:00:00-04:00,1.8137019178544667,1.8574664589644836,1.7968695131771637,1.8473670482635498,2481600,0.0,0.0
2005-04-13 00:00:00-04:00,1.8431594221482217,1.8482091291300426,1.810336085975451,1.8111777305603027,1120800,0.0,0.0
2005-04-14 00:00:00-04:00,1.8120188093142717,1.8271679255291884,1.7455303526186359,1.7598379850387573,1500000,0.0,0.0
2005-04-15 00:00:00-04:00,1.7598381087252986,1.8246432813315596,1.7598381087252986,1.8187519311904907,4920000,0.0,0.0
2005-04-18 00:00:00-04:00,1.801077806948104,2.1629767213920434,1.7505802653364777,1.9954931735992432,62324800,0.0,0.0
2005-04-19 00:00:00-04:00,2.0156923905003192,2.0409410819423077,1.9879187657032258,2.0283167362213135,9079200,0.0,0.0
2005-04-20 00:00:00-04:00,2.019900153312715,2.0409407799097226,1.9508869237588895,1.9710859060287476,6829600,0.0,0.0
2005-04-21 00:00:00-04:00,1.9837104686960965,2.0199003761192613,1.9820271798561215,2.013167381286621,6945600,0.0,0.0
2005-04-22 00:00:00-04:00,1.998860230639181,2.007276516347332,1.9786612412559976,1.9904439449310303,10447200,0.0,0.0
2005-04-25 00:00:00-04:00,1.9912849722451103,2.0527235659718976,1.9904433278824798,2.050198793411255,8039200,0.0,0.0
2005-04-26 00:00:00-04:00,2.0510408039128842,2.0821808482528956,2.024108661082697,2.0687148571014404,6420000,0.0,0.0
2005-04-27 00:00:00-04:00,2.051882660628947,2.065348814753845,2.020742610632255,2.059457302093506,6429600,0.0,0.0
2005-04-28 00:00:00-04:00,2.0544067211752237,2.0981712620241306,2.049357015854884,2.0645062923431396,7337600,0.0,0.0
2005-04-29 00:00:00-04:00,2.0687143001581085,2.0939629866377665,2.0451487417237892,2.0712392330169678,3612000,0.0,0.0
2005-05-02 00:00:00-04:00,2.078814150642958,2.1747593648018695,2.0720811559743897,2.1579267978668213,4989600,0.0,0.0
2005-05-03 00:00:00-04:00,2.150352213264341,2.1865421207222586,2.122578589487121,2.146144151687622,7068000,0.0,0.0
2005-05-04 00:00:00-04:00,2.13604439785592,2.1806505852083204,2.103221070867259,2.116687059402466,4074400,0.0,0.0
2005-05-05 00:00:00-04:00,2.1208960005971447,2.2050585377553285,2.114163004045582,2.171393394470215,4544800,0.0,0.0
2005-05-06 00:00:00-04:00,2.1587684919013332,2.1907503377078097,2.142777568998095,2.173917770385742,2811200,0.0,0.0
2005-05-09 00:00:00-04:00,2.167185068130493,2.184017637724943,2.146144436401071,2.167185068130493,2540800,0.0,0.0
2005-05-10 00:00:00-04:00,2.1697091259838297,2.1747588306130767,2.146143570168651,2.15960955619812,4499200,0.0,0.0
2005-05-11 00:00:00-04:00,2.162976583547916,2.171392706174121,2.1335196727744528,2.165501356124878,2894400,0.0,0.0
2005-05-12 00:00:00-04:00,2.1671853318232257,2.195800607299192,2.1511944048155267,2.171393394470215,5621600,0.0,0.0
2005-05-13 00:00:00-04:00,2.1663429225477815,2.1713926280472653,2.12089525199794,2.1453022956848145,5629600,0.0,0.0
2005-05-16 00:00:00-04:00,2.158768361883229,2.1739176394552286,2.1368860898933684,2.160451650619507,2190400,0.0,0.0
2005-05-17 00:00:00-04:00,2.1663434892287223,2.2168410390146454,2.1444612123039124,2.2050583362579346,4449600,0.0,0.0
2005-05-18 00:00:00-04:00,2.2134737927576142,2.291744947224509,2.2058991545493836,2.2866952419281006,5760000,0.0,0.0
2005-05-19 00:00:00-04:00,2.3228849581293174,2.3716992001536576,2.3060523944544866,2.3582332134246826,5181600,0.0,0.0
2005-05-20 00:00:00-04:00,2.36496620678917,2.368332623207802,2.3228849581293174,2.3582332134246826,3736800,0.0,0.0
2005-05-23 00:00:00-04:00,2.3733834843796244,2.4457631532829485,2.372541839790048,2.40199875831604,9228000,0.0,0.0
2005-05-24 00:00:00-04:00,2.5206677710290526,2.619979418958937,2.4625955819176566,2.5038352012634277,19811200,0.0,0.0
2005-05-25 00:00:00-04:00,2.5080426892186267,2.50888433356694,2.3817989264621073,2.4062061309814453,6977600,0.0,0.0
2005-05-26 00:00:00-04:00,2.4095724384544575,2.484477176781227,2.390215100903807,2.480268955230713,5831200,0.0,0.0
2005-05-27 00:00:00-04:00,2.5248754300873095,2.5282420077138426,2.4827941729191876,2.513934373855591,5091200,0.0,0.0
2005-05-31 00:00:00-04:00,2.520667515800161,2.5299252837593103,2.454179048538208,2.454179048538208,4625600,0.0,0.0
2005-06-01 00:00:00-04:00,2.4575451199240117,2.550123743601007,2.430612984470581,2.5282416343688965,9328800,0.0,0.0
2005-06-02 00:00:00-04:00,2.5290835945070183,2.562748730033227,2.5282421105934,2.533291816711426,5056800,0.0,0.0
2005-06-03 00:00:00-04:00,2.545915707540735,2.6586934740392634,2.5450740632501803,2.6157705783843994,10910400,0.0,0.0
2005-06-06 00:00:00-04:00,2.6258703499578853,2.752114113695721,2.584630579206215,2.7378063201904297,11956800,0.0,0.0
2005-06-07 00:00:00-04:00,2.781571250800921,2.7857793126339043,2.6704767489265664,2.695725440979004,10453600,0.0,0.0
2005-06-08 00:00:00-04:00,2.7344406814599744,2.7344406814599744,2.6115633068597144,2.625870943069458,10082400,0.0,0.0
2005-06-09 00:00:00-04:00,2.697408591350532,2.7251823759195815,2.6342867039348974,2.7176077365875244,13045600,0.0,0.0
2005-06-10 00:00:00-04:00,2.756322330244519,2.7748381860400935,2.7361231856443906,2.7580056190490723,5294400,0.0,0.0
2005-06-13 00:00:00-04:00,2.763055542825594,2.763055542825594,2.73612324244812,2.7436978816986084,5081600,0.0,0.0
2005-06-14 00:00:00-04:00,2.7521140328825493,2.771471370894069,2.64775238332644,2.725182056427002,8160000,0.0,0.0
2005-06-15 00:00:00-04:00,2.7251817426583345,2.8244935147991583,2.714240528153478,2.821126937866211,5979200,0.0,0.0
2005-06-16 00:00:00-04:00,2.8606839572960254,2.8867741308434978,2.7436977945745062,2.7765214443206787,5376800,0.0,0.0
2005-06-17 00:00:00-04:00,2.783254861831665,2.8194447756814953,2.7731554480528633,2.783254861831665,5526400,0.0,0.0
2005-06-20 00:00:00-04:00,2.783254450475487,2.7849377393655987,2.6974086434069706,2.7260239124298096,4430400,0.0,0.0
2005-06-21 00:00:00-04:00,2.7226573676965393,2.7479063803001496,2.6881509081940074,2.697408676147461,3296000,0.0,0.0
2005-06-22 00:00:00-04:00,2.697408510333564,2.739489767346738,2.6763678818269767,2.7352817058563232,5134400,0.0,0.0
2005-06-23 00:00:00-04:00,2.739489767346738,2.7748381901861507,2.7285485506280494,2.7352817058563232,4787200,0.0,0.0
2005-06-24 00:00:00-04:00,2.742856056024079,2.743697539811714,2.7016162872314453,2.7016162872314453,5144800,0.0,0.0
2005-06-27 00:00:00-04:00,2.7100337312094696,2.7100337312094696,2.6553279542302066,2.6578528881073,2436000,0.0,0.0
2005-06-28 00:00:00-04:00,2.693200660618061,2.7394899827615267,2.684784376448176,2.728548765182495,4951200,0.0,0.0
2005-06-29 00:00:00-04:00,2.7369644368993367,2.7411724975321943,2.718448584849429,2.7327563762664795,3894400,0.0,0.0
2005-06-30 00:00:00-04:00,2.7352816247566976,2.7908288695249612,2.7352816247566976,2.752955675125122,3630400,0.0,0.0
2005-07-01 00:00:00-04:00,2.7529554079982788,2.777362611027044,2.7361228431144933,2.7613718509674072,2636000,0.0,0.0
2005-07-05 00:00:00-04:00,2.7142410950769196,2.784937620162964,2.6906755332058188,2.784937620162964,5974400,0.0,0.0
2005-07-06 00:00:00-04:00,2.7984043083845185,2.860684725985519,2.7950377299077953,2.830386161804199,4544000,0.0,0.0
2005-07-07 00:00:00-04:00,2.8287021754287593,2.882566133563114,2.7798877627104286,2.8800413608551025,3616000,0.0,0.0
2005-07-08 00:00:00-04:00,2.899398584515755,2.9633619519725776,2.898556779610486,2.959153890609741,4782400,0.0,0.0
2005-07-11 00:00:00-04:00,3.000393551327918,3.001235035147506,2.9650451308698895,2.9852442741394043,4837600,0.0,0.0
2005-07-12 00:00:00-04:00,3.013018078788094,3.044158120538347,2.9911359653822607,3.0046019554138184,4825600,0.0,0.0
2005-07-13 00:00:00-04:00,3.0197515072090773,3.028167631343871,2.9465298788072385,2.986086368560791,6147200,0.0,0.0
2005-07-14 00:00:00-04:00,2.9877693152623594,3.0239592227935606,2.9717785528166383,2.976828098297119,4058400,0.0,0.0
2005-07-15 00:00:00-04:00,2.979353594934603,2.9919777813972583,2.9364305262197115,2.961679220199585,3233600,0.0,0.0
2005-07-18 00:00:00-04:00,2.960837101739587,2.964203679163394,2.9086564358885623,2.944004535675049,4751200,0.0,0.0
2005-07-19 00:00:00-04:00,2.954103946891974,2.964203679163394,2.938954669539339,2.944004535675049,5283200,0.0,0.0
2005-07-20 00:00:00-04:00,2.94484665375691,2.977669984493708,2.94484665375691,2.9692535400390625,2126400,0.0,0.0
2005-07-21 00:00:00-04:00,2.9684113924439464,2.98608544026535,2.928854914987462,2.947370767593384,2002400,0.0,0.0
2005-07-22 00:00:00-04:00,2.9431630576060455,2.9456878301515945,2.881724464246566,2.898556709289551,3260000,0.0,0.0
2005-07-25 00:00:00-04:00,2.895190507259851,2.9170726188591813,2.8724665907598728,2.8766746520996094,2082400,0.0,0.0
2005-07-26 00:00:00-04:00,2.832068338291311,2.885090483721033,2.7622133070918022,2.8657331466674805,10003200,0.0,0.0
2005-07-27 00:00:00-04:00,2.9036066225917816,2.944004589249127,2.895190499933605,2.942321300506592,5293600,0.0,0.0
2005-07-28 00:00:00-04:00,2.9423210611188284,2.9877688903061363,2.9423210611188284,2.975144386291504,4013600,0.0,0.0
2005-07-29 00:00:00-04:00,2.98187880151298,2.9902949270449284,2.882566979173862,2.8909831047058105,4046400,0.0,0.0
2005-08-01 00:00:00-04:00,2.9078147186242367,2.911181296149486,2.864891978868076,2.8707833290100098,4022400,0.0,0.0
2005-08-02 00:00:00-04:00,2.878357752150418,2.9288551270258103,2.8724664024501045,2.9204390048980713,3236800,0.0,0.0
2005-08-03 00:00:00-04:00,2.9204397298728897,2.9204397298728897,2.8791999506787866,2.8876163959503174,2520000,0.0,0.0
2005-08-04 00:00:00-04:00,2.8884570877513087,2.8884570877513087,2.8143939949474497,2.8169190883636475,2731200,0.0,0.0
2005-08-05 00:00:00-04:00,2.8068196356960433,2.818602657015304,2.6679516840770376,2.7100329399108887,8782400,0.0,0.0
2005-08-08 00:00:00-04:00,2.7142408964663183,2.7479060282551386,2.7016163917818883,2.710874319076538,2602400,0.0,0.0
2005-08-09 00:00:00-04:00,2.7167661292624508,2.7899877551503454,2.7167661292624508,2.768947124481201,7405600,0.0,0.0
2005-08-10 00:00:00-04:00,2.777363223294252,2.818603000298074,2.75632259281475,2.772313356399536,5344800,0.0,0.0
2005-08-11 00:00:00-04:00,2.772313096448292,2.7731549013790824,2.7302318394351177,2.7352817058563232,3891200,0.0,0.0
2005-08-12 00:00:00-04:00,2.7335988167726897,2.7335988167726897,2.587997684742966,2.6427032947540283,9870400,0.0,0.0
2005-08-15 00:00:00-04:00,2.6763681894424036,2.6881510519189207,2.6359702165930505,2.655327558517456,6760000,0.0,0.0
2005-08-16 00:00:00-04:00,2.6511191441161435,2.6511191441161435,2.5072013247743485,2.530766725540161,8929600,0.0,0.0
2005-08-17 00:00:00-04:00,2.4659616908917545,2.503834887860209,2.4095727979205352,2.478586196899414,12528800,0.0,0.0
2005-08-18 00:00:00-04:00,2.453337564059653,2.741173405090853,2.407048239663675,2.721816062927246,30152000,0.0,0.0
2005-08-19 00:00:00-04:00,2.7268657328645345,2.818602891041363,2.6645853277953684,2.77567982673645,9533600,0.0,0.0
2005-08-22 00:00:00-04:00,2.859842058902054,2.883407459027475,2.821968865090128,2.882565975189209,9614400,0.0,0.0
2005-08-23 00:00:00-04:00,2.9162312584257655,2.957470710776708,2.8951906297821584,2.9355885982513428,11461600,0.0,0.0
2005-08-24 00:00:00-04:00,2.928855342508805,2.935588497549954,2.882566025291664,2.903606653213501,6655200,0.0,0.0
2005-08-25 00:00:00-04:00,2.903606626627295,2.9322218931811643,2.8918239264676724,2.8993985652923584,4289600,0.0,0.0
2005-08-26 00:00:00-04:00,2.900241075955742,2.9052909439782506,2.8320696234522513,2.862367868423462,4119200,0.0,0.0
2005-08-29 00:00:00-04:00,2.827861301428412,2.851427031660973,2.7874633195285345,2.8404858112335205,5644800,0.0,0.0
2005-08-30 00:00:00-04:00,2.8404847298050586,2.8808826963246355,2.7521141579775787,2.8042948246002197,5616000,0.0,0.0
2005-08-31 00:00:00-04:00,2.819445175594754,2.8539518052001465,2.7866218353670167,2.8404858112335205,3615200,0.0,0.0
2005-09-01 00:00:00-04:00,2.83627698615218,2.8707836064849523,2.8076617165307693,2.819444417953491,4422400,0.0,0.0
2005-09-02 00:00:00-04:00,2.815236191055275,2.848901004423694,2.811869613402078,2.8472180366516113,2591200,0.0,0.0
2005-09-06 00:00:00-04:00,2.8825664172598384,3.0079687179900336,2.872467004379311,3.0062854290008545,10426400,0.0,0.0
2005-09-07 00:00:00-04:00,3.009650969762677,3.064356725202567,2.9751443563318993,3.0492074489593506,4876000,0.0,0.0
2005-09-08 00:00:00-04:00,3.0416335569261466,3.05930760986038,3.0096517080061895,3.0306923389434814,4820800,0.0,0.0
2005-09-09 00:00:00-04:00,3.029850666315948,3.0929725551975302,3.01722616011782,3.041633367538452,3808800,0.0,0.0
2005-09-12 00:00:00-04:00,3.0466832028296156,3.0651987383936463,3.0104932945594514,3.0601491928100586,2681600,0.0,0.0
2005-09-13 00:00:00-04:00,3.06014895481699,3.079506293842515,3.0391083270430053,3.0500495433807373,3542400,0.0,0.0
2005-09-14 00:00:00-04:00,3.0475246546188277,3.232682255689114,3.046683170715275,3.0887644290924072,10896000,0.0,0.0
2005-09-15 00:00:00-04:00,3.0887639288100033,3.1013881116457096,2.9667282350713515,3.0163841247558594,5410400,0.0,0.0
2005-09-16 00:00:00-04:00,3.0172259241333306,3.0635155625363573,3.0172259241333306,3.031533718109131,2892800,0.0,0.0
2005-09-19 00:00:00-04:00,3.048366152604585,3.078664706953761,2.989452332598353,3.0281670093536377,5140800,0.0,0.0
2005-09-20 00:00:00-04:00,3.0323754259562357,3.0407918704032566,2.962520702845868,2.971778631210327,5376800,0.0,0.0
2005-09-21 00:00:00-04:00,2.9498961563966617,2.9498961563966617,2.778204544677686,2.7874624729156494,10058400,0.0,0.0
2005-09-22 00:00:00-04:00,2.8068200974105295,2.822811182732766,2.705825323639517,2.811028480529785,10666400,0.0,0.0
2005-09-23 00:00:00-04:00,2.8110283676782806,2.8808830941006627,2.8110283676782806,2.844693183898926,4352800,0.0,0.0
2005-09-26 00:00:00-04:00,2.861525762555556,2.8901410330232933,2.7925125198488736,2.8017704486846924,5928800,0.0,0.0
2005-09-27 00:00:00-04:00,2.804294667771151,2.8068194402078968,2.718448873322506,2.7537972927093506,10540800,0.0,0.0
2005-09-28 00:00:00-04:00,2.7495890438406407,2.811869442419606,2.69320031632377,2.7647383213043213,9587200,0.0,0.0
2005-09-29 00:00:00-04:00,2.773154609250589,2.774837897880337,2.6797341771536765,2.7016162872314453,10675200,0.0,0.0
2005-09-30 00:00:00-04:00,2.7016166950480693,2.7016166950480693,2.5795811404600246,2.648594379425049,15973600,0.0,0.0
2005-10-03 00:00:00-04:00,2.6730009980650915,2.691516690128451,2.598096425027834,2.6065125465393066,8705600,0.0,0.0
2005-10-04 00:00:00-04:00,2.618295719993791,2.7277069180526636,2.613245853847876,2.6494357585906982,8649600,0.0,0.0
2005-10-05 00:00:00-04:00,2.7352819831278588,2.7731551824897687,2.683101148510035,2.694042205810547,17377600,0.0,0.0
2005-10-06 00:00:00-04:00,2.6856257493281808,2.686467393712783,2.60062159281038,2.6090378761291504,10563200,0.0,0.0
2005-10-07 00:00:00-04:00,2.6300781835853457,2.6629015079477765,2.565273018615267,2.5837888717651367,52832800,0.0,0.0
2005-10-10 00:00:00-04:00,2.613246250817759,2.6586940898713483,2.5913641363037407,2.629237174987793,14907200,0.0,0.0
2005-10-11 00:00:00-04:00,2.6511192417591585,2.6595355254257504,2.57873942696463,2.6006217002868652,15512800,0.0,0.0
2005-10-12 00:00:00-04:00,2.5964141988428366,2.615771543082886,2.5627492174411657,2.5879979133605957,13842400,0.0,0.0
2005-10-13 00:00:00-04:00,2.5248751607342483,2.5854721068020643,2.520667099677254,2.5804224014282227,9798400,0.0,0.0
2005-10-14 00:00:00-04:00,2.5879969848639717,2.616612248920907,2.5627482980030227,2.6048295497894287,9545600,0.0,0.0
2005-10-17 00:00:00-04:00,2.604830172719402,2.6586941365185397,2.604830172719402,2.655327558517456,8855200,0.0,0.0
2005-10-18 00:00:00-04:00,2.694883707103693,2.77736293138807,2.6932004183157043,2.763896942138672,13924800,0.0,0.0
2005-10-19 00:00:00-04:00,2.763896903403275,2.903606660303221,2.7546389757263414,2.858158826828003,13252800,0.0,0.0
2005-10-20 00:00:00-04:00,2.8581586129480927,2.9162309472834074,2.8531090680872686,2.864891767501831,11249600,0.0,0.0
2005-10-21 00:00:00-04:00,2.8741504379001896,2.9305391771278355,2.848901422847359,2.869100570678711,6864800,0.0,0.0
2005-10-24 00:00:00-04:00,2.903606809548019,2.921280860900879,2.853950912136756,2.921280860900879,5791200,0.0,0.0
2005-10-25 00:00:00-04:00,3.092972783465067,3.147678552954978,2.987769627564895,3.002077102661133,24702400,0.0,0.0
2005-10-26 00:00:00-04:00,3.0096511714343372,3.0172258100635094,2.8446927313484696,2.851425886154175,13603200,0.0,0.0
2005-10-27 00:00:00-04:00,2.8556341181345397,2.8825660968587865,2.7512724597872,2.7807295322418213,9168800,0.0,0.0
2005-10-28 00:00:00-04:00,2.8194441935947827,2.9044481907048505,2.768946814071605,2.901923418045044,8584000,0.0,0.0
2005-10-31 00:00:00-05:00,2.916231639289248,3.013018351057598,2.916231639289248,2.986086368560791,9989600,0.0,0.0
2005-11-01 00:00:00-05:00,2.9852446448671395,3.042475183341132,2.956629375630143,2.996185541152954,8176800,0.0,0.0
2005-11-02 00:00:00-05:00,3.0003940149879784,3.0517328833331705,2.9709369398784475,3.050891399383545,9165600,0.0,0.0
2005-11-03 00:00:00-05:00,3.0929714850618875,3.1358942133865573,3.079505499601754,3.113170623779297,8779200,0.0,0.0
2005-11-04 00:00:00-05:00,3.12663760395212,3.131687149447128,3.0508912109817983,3.0618324279785156,6818400,0.0,0.0
2005-11-07 00:00:00-05:00,3.098864173864496,3.1485200769221544,3.038267052558999,3.1308460235595703,5389600,0.0,0.0
2005-11-08 00:00:00-05:00,3.1114874923009355,3.116537036443999,3.0466823336780036,3.0626730918884277,6180000,0.0,0.0
2005-11-09 00:00:00-05:00,3.0677239799017615,3.150203212633846,3.062674113020578,3.1106467247009277,5386400,0.0,0.0
2005-11-10 00:00:00-05:00,3.076981833761654,3.108121876134638,2.9995521487408823,3.0954973697662354,10495200,0.0,0.0
2005-11-11 00:00:00-05:00,3.084555840875196,3.087080613209352,3.021433964085563,3.022275447845459,5192800,0.0,0.0
2005-11-14 00:00:00-05:00,3.0197509376644374,3.068565026337786,2.929697077977754,3.0391082763671875,13801600,0.0,0.0
2005-11-15 00:00:00-05:00,3.04668356794264,3.053416403212458,2.9667291023907008,2.991136312484741,7923200,0.0,0.0
2005-11-16 00:00:00-05:00,2.9961857016729674,3.004602146637423,2.937272192194517,2.9835615158081055,7541600,0.0,0.0
2005-11-17 00:00:00-05:00,3.013018263903024,3.0542580415015452,2.997027500087643,3.0062854290008545,7339200,0.0,0.0
2005-11-18 00:00:00-05:00,3.092972847141391,3.1140134787545977,2.963362479350943,3.052574872970581,21448000,0.0,0.0
2005-11-21 00:00:00-05:00,3.0980221343936467,3.183026128935213,3.035741735212732,3.181342840194702,19488000,0.0,0.0
2005-11-22 00:00:00-05:00,3.181343070241629,3.2141664004188444,3.0306920881443626,3.078665018081665,27897600,0.0,0.0
2005-11-23 00:00:00-05:00,3.0803476246504573,3.097180190244263,2.9793528731965946,2.9844024181365967,26180000,0.0,0.0
2005-11-25 00:00:00-05:00,3.016384485876322,3.143469739542069,3.010493135636788,3.075298309326172,11036000,0.0,0.0
2005-11-28 00:00:00-05:00,3.0971810501968213,3.145995471867052,2.9608378410339355,2.9608378410339355,20941600,0.0,0.0
2005-11-29 00:00:00-05:00,2.8783579311487273,3.1401033908851854,2.8758328375097926,2.9448463916778564,39403200,0.0,0.0
2005-11-30 00:00:00-05:00,2.916231387402906,2.924647510810766,2.796720444473219,2.8312270641326904,29410400,0.0,0.0
2005-12-01 00:00:00-05:00,2.831226984120105,2.859000768479286,2.7436978905120744,2.828702211380005,21526400,0.0,0.0
2005-12-02 00:00:00-05:00,2.886773974937865,2.9667284221572565,2.8623667704400892,2.9625203609466553,14757600,0.0,0.0
2005-12-05 00:00:00-05:00,2.9667286387486174,3.0003937730001944,2.9339053094333125,2.9355885982513428,10442400,0.0,0.0
2005-12-06 00:00:00-05:00,2.970936699416286,2.9894525553548066,2.9397966589279223,2.945688009262085,8649600,0.0,0.0
2005-12-07 00:00:00-05:00,2.947371064490141,2.9583122804098205,2.8791993175275863,2.8901405334472656,6916000,0.0,0.0
2005-12-08 00:00:00-05:00,2.907814473872222,2.9667282913872617,2.884249075287997,2.9162309169769287,6964800,0.0,0.0
2005-12-09 00:00:00-05:00,2.8993991890103894,2.8993991890103894,2.824494589549758,2.8573179244995117,8983200,0.0,0.0
2005-12-12 00:00:00-05:00,2.8867737435482566,2.8960316701022046,2.869099695247701,2.8741495609283447,6884000,0.0,0.0
2005-12-13 00:00:00-05:00,2.8699420333025625,2.8707838383604845,2.761372617813575,2.7697887420654297,20328000,0.0,0.0
2005-12-14 00:00:00-05:00,2.7773627992254726,2.8009281990269175,2.763896810616862,2.770629644393921,8283200,0.0,0.0
2005-12-15 00:00:00-05:00,2.7580055255780507,2.758847009424553,2.6511190980202195,2.660377025604248,29805600,0.0,0.0
2005-12-16 00:00:00-05:00,2.660377291611313,2.676368054729754,2.6351284394558903,2.6544859409332275,14536000,0.0,0.0
2005-12-19 00:00:00-05:00,2.657010754156143,2.6805763177538577,2.5972554414820617,2.598097085952759,9797600,0.0,0.0
2005-12-20 00:00:00-05:00,2.600621706375447,2.6199790464848465,2.544232814362699,2.562748670578003,12994400,0.0,0.0
2005-12-21 00:00:00-05:00,2.600622152867337,2.650278058561751,2.5669571728695866,2.5913643836975098,23754400,0.0,0.0
2005-12-22 00:00:00-05:00,2.5711651896969023,2.5837896974341525,2.5417084330494095,2.5703237056732178,10518400,0.0,0.0
2005-12-23 00:00:00-05:00,2.5703233083608024,2.6048299269801856,2.5669567306773216,2.577897787094116,5524000,0.0,0.0
2005-12-27 00:00:00-05:00,2.5837894510054444,2.602305147778976,2.554332536640118,2.598097085952759,8728800,0.0,0.0
2005-12-28 00:00:00-05:00,2.6174539699694526,2.710032758719608,2.6107209759072907,2.6528022289276123,11119200,0.0,0.0
2005-12-29 00:00:00-05:00,2.6528025432067834,2.6847842286591317,2.6435446150768027,2.673001527786255,10356800,0.0,0.0
2005-12-30 00:00:00-05:00,2.674684816125982,2.6999336672409804,2.6595355375624354,2.678051233291626,9986400,0.0,0.0
2006-01-03 00:00:00-05:00,2.6780516678002946,2.7470649164294874,2.6216627665132473,2.7192914485931396,14340000,0.0,0.0
2006-01-04 00:00:00-05:00,2.720132132760258,2.8202853980144673,2.720132132760258,2.8152358531951904,18158400,0.0,0.0
2006-01-05 00:00:00-05:00,3.1476779788343445,3.236048549461231,3.092972219322489,3.140103340148926,64004000,0.0,0.0
2006-01-06 00:00:00-05:00,3.1560946844095645,3.262981129581448,3.050891528262579,3.241940498352051,25268800,0.0,0.0
2006-01-09 00:00:00-05:00,3.156935264534018,3.257088845985936,3.123270456838271,3.2259488105773926,19167200,0.0,0.0
2006-01-10 00:00:00-05:00,3.1981760202811778,3.272239133804019,3.1687192643056754,3.257089853286743,12179200,0.0,0.0
2006-01-11 00:00:00-05:00,3.255405296616459,3.312635818273767,3.2225819752947986,3.2974865436553955,16179200,0.0,0.0
2006-01-12 00:00:00-05:00,3.278130355321596,3.293279635239591,3.2133251736845185,3.243623733520508,9652800,0.0,0.0
2006-01-13 00:00:00-05:00,3.2251076161372567,3.2966456269520963,3.222582843372234,3.2267909049987793,8151200,0.0,0.0
2006-01-17 00:00:00-05:00,3.1981763738766107,3.230158227510664,3.1779772239354727,3.220900297164917,5452000,0.0,0.0
2006-01-18 00:00:00-05:00,3.1762945776996663,3.2436245492372437,3.1729279988591306,3.2032265663146973,9820000,0.0,0.0
2006-01-19 00:00:00-05:00,3.198175736079337,3.2680307812630347,3.193967674321718,3.2562477588653564,7996800,0.0,0.0
2006-01-20 00:00:00-05:00,3.261297313330256,3.273921818448819,3.1964921410936693,3.2082748413085938,6880800,0.0,0.0
2006-01-23 00:00:00-05:00,3.1981752454973056,3.227631994336672,3.160302053379204,3.2065913677215576,6049600,0.0,0.0
2006-01-24 00:00:00-05:00,3.1981752454973056,3.241097982528165,3.1880758346173064,3.2065913677215576,4924800,0.0,0.0
2006-01-25 00:00:00-05:00,3.210800062742499,3.2394153305694515,3.1906009179598507,3.2242660522460938,5652800,0.0,0.0
2006-01-26 00:00:00-05:00,3.2360489312990555,3.2713970352989143,3.224266229965769,3.258772850036621,6236000,0.0,0.0
2006-01-27 00:00:00-05:00,3.259614642078806,3.4590797417790538,3.2537232908552864,3.294121265411377,14284800,0.0,0.0
2006-01-30 00:00:00-05:00,3.290753916917643,3.351351025093555,3.27812973341732,3.328627109527588,6882400,0.0,0.0
2006-01-31 00:00:00-05:00,3.332834668978628,3.401847889099029,3.3075859847243616,3.392590284347534,10189600,0.0,0.0
2006-02-01 00:00:00-05:00,3.392591688095741,3.56007494242344,3.392591688095741,3.5508170127868652,22532800,0.0,0.0
2006-02-02 00:00:00-05:00,3.54324200260895,3.54324200260895,3.4548714198464063,3.5398757457733154,14772800,0.0,0.0
2006-02-03 00:00:00-05:00,3.555865553538833,3.6669600256218438,3.5222004257936077,3.5827975273132324,13072000,0.0,0.0
2006-02-06 00:00:00-05:00,3.582797712443481,3.6324536018535576,3.551657676355474,3.627403736114502,8327200,0.0,0.0
2006-02-07 00:00:00-05:00,3.6274043380660435,3.6425536167426977,3.5171516467636965,3.5255677700042725,8088800,0.0,0.0
2006-02-08 00:00:00-05:00,3.5255683034035057,3.526410108487637,3.3749172988010576,3.5137856006622314,6632800,0.0,0.0
2006-02-09 00:00:00-05:00,3.513785230264504,3.563441130193058,3.399324151035665,3.4052155017852783,7375200,0.0,0.0
2006-02-10 00:00:00-05:00,3.3976408084777265,3.421206532158802,3.35387625998948,3.4068987369537354,6680000,0.0,0.0
2006-02-13 00:00:00-05:00,3.4068992769065916,3.4557136998604006,3.358926659068308,3.3824920654296875,3857600,0.0,0.0
2006-02-14 00:00:00-05:00,3.4043742281869913,3.411107063293457,3.3311529207359336,3.411107063293457,5366400,0.0,0.0
2006-02-15 00:00:00-05:00,3.411106081102151,3.4994769644700634,3.389223971988659,3.419522523880005,7472800,0.0,0.0
2006-02-16 00:00:00-05:00,3.487694364681608,3.5289341366243536,3.380807936436637,3.5095767974853516,7809600,0.0,0.0
2006-02-17 00:00:00-05:00,3.522202307473162,3.522202307473162,3.450664274114587,3.4632887840270996,5732000,0.0,0.0
2006-02-21 00:00:00-05:00,3.450663366324047,3.4666541297590854,3.3841748975783728,3.409423589706421,4985600,0.0,0.0
2006-02-22 00:00:00-05:00,3.4094229751944387,3.5306171892523754,3.3841742876171956,3.4540293216705322,4616800,0.0,0.0
2006-02-23 00:00:00-05:00,3.4422478502952707,3.445614107733263,3.3631348609924316,3.3631348609924316,5284800,0.0,0.0
2006-02-24 00:00:00-05:00,3.3454604866529882,3.392591617893655,3.304220706685584,3.370709180831909,3040800,0.0,0.0
2006-02-27 00:00:00-05:00,3.366501006050523,3.4153154247444415,3.360609654974299,3.38670015335083,4370400,0.0,0.0
2006-02-28 00:00:00-05:00,3.386699841481952,3.3909079031410987,3.328627499000336,3.369025468826294,5433600,0.0,0.0
2006-03-01 00:00:00-05:00,3.369867438361428,3.4573965377861633,3.369867438361428,3.4489800930023193,5396000,0.0,0.0
2006-03-02 00:00:00-05:00,3.4169985533777965,3.460763107040695,3.3774423830139724,3.391749858856201,5779200,0.0,0.0
2006-03-03 00:00:00-05:00,3.366500342764506,3.473386767173818,3.366500342764506,3.450662851333618,4959200,0.0,0.0
2006-03-06 00:00:00-05:00,3.38670027108903,3.501161039588136,3.38670027108903,3.4329895973205566,4565600,0.0,0.0
2006-03-07 00:00:00-05:00,3.4329892447188763,3.4329892447188763,3.3311526732582206,3.3614509105682373,5328800,0.0,0.0
2006-03-08 00:00:00-05:00,3.3496673064930236,3.3496673064930236,3.2309981989157914,3.2612967491149902,6636800,0.0,0.0
2006-03-09 00:00:00-05:00,3.273922354897556,3.3059038832771144,3.207433883013722,3.2192165851593018,4141600,0.0,0.0
2006-03-10 00:00:00-05:00,3.20238319775499,3.28738750618112,3.1358947428582096,3.265505075454712,5876800,0.0,0.0
2006-03-13 00:00:00-05:00,3.2655046279546407,3.3496671200207624,3.2655046279546407,3.2924365997314453,6683200,0.0,0.0
2006-03-14 00:00:00-05:00,3.292437302232711,3.4456130447915236,3.283179374761382,3.403531789779663,10702400,0.0,0.0
2006-03-15 00:00:00-05:00,3.4043734107400394,3.491060688643521,3.339568242996507,3.3488261699676514,9444000,0.0,0.0
2006-03-16 00:00:00-05:00,3.3572422661184653,3.4439295433512456,3.3530342050880884,3.3749163150787354,3470400,0.0,0.0
2006-03-17 00:00:00-05:00,3.4085816496765675,3.4843280369800675,3.37744161092046,3.4590790271759033,8017600,0.0,0.0
2006-03-20 00:00:00-05:00,3.446455781255573,3.511260970017151,3.4102658664789183,3.4843289852142334,5472000,0.0,0.0
2006-03-21 00:00:00-05:00,3.7241920391718546,3.8697931809338315,3.7208254608404077,3.787313938140869,34934400,0.0,0.0
2006-03-22 00:00:00-05:00,3.703150495940042,3.840335479207627,3.7023090120913094,3.8243443965911865,9578400,0.0,0.0
2006-03-23 00:00:00-05:00,3.783104762853193,3.87989145350056,3.783104762853193,3.802462100982666,9898400,0.0,0.0
2006-03-24 00:00:00-05:00,3.803304391245457,3.967421379295911,3.7839470490114424,3.939647912979126,8592800,0.0,0.0
2006-03-27 00:00:00-05:00,3.9219730369167563,4.033909335012199,3.9085070474745125,3.9455387592315674,8910400,0.0,0.0
2006-03-28 00:00:00-05:00,3.9834120999545055,4.013710336512216,3.894199715991204,3.900932550430298,8101600,0.0,0.0
2006-03-29 00:00:00-05:00,3.900090453531428,4.021284343877422,3.900090453531428,3.9556376934051514,5836000,0.0,0.0
2006-03-30 00:00:00-05:00,3.956479177182332,4.019601055268585,3.9421717055889296,3.9556376934051514,7541600,0.0,0.0
2006-03-31 00:00:00-05:00,3.9724709215095046,3.9977196127475305,3.9396475907946176,3.967421054840088,7366400,0.0,0.0
2006-04-03 00:00:00-04:00,3.9674199117282396,4.065048391826081,3.890832055108851,3.910189390182495,7973600,0.0,0.0
2006-04-04 00:00:00-04:00,3.9101897313290666,4.043166637420654,3.8975655487732532,4.043166637420654,7552800,0.0,0.0
2006-04-05 00:00:00-04:00,4.043166874324991,4.155102840606712,4.037275524576189,4.096189022064209,10348800,0.0,0.0
2006-04-06 00:00:00-04:00,4.087773315294199,4.13742921183367,4.063366108966177,4.123121738433838,4656800,0.0,0.0
2006-04-07 00:00:00-04:00,4.128171337583975,4.162677956234881,4.089456657352133,4.121438503265381,4709600,0.0,0.0
2006-04-10 00:00:00-04:00,4.123121184720864,4.181193196513886,4.091980827289364,4.0953474044799805,8205600,0.0,0.0
2006-04-11 00:00:00-04:00,3.955638700948599,3.976679332336624,3.934598069560575,3.9539554119110107,15877600,0.0,0.0
2006-04-12 00:00:00-04:00,3.9573215627632714,3.985095026248738,3.9446970568715454,3.9648962020874023,6859200,0.0,0.0
2006-04-13 00:00:00-04:00,3.9573210352232344,3.973311795640482,3.942171758594482,3.943855047225952,5961600,0.0,0.0
2006-04-17 00:00:00-04:00,3.938806514668593,3.9396483197965293,3.871476551890117,3.921973943710327,6667200,0.0,0.0
2006-04-18 00:00:00-04:00,3.9388056337955386,3.951430139454545,3.866425819600202,3.937122344970703,7016800,0.0,0.0
2006-04-19 00:00:00-04:00,3.9556376669304885,3.9691036546565837,3.9135564151546323,3.961529016494751,3589600,0.0,0.0
2006-04-20 00:00:00-04:00,3.956480406489422,4.031385328111035,3.9354397739231946,3.999403476715088,4015200,0.0,0.0
2006-04-21 00:00:00-04:00,4.0078203949958136,4.0078203949958136,3.90345901659101,3.9547982215881348,4872800,0.0,0.0
2006-04-24 00:00:00-04:00,3.9430147045998982,3.9556392134903233,3.8925173111473925,3.9354400634765625,8646400,0.0,0.0
2006-04-25 00:00:00-04:00,3.9556376682287637,3.9733117169273506,3.916081188809045,3.938805103302002,4122400,0.0,0.0
2006-04-26 00:00:00-04:00,3.9522721640686167,4.011185996780065,3.9480641019580616,3.9876205921173096,5029600,0.0,0.0
2006-04-27 00:00:00-04:00,3.966580200745877,4.006136372246284,3.879892574956323,3.985095739364624,8373600,0.0,0.0
2006-04-28 00:00:00-04:00,3.9850944665725345,4.03390887337344,3.9455383077058968,3.972470283508301,6791200,0.0,0.0
2006-05-01 00:00:00-04:00,3.9808877218573278,4.057475613567409,3.9808877218573278,4.006136417388916,8448800,0.0,0.0
2006-05-02 00:00:00-04:00,4.056634114236516,4.07683294216392,4.013711043045264,4.041484832763672,10076800,0.0,0.0
2006-05-03 00:00:00-04:00,4.041484329878753,4.066733022173586,4.012027254655997,4.037276268005371,9106400,0.0,0.0
2006-05-04 00:00:00-04:00,4.059158100611448,4.059158100611448,3.913556986728521,3.9909863471984863,8647200,0.0,0.0
2006-05-05 00:00:00-04:00,3.990986905510675,4.082724073455818,3.990986905510675,4.058317184448242,7203200,0.0,0.0
2006-05-08 00:00:00-04:00,4.039801185730349,4.062525105926628,3.982570643248138,3.995195150375366,5166400,0.0,0.0
2006-05-09 00:00:00-04:00,3.9817288407224383,4.037276089740208,3.976678974064631,4.002769470214844,2714400,0.0,0.0
2006-05-10 00:00:00-04:00,3.981729862052297,3.9968791448570435,3.8916759704099757,3.9059834480285645,6000800,0.0,0.0
2006-05-11 00:00:00-04:00,3.915240616729666,3.927023318605746,3.7460737653529574,3.7797389030456543,9512000,0.0,0.0
2006-05-12 00:00:00-04:00,3.779738356378239,3.779738356378239,3.682109856454984,3.6989424228668213,6625600,0.0,0.0
2006-05-15 00:00:00-04:00,3.6400284499674425,3.666960426687467,3.527250677056908,3.6560192108154297,14463200,0.0,0.0
2006-05-16 00:00:00-04:00,3.730923893290552,3.8723166022477544,3.723349255216553,3.7283987998962402,15004000,0.0,0.0
2006-05-17 00:00:00-04:00,3.8293954075619276,3.8293954075619276,3.736816745910841,3.7536489963531494,13900800,0.0,0.0
2006-05-18 00:00:00-04:00,3.9775202227714415,4.0153934178290625,3.8167698357975475,3.8192949295043945,27920800,0.0,0.0
2006-05-19 00:00:00-04:00,3.837811973524634,3.871477120384615,3.6913693231093765,3.784789800643921,17420000,0.0,0.0
2006-05-22 00:00:00-04:00,3.7250329805941402,3.770480818284449,3.5693324475736232,3.6467621326446533,13483200,0.0,0.0
2006-05-23 00:00:00-04:00,3.677902016305401,3.7216665631863863,3.6391873359680176,3.6391873359680176,8955200,0.0,0.0
2006-05-24 00:00:00-04:00,3.647604354453093,3.7023101317454237,3.4708631557548837,3.539034605026245,9572000,0.0,0.0
2006-05-25 00:00:00-04:00,3.5928980302730746,3.703992536154079,3.583640422328449,3.6585450172424316,9716000,0.0,0.0
2006-05-26 00:00:00-04:00,3.6711688288621906,3.7098838299160866,3.653494777695672,3.667802572250366,2690400,0.0,0.0
2006-05-30 00:00:00-04:00,3.6476031782224183,3.648444662054283,3.545766618678587,3.5499746799468994,4466400,0.0,0.0
2006-05-31 00:00:00-04:00,3.6080462670620843,3.656018866137832,3.572698171344989,3.6139376163482666,8531200,0.0,0.0
2006-06-01 00:00:00-04:00,3.6147801973449676,3.706517354427338,3.5684908768475205,3.6972594261169434,6748800,0.0,0.0
2006-06-02 00:00:00-04:00,3.703992403662122,3.736816056499972,3.6316129053716457,3.6551783084869385,3640000,0.0,0.0
2006-06-05 00:00:00-04:00,3.6383451222573138,3.6526529153294773,3.4405633601437833,3.4481379985809326,9801600,0.0,0.0
2006-06-06 00:00:00-04:00,3.459078915642352,3.5121013850451606,3.41783946692699,3.5078933238983154,8560800,0.0,0.0
2006-06-07 00:00:00-04:00,3.5339836851801505,3.569331782763567,3.4641286527351025,3.471703290939331,9148000,0.0,0.0
2006-06-08 00:00:00-04:00,3.4506630633071125,3.452346352108438,3.2823380358287166,3.4464550018310547,14679200,0.0,0.0
2006-06-09 00:00:00-04:00,3.454871906111016,3.5247269624186095,3.454871906111016,3.4843289852142334,7392000,0.0,0.0
2006-06-12 00:00:00-04:00,3.4860107957639705,3.4994771047483404,3.2772878223233928,3.3749163150787354,12683200,0.0,0.0
2006-06-13 00:00:00-04:00,3.3665008932339475,3.417840083224492,3.01890958611227,3.325261116027832,34932000,0.0,0.0
2006-06-14 00:00:00-04:00,3.387541343894288,3.4826450789721775,3.3437767960801663,3.39848256111145,11556800,0.0,0.0
2006-06-15 00:00:00-04:00,3.3841742097025747,3.477594640536567,3.274763018683866,3.471703290939331,12840000,0.0,0.0
2006-06-16 00:00:00-04:00,3.4195227717918817,3.430463666614599,3.3016951327952584,3.3185276985168457,19246400,0.0,0.0
2006-06-19 00:00:00-04:00,3.3185280700483273,3.3210528428201602,3.1855511391200646,3.1914424896240234,9212800,0.0,0.0
2006-06-20 00:00:00-04:00,3.185551924203509,3.191443276159399,3.0803487520560404,3.0870819091796875,10371200,0.0,0.0
2006-06-21 00:00:00-04:00,3.087921587023043,3.2444638669783097,3.063514709363053,3.233522653579712,17034400,0.0,0.0
2006-06-22 00:00:00-04:00,3.1628273961267785,3.2183746419257266,3.039108399143186,3.098022222518921,15736800,0.0,0.0
2006-06-23 00:00:00-04:00,3.118221610761775,3.2074340063811237,3.082031697891492,3.1704022884368896,9082400,0.0,0.0
2006-06-26 00:00:00-04:00,3.176293166023958,3.212482748784376,3.050890888912279,3.1249539852142334,8500000,0.0,0.0
2006-06-27 00:00:00-04:00,3.1308457949650426,3.1560944866473144,3.071090483070942,3.0954973697662354,7832800,0.0,0.0
2006-06-28 00:00:00-04:00,3.104754975077897,3.1325287577752032,3.081189574768304,3.125795602798462,8960000,0.0,0.0
2006-06-29 00:00:00-04:00,3.174609430636662,3.295803308486939,3.1426275924752014,3.2958033084869385,10038400,0.0,0.0
2006-06-30 00:00:00-04:00,3.300011406207497,3.5348248481750493,3.1906002251177297,3.534824848175049,40900800,0.0,0.0
2006-07-03 00:00:00-04:00,3.406056511169779,3.408581283457134,3.3328349042918575,3.3471426963806152,9300800,0.0,0.0
2006-07-05 00:00:00-04:00,3.347142941392305,3.347142941392305,3.2318403967156195,3.268871784210205,8599200,0.0,0.0
2006-07-06 00:00:00-04:00,3.2688718350708617,3.339568354881942,3.2537225578931666,3.3000118732452393,7608000,0.0,0.0
2006-07-07 00:00:00-04:00,3.2882293164361664,3.2932791827331473,3.193967392940719,3.204908609390259,8792000,0.0,0.0
2006-07-10 00:00:00-04:00,3.210800112077154,3.2234242968375826,3.093813945214924,3.114854574203491,9079200,0.0,0.0
2006-07-11 00:00:00-04:00,3.1182215140965854,3.1485200747282214,3.0719321891558335,3.1409454345703125,6838400,0.0,0.0
2006-07-12 00:00:00-04:00,3.135053906757471,3.164510660681028,3.042475262093831,3.106438636779785,11244000,0.0,0.0
2006-07-13 00:00:00-04:00,3.1064386636450196,3.3395688873211054,3.103072085723344,3.3109536170959473,27345600,0.0,0.0
2006-07-14 00:00:00-04:00,3.289071698736336,3.363134491099942,3.21416678026031,3.2772886753082275,25800000,0.0,0.0
2006-07-17 00:00:00-04:00,3.2739224808223013,3.294963112907137,3.1678775153241707,3.1704022884368896,8840000,0.0,0.0
2006-07-18 00:00:00-04:00,3.23604907492369,3.337044166777131,3.215008444164829,3.3193697929382324,10285600,0.0,0.0
2006-07-19 00:00:00-04:00,3.3193694287598015,3.478436849530822,3.2932792549561585,3.44392991065979,14404800,0.0,0.0
2006-07-20 00:00:00-04:00,3.44477202329819,3.4506633741062034,3.205750449908164,3.271397113800049,13608800,0.0,0.0
2006-07-21 00:00:00-04:00,3.261298481761526,3.2663483498290766,3.155253820779892,3.1872353553771973,7272800,0.0,0.0
2006-07-24 00:00:00-04:00,3.198175648937761,3.3025373113776153,3.198175648937761,3.2890713214874268,6758400,0.0,0.0
2006-07-25 00:00:00-04:00,3.289912735539459,3.390907818098705,3.2789715186564568,3.3892245292663574,11869600,0.0,0.0
2006-07-26 00:00:00-04:00,3.39006603035086,3.4464550828297256,3.3614507621648357,3.438880443572998,9171200,0.0,0.0
2006-07-27 00:00:00-04:00,3.4590792161870323,3.558391008942888,3.4144731862567714,3.4380385875701904,11804800,0.0,0.0
2006-07-28 00:00:00-04:00,3.4464554215473804,3.578590558525245,3.443088843534741,3.553341865539551,6951200,0.0,0.0
2006-07-31 00:00:00-04:00,3.553341665761272,3.5550249546729527,3.499477704805619,3.502002477645874,5831200,0.0,0.0
2006-08-01 00:00:00-04:00,3.4927444079622068,3.4935858918567635,3.3740752734495274,3.406057119369507,9466400,0.0,0.0
2006-08-02 00:00:00-04:00,3.4548709226671117,3.6433950836779028,3.449821377613054,3.6114132404327393,14356000,0.0,0.0
2006-08-03 00:00:00-04:00,3.602155836737527,3.7494402485753717,3.5651244430550744,3.7376575469970703,11303200,0.0,0.0
2006-08-04 00:00:00-04:00,3.794045770222388,3.858850614677808,3.669484983882299,3.7283987998962402,12148000,0.0,0.0
2006-08-07 00:00:00-04:00,3.7199824924952236,3.7763712123019935,3.6265620679275155,3.76206374168396,6837600,0.0,0.0
2006-08-08 00:00:00-04:00,3.79320520429372,3.8125625476818583,3.7174587988144183,3.7326080799102783,7664800,0.0,0.0
2006-08-09 00:00:00-04:00,3.7662719900980774,3.771321855832008,3.685476064682007,3.685476064682007,6882400,0.0,0.0
2006-08-10 00:00:00-04:00,3.6652770241838386,3.7746882163429354,3.6652770241838386,3.75028133392334,5800000,0.0,0.0
2006-08-11 00:00:00-04:00,3.8117202257026737,3.955638043420863,3.7839464427810046,3.909348726272583,14607200,0.0,0.0
2006-08-14 00:00:00-04:00,3.9430138114898834,3.9539550286463783,3.8512766546881774,3.8807337284088135,5054400,0.0,0.0
2006-08-15 00:00:00-04:00,3.8479092432163786,3.9598451908095678,3.8277101038396797,3.8975651264190674,7867200,0.0,0.0
2006-08-16 00:00:00-04:00,3.9236558519461973,3.9808863804287573,3.8883077543240434,3.9556376934051514,15787200,0.0,0.0
2006-08-17 00:00:00-04:00,3.627403781136724,3.948904519594211,3.6189876591883077,3.8049867153167725,39456800,0.0,0.0
2006-08-18 00:00:00-04:00,3.8049874449031003,3.820136724158622,3.709042223654483,3.7393407821655273,11964000,0.0,0.0
2006-08-21 00:00:00-04:00,3.700625749296304,3.7098836769698114,3.6139381437616924,3.6248793601989746,12586400,0.0,0.0
2006-08-22 00:00:00-04:00,3.6189875329117136,3.6888425626531274,3.612254378744341,3.6703267097473145,8999200,0.0,0.0
2006-08-23 00:00:00-04:00,3.7199824380627655,3.7342899084714456,3.6400280015632043,3.672851324081421,10399200,0.0,0.0
2006-08-24 00:00:00-04:00,3.685476152157716,3.688000924557373,3.5348251919249822,3.554182529449463,11295200,0.0,0.0
2006-08-25 00:00:00-04:00,3.534826096374598,3.5508168607547463,3.4742289748421458,3.523043394088745,13466400,0.0,0.0
2006-08-28 00:00:00-04:00,3.5222004257936077,3.6004715749049723,3.5213589420744804,3.5827975273132324,6683200,0.0,0.0
2006-08-29 00:00:00-04:00,3.587006295386676,3.645920120031586,3.5289342756813524,3.6282460689544678,6012000,0.0,0.0
2006-08-30 00:00:00-04:00,3.628246823170122,3.674536151779683,3.565124923869472,3.6694862842559814,11145600,0.0,0.0
2006-08-31 00:00:00-04:00,3.6888430147579254,3.69473436484919,3.647603243064573,3.6762185096740723,3318400,0.0,0.0
2006-09-01 00:00:00-04:00,3.6846339148091296,3.7014664779581015,3.613937406427,3.640869379043579,6332800,0.0,0.0
2006-09-05 00:00:00-04:00,3.6425537088427555,3.7334493832009312,3.6324542964878015,3.7183001041412354,6214400,0.0,0.0
2006-09-06 00:00:00-04:00,3.6678024404693543,3.729241035927328,3.643395234847082,3.6745352745056152,11133600,0.0,0.0
2006-09-07 00:00:00-04:00,3.658543880810135,3.7098830558186986,3.570173001307814,3.6770594120025635,8399200,0.0,0.0
2006-09-08 00:00:00-04:00,3.749440215009163,3.800779403758904,3.7115670166647194,3.766272783279419,12696000,0.0,0.0
2006-09-11 00:00:00-04:00,3.76795696696442,3.858010859382095,3.71325118735909,3.8378117084503174,10446400,0.0,0.0
2006-09-12 00:00:00-04:00,3.8378108767218926,4.024651778393975,3.8167702462112363,3.979203939437866,12341600,0.0,0.0
2006-09-13 00:00:00-04:00,3.9792039756074358,4.0398010947663865,3.9034578977132934,4.035593032836914,8590400,0.0,0.0
2006-09-14 00:00:00-04:00,4.018759650949543,4.0238095168758985,3.901773819285383,3.9707870483398438,11056000,0.0,0.0
2006-09-15 00:00:00-04:00,4.010344505310059,4.02296869161821,3.9379646813469145,4.010344505310059,14955200,0.0,0.0
2006-09-18 00:00:00-04:00,4.001926739118853,4.097030452310895,3.986777463705804,4.052424430847168,10916800,0.0,0.0
2006-09-19 00:00:00-04:00,4.044009102791874,4.048217164665256,3.930389826937858,4.037276268005371,9942400,0.0,0.0
2006-09-20 00:00:00-04:00,4.006136262189931,4.126488704651078,4.006136262189931,4.07094144821167,14860000,0.0,0.0
2006-09-21 00:00:00-04:00,4.187086462107521,4.187086462107521,4.085249863398818,4.111340045928955,14238400,0.0,0.0
2006-09-22 00:00:00-04:00,4.11133849818159,4.11133849818159,3.7629057570398072,3.9665791988372803,35704000,0.0,0.0
2006-09-25 00:00:00-04:00,3.9977194403032863,4.073465831804523,3.9017742251047296,4.038117408752441,13921600,0.0,0.0
2006-09-26 00:00:00-04:00,4.048217529388838,4.102081817806461,4.000244913390208,4.060842037200928,9628000,0.0,0.0
2006-09-27 00:00:00-04:00,4.059158671528012,4.094507100102405,3.9615301522602357,3.9733128547668457,12991200,0.0,0.0
2006-09-28 00:00:00-04:00,3.976678401897828,4.032225642923428,3.8925158960375565,3.9253392219543457,18363200,0.0,0.0
2006-09-29 00:00:00-04:00,3.934597713508068,3.965737755249121,3.8891498767695403,3.8950412273406982,5998400,0.0,0.0
2006-10-02 00:00:00-04:00,3.9303896265134894,3.935439172082237,3.8529599435626016,3.8807337284088135,7277600,0.0,0.0
2006-10-03 00:00:00-04:00,3.875683043062798,4.000243503966558,3.8411764310628005,3.982569456100464,9816000,0.0,0.0
2006-10-04 00:00:00-04:00,3.982570162003039,4.05663326468708,3.9623713383057186,4.038117408752441,5933600,0.0,0.0
2006-10-05 00:00:00-04:00,4.06084161413186,4.102922874381931,4.004452879502942,4.0591583251953125,5426400,0.0,0.0
2006-10-06 00:00:00-04:00,4.059157746676763,4.060841035373405,3.959004477135253,4.006977081298828,6384800,0.0,0.0
2006-10-09 00:00:00-04:00,3.9977203561299803,4.051584326401734,3.9522725108177177,4.044009685516357,4200000,0.0,0.0
2006-10-10 00:00:00-04:00,4.066733928244042,4.069258701719683,3.9648973313680638,4.0389604568481445,13952000,0.0,0.0
2006-10-11 00:00:00-04:00,4.038959380328701,4.178669147374985,4.0086608224781415,4.128171443939209,14608800,0.0,0.0
2006-10-12 00:00:00-04:00,4.132379897377277,4.267040131583913,4.115547649024186,4.2308502197265625,12948800,0.0,0.0
2006-10-13 00:00:00-04:00,4.288080542907462,4.431156893944359,4.283872481035253,4.352885723114014,24780000,0.0,0.0
2006-10-16 00:00:00-04:00,4.380658923473357,4.392441624425014,4.335211087470233,4.3562517166137695,5661600,0.0,0.0
2006-10-17 00:00:00-04:00,4.3562509466518655,4.374766799762971,4.272088444953337,4.304912090301514,5338400,0.0,0.0
2006-10-18 00:00:00-04:00,4.3360524224467145,4.3705590376598,4.258622748642663,4.290604591369629,5908800,0.0,0.0
2006-10-19 00:00:00-04:00,4.290606195322646,4.346995263343599,4.232534159051462,4.315013408660889,5388800,0.0,0.0
2006-10-20 00:00:00-04:00,4.306596064002952,4.3537271915454765,4.235058049266809,4.313329219818115,6804000,0.0,0.0
2006-10-23 00:00:00-04:00,4.292287015726966,4.400856705530769,4.250205770474741,4.384024143218994,7506400,0.0,0.0
2006-10-24 00:00:00-04:00,4.354569622150437,4.437890350478877,4.240950009355399,4.283873081207275,11533600,0.0,0.0
2006-10-25 00:00:00-04:00,4.267040120221233,4.313329445178086,4.155103806854814,4.181194305419922,7942400,0.0,0.0
2006-10-26 00:00:00-04:00,4.219066943461869,4.354568643229598,4.218225138526005,4.339419364929199,7327200,0.0,0.0
2006-10-27 00:00:00-04:00,4.33941947122377,4.38655027504214,4.286396995873581,4.346152305603027,6628800,0.0,0.0
2006-10-30 00:00:00-05:00,4.325954055738537,4.340261531353043,4.246841074160936,4.283030986785889,10313600,0.0,0.0
2006-10-31 00:00:00-05:00,4.287239227642462,4.313329727917808,4.229167196641363,4.297338962554932,9998400,0.0,0.0
2006-11-01 00:00:00-05:00,4.309121074647976,4.3310031885151075,4.195501480372872,4.215700626373291,6600000,0.0,0.0
2006-11-02 00:00:00-05:00,4.18287674206153,4.27208879571184,4.124804405646676,4.233374118804932,7436800,0.0,0.0
2006-11-03 00:00:00-05:00,4.375608370307873,4.527942284751655,4.375608370307873,4.5043768882751465,19126400,0.0,0.0
2006-11-06 00:00:00-05:00,4.52373604306726,4.552351316460939,4.460614144791903,4.48249626159668,6737600,0.0,0.0
2006-11-07 00:00:00-05:00,4.482496213053464,4.585174602540221,4.408433417705071,4.463980674743652,9868800,0.0,0.0
2006-11-08 00:00:00-05:00,4.452196886845766,4.5329928190192845,4.422739815849205,4.483336925506592,6965600,0.0,0.0
2006-11-09 00:00:00-05:00,4.504377946095822,4.504377946095822,4.368034758519821,4.375609397888184,11314400,0.0,0.0
2006-11-10 00:00:00-05:00,4.3764502451575815,4.4126401478692046,4.343626919687616,4.400857448577881,10802400,0.0,0.0
2006-11-13 00:00:00-05:00,4.410956859248376,4.498485941204602,4.400015643740228,4.400857448577881,10700000,0.0,0.0
2006-11-14 00:00:00-05:00,4.403383707152908,4.4757635370048225,4.3251125256669605,4.469030380249023,12220800,0.0,0.0
2006-11-15 00:00:00-05:00,4.473236558882255,4.531308562531594,4.421055582908665,4.437888145446777,6547200,0.0,0.0
2006-11-16 00:00:00-05:00,4.456406192116614,4.456406192116614,4.355411088179788,4.399175643920898,9756000,0.0,0.0
2006-11-17 00:00:00-05:00,4.395808413597052,4.3966502185938205,4.312487697971121,4.354568958282471,13632800,0.0,0.0
2006-11-20 00:00:00-05:00,4.4833361468545405,4.4833361468545405,4.266196755664004,4.305753231048584,22174400,0.0,0.0
2006-11-21 00:00:00-05:00,4.267040444652833,4.623047917157237,4.18624449083366,4.460614204406738,40560000,0.0,0.0
2006-11-22 00:00:00-05:00,4.485020578293551,4.728250199444718,4.485020578293551,4.657553672790527,18607200,0.0,0.0
2006-11-24 00:00:00-05:00,4.657554918892893,4.8132554875471945,4.65671343476732,4.767807960510254,12698400,0.0,0.0
2006-11-27 00:00:00-05:00,4.767807101215005,4.780431287151012,4.612948044596309,4.629780292510986,13477600,0.0,0.0
2006-11-28 00:00:00-05:00,4.629779045359156,4.695426014549959,4.558241047828757,4.578440189361572,11149600,0.0,0.0
2006-11-29 00:00:00-05:00,4.599480762060958,4.687851323016052,4.597797473531262,4.645770072937012,9834400,0.0,0.0
2006-11-30 00:00:00-05:00,4.645771926527091,4.731617749466006,4.603690659658286,4.717309951782227,12468000,0.0,0.0
2006-12-01 00:00:00-05:00,4.70468495211115,4.729933643662441,4.590223874620467,4.67775297164917,12235200,0.0,0.0
2006-12-04 00:00:00-05:00,4.662604228404453,4.77959009217969,4.662604228404453,4.735825538635254,6208800,0.0,0.0
2006-12-05 00:00:00-05:00,4.74003327208546,4.831770435044281,4.708893228454902,4.776223182678223,7396000,0.0,0.0
2006-12-06 00:00:00-05:00,4.776223008461897,4.916774262710458,4.769489852757888,4.836820125579834,10467200,0.0,0.0
2006-12-07 00:00:00-05:00,4.8368218081412255,4.8814278565062965,4.788849180753036,4.814097881317139,8781600,0.0,0.0
2006-12-08 00:00:00-05:00,4.824194929964422,4.915932076471242,4.809045652849205,4.863751411437988,8603200,0.0,0.0
2006-12-11 00:00:00-05:00,4.862911591286071,4.863753396499646,4.782957432945926,4.816622257232666,4446400,0.0,0.0
2006-12-12 00:00:00-05:00,4.814095556226345,4.851126944431462,4.728249758926103,4.746765613555908,7372800,0.0,0.0
2006-12-13 00:00:00-05:00,4.757708267988207,4.797264764397026,4.690378300418118,4.736667633056641,7944000,0.0,0.0
2006-12-14 00:00:00-05:00,4.73498308451059,4.80988799463257,4.729091733980871,4.796422004699707,7160800,0.0,0.0
2006-12-15 00:00:00-05:00,4.796423054385301,4.842712384843915,4.762757911658347,4.763599395751953,7248000,0.0,0.0
2006-12-18 00:00:00-05:00,4.7846394190495625,4.816621268453002,4.647454734423822,4.667653560638428,11616800,0.0,0.0
2006-12-19 00:00:00-05:00,4.655028719226474,4.655870203094229,4.534676299703476,4.633146286010742,17598400,0.0,0.0
2006-12-20 00:00:00-05:00,4.633987480812598,4.713941600957243,4.621362977076882,4.642403602600098,7730400,0.0,0.0
2006-12-21 00:00:00-05:00,4.6373552341287345,4.708893576637484,4.6373552341287345,4.6701788902282715,7573600,0.0,0.0
2006-12-22 00:00:00-05:00,4.665127915049991,4.685326737486568,4.638195937764894,4.6499786376953125,2655200,0.0,0.0
2006-12-26 00:00:00-05:00,4.620522973341489,4.640721800523257,4.578441708815809,4.630622386932373,3079200,0.0,0.0
2006-12-27 00:00:00-05:00,4.645771255501648,4.721517332292142,4.6398799046753165,4.688694000244141,5771200,0.0,0.0
2006-12-28 00:00:00-05:00,4.687009544547899,4.733299176738391,4.657552797748915,4.695425987243652,4487200,0.0,0.0
2006-12-29 00:00:00-05:00,4.6794359228273406,4.711417769907405,4.630621828809428,4.6381964683532715,5423200,0.0,0.0
2007-01-03 00:00:00-05:00,4.63819702997919,4.640721803114678,4.489229314948549,4.620522975921631,15924800,0.0,0.0
2007-01-04 00:00:00-05:00,4.648296667901273,4.7215179818552055,4.613790042147849,4.663445949554443,19406400,0.0,0.0
2007-01-05 00:00:00-05:00,4.663445733780806,4.718151506225463,4.6550296092760455,4.6701788902282715,10751200,0.0,0.0
2007-01-08 00:00:00-05:00,4.67101886731769,4.686168143382537,4.554874524505351,4.586856365203857,10454400,0.0,0.0
2007-01-09 00:00:00-05:00,4.591065064960099,4.76780653662597,4.588540292282783,4.742557525634766,12871200,0.0,0.0
2007-01-10 00:00:00-05:00,4.7333000982408855,4.773698067881997,4.702159735785728,4.766964912414551,6720000,0.0,0.0
2007-01-11 00:00:00-05:00,4.7997875940256955,4.888158481793377,4.7871634108120835,4.883108615875244,8252000,0.0,0.0
2007-01-12 00:00:00-05:00,4.88395047603566,4.899941558814816,4.819145303170756,4.8511271476745605,5542400,0.0,0.0
2007-01-16 00:00:00-05:00,4.864594118841792,4.915933312972844,4.835137362072124,4.8553361892700195,4962400,0.0,0.0
2007-01-17 00:00:00-05:00,4.843551925353166,4.901624257201599,4.834293998765476,4.844393730163574,4578400,0.0,0.0
2007-01-18 00:00:00-05:00,4.839345127514228,4.864593820490349,4.773698461565404,4.784639358520508,5757600,0.0,0.0
2007-01-19 00:00:00-05:00,4.773697622905021,4.773697622905021,4.676910608936807,4.715625286102295,6128000,0.0,0.0
2007-01-22 00:00:00-05:00,4.706367582576748,4.718992087974633,4.586856967976015,4.633146286010742,12960800,0.0,0.0
2007-01-23 00:00:00-05:00,4.628937935317958,4.680277116514747,4.6163134307089315,4.622204780578613,6670400,0.0,0.0
2007-01-24 00:00:00-05:00,4.643245243731008,4.740874057679958,4.643245243731008,4.692901134490967,6088800,0.0,0.0
2007-01-25 00:00:00-05:00,4.705525647786114,4.708892225043537,4.464820831806471,4.516160011291504,14985600,0.0,0.0
2007-01-26 00:00:00-05:00,4.536358750922552,4.538041718347326,4.3015453054691655,4.397490501403809,23704000,0.0,0.0
2007-01-29 00:00:00-05:00,4.397491623279398,4.491753554782654,4.379817571320262,4.467346668243408,9475200,0.0,0.0
2007-01-30 00:00:00-05:00,4.473238292481283,4.509428203594538,4.41853252329486,4.438731670379639,9476800,0.0,0.0
2007-01-31 00:00:00-05:00,4.438732204226301,4.517003065825265,4.420216343926229,4.496804237365723,7724000,0.0,0.0
2007-02-01 00:00:00-05:00,4.5178440911483655,4.56581670177761,4.502694811891284,4.531310081481934,13054400,0.0,0.0
2007-02-02 00:00:00-05:00,4.552349592574374,4.602846963650453,4.516159692249883,4.536358833312988,8032800,0.0,0.0
2007-02-05 00:00:00-05:00,4.536360611771326,4.5481433149048,4.45388104772785,4.460614204406738,4761600,0.0,0.0
2007-02-06 00:00:00-05:00,4.4707131984365915,4.4774463544830345,4.400858470254772,4.438731670379639,6634400,0.0,0.0
2007-02-07 00:00:00-05:00,4.448830097866688,4.543933819100245,4.426947666617808,4.5203680992126465,7500800,0.0,0.0
2007-02-08 00:00:00-05:00,4.506902858835796,4.521210654111286,4.458088764432761,4.481654167175293,4455200,0.0,0.0
2007-02-09 00:00:00-05:00,4.472395655710699,4.532150959764628,4.4622962445737855,4.505218982696533,9247200,0.0,0.0
2007-02-12 00:00:00-05:00,4.536360502017623,4.544776626608031,4.443781526250271,4.463980674743652,7309600,0.0,0.0
2007-02-13 00:00:00-05:00,4.481653503221826,4.53804222887452,4.469870803596157,4.51279354095459,6283200,0.0,0.0
2007-02-14 00:00:00-05:00,4.521210299567905,4.558241689695754,4.515318949344258,4.5380425453186035,7787200,0.0,0.0
2007-02-15 00:00:00-05:00,4.607898099392567,4.607898099392567,4.517844226148162,4.52205228805542,5329600,0.0,0.0
2007-02-16 00:00:00-05:00,4.522052100660355,4.550667369920246,4.494278636379757,4.522893905639648,8016000,0.0,0.0
2007-02-20 00:00:00-05:00,4.5228934550570425,4.570866060352624,4.50690237258885,4.537200927734375,5933600,0.0,0.0
2007-02-21 00:00:00-05:00,4.529626661502047,4.727408449001606,4.529626661502047,4.65587043762207,12452800,0.0,0.0
2007-02-22 00:00:00-05:00,4.655871074567435,4.658395847697789,4.445464752249476,4.57086706161499,12582400,0.0,0.0
2007-02-23 00:00:00-05:00,4.561609465657088,4.580966810199404,4.485863055661421,4.5304694175720215,6705600,0.0,0.0
2007-02-26 00:00:00-05:00,4.5464591546630615,4.559083339435394,4.490070101972181,4.492595195770264,5396800,0.0,0.0
2007-02-27 00:00:00-05:00,4.406748560754156,4.472395208156543,4.358775961336342,4.388232707977295,7116000,0.0,0.0
2007-02-28 00:00:00-05:00,4.397491742833769,4.463138406783596,4.300704714808913,4.408432960510254,7252000,0.0,0.0
2007-03-01 00:00:00-05:00,4.317537211897725,4.451355631543273,4.267039828318268,4.390758514404297,8226400,0.0,0.0
2007-03-02 00:00:00-05:00,4.384025641356125,4.439572891228845,4.307437761667154,4.316695690155029,5709600,0.0,0.0
2007-03-05 00:00:00-05:00,4.283871992720944,4.375609143718057,4.199709480652198,4.303229331970215,6351200,0.0,0.0
2007-03-06 00:00:00-05:00,4.325953714332936,4.39244186202156,4.313329207742119,4.358777046203613,4760000,0.0,0.0
2007-03-07 00:00:00-05:00,4.363825771167421,4.426106166350312,4.342785144843462,4.359617710113525,6049600,0.0,0.0
2007-03-08 00:00:00-05:00,4.405066046807888,4.55319193190576,4.386550190775211,4.524576663970947,7842400,0.0,0.0
2007-03-09 00:00:00-05:00,4.52457660294825,4.570024437476679,4.513635707307878,4.56160831451416,6910400,0.0,0.0
2007-03-12 00:00:00-04:00,4.53383350644788,4.626412443390501,4.532150218024802,4.614629745483398,4426400,0.0,0.0
2007-03-13 00:00:00-04:00,4.591906823306168,4.591906823306168,4.524576556085339,4.5380425453186035,4496800,0.0,0.0
2007-03-14 00:00:00-04:00,4.532151014132657,4.5329928190192845,4.389916488469619,4.483336925506592,5252800,0.0,0.0
2007-03-15 00:00:00-04:00,4.483337256462748,4.568341256180842,4.474920812247651,4.558241844177246,4846400,0.0,0.0
2007-03-16 00:00:00-04:00,4.5691825604095415,4.595272731980915,4.460612849841457,4.498486042022705,5856000,0.0,0.0
2007-03-19 00:00:00-04:00,4.516160531382373,4.581807190189751,4.497644675388696,4.5801239013671875,5823200,0.0,2.0
2007-03-20 00:00:00-04:00,4.580125034878246,4.664287570508243,4.571708909737084,4.65418815612793,6427600,0.0,0.0
2007-03-21 00:00:00-04:00,4.64240413253134,4.667652821830447,4.591906753933124,4.650820255279541,4846000,0.0,0.0
2007-03-22 00:00:00-04:00,4.671020751108594,4.696269447714478,4.5447769470245785,4.5986409187316895,5526000,0.0,0.0
2007-03-23 00:00:00-04:00,4.6121059013238,4.6592370267702075,4.541409373681453,4.60032320022583,5724400,0.0,0.0
2007-03-26 00:00:00-04:00,4.633988419004233,4.733300217264713,4.570024724673145,4.7080512046813965,7596000,0.0,0.0
2007-03-27 00:00:00-04:00,5.160845475464149,5.2904558276602325,5.09183223776068,5.2450079917907715,36956800,0.0,0.0
2007-03-28 00:00:00-04:00,5.238275115187138,5.551359455080125,5.206293269345684,5.487395763397217,20805600,0.0,0.0
2007-03-29 00:00:00-04:00,5.48739608916567,5.48739608916567,5.351053216671688,5.45709753036499,12156000,0.0,0.0
2007-03-30 00:00:00-04:00,5.445316241077955,5.539578519805632,5.377986592366107,5.4823479652404785,7696800,0.0,0.0
2007-04-02 00:00:00-04:00,5.4958131458865775,5.622056933536875,5.482346833658174,5.542943954467773,7650800,0.0,0.0
2007-04-03 00:00:00-04:00,5.553044047158552,5.633839999418052,5.5395777340607255,5.5867085456848145,6009600,0.0,0.0
2007-04-04 00:00:00-04:00,5.561459386870839,5.618689925241036,5.524427673187458,5.5513596534729,5212400,0.0,0.0
2007-04-05 00:00:00-04:00,5.537893448582055,5.623738926777093,5.532843261317171,5.6085896492004395,4191200,0.0,0.0
2007-04-09 00:00:00-04:00,5.622056500350858,5.630472623790585,5.5075954236652205,5.571558475494385,4532000,0.0,0.0
2007-04-10 00:00:00-04:00,5.590073828169946,5.761765427713891,5.529476717494553,5.733150482177734,7423600,0.0,0.0
2007-04-11 00:00:00-04:00,5.815629166098049,5.8492942976719124,5.6456211827080525,5.780281066894531,9722400,0.0,0.0
2007-04-12 00:00:00-04:00,5.780280805853511,5.788696927839656,5.655720017288149,5.7079010009765625,5889600,0.0,0.0
2007-04-13 00:00:00-04:00,5.716318080597839,5.746616638510932,5.596807458890118,5.6877031326293945,5085200,0.0,0.0
2007-04-16 00:00:00-04:00,5.707901741806978,5.773548400771733,5.5850245469559425,5.694436073303223,6413200,0.0,0.0
2007-04-17 00:00:00-04:00,5.711269270785056,5.807214502501127,5.6658214280602115,5.714635848999023,7720400,0.0,0.0
2007-04-18 00:00:00-04:00,5.711267097585612,5.738199070940298,5.630471177521552,5.642253875732422,4162400,0.0,0.0
2007-04-19 00:00:00-04:00,5.576608718470393,5.613639790393716,5.490762589051504,5.5597758293151855,7272800,0.0,0.0
2007-04-20 00:00:00-04:00,5.6809689202434726,5.773547544596024,5.6372047014599,5.731466293334961,6918400,0.0,0.0
2007-04-23 00:00:00-04:00,5.739882718724995,6.034451493131007,5.739882718724995,5.882959365844727,9291600,0.0,0.0
2007-04-24 00:00:00-04:00,5.891375117875816,5.891375117875816,5.724733082013685,5.7482991218566895,7319600,0.0,0.0
2007-04-25 00:00:00-04:00,5.753348991837107,5.807212944592143,5.6590867534613105,5.692751884460449,8018000,0.0,0.0
2007-04-26 00:00:00-04:00,5.70958444465627,5.77018155538406,5.662453643916432,5.728100299835205,7824000,0.0,0.0
2007-04-27 00:00:00-04:00,5.729784237818399,5.736517393198026,5.633839021040354,5.65740442276001,9876800,0.0,0.0
2007-04-30 00:00:00-04:00,5.68938607387377,5.733150942703267,5.571558420552347,5.583341121673584,6036000,0.0,0.0
2007-05-01 00:00:00-04:00,5.622056588762828,5.652355147309562,5.446998393183718,5.638888835906982,8882000,0.0,0.0
2007-05-02 00:00:00-04:00,5.640571950854283,5.728101050926138,5.62878924912433,5.689386367797852,7223200,0.0,0.0
2007-05-03 00:00:00-04:00,5.578291087787666,5.697801698475496,5.563141810228012,5.6540374755859375,9219600,0.0,0.0
2007-05-04 00:00:00-04:00,5.672553391634306,5.674236359332817,5.563141870069988,5.59680700302124,6704800,0.0,0.0
2007-05-07 00:00:00-04:00,5.613639881368423,5.637205926567623,5.546310249983649,5.606907367706299,11877200,0.0,0.0
2007-05-08 00:00:00-04:00,5.596807315770981,5.667503521021012,5.5092782220502,5.632155418395996,7112000,0.0,0.0
2007-05-09 00:00:00-04:00,5.611956855210894,5.664137848732284,5.568192627370651,5.638888835906982,5039200,0.0,0.0
2007-05-10 00:00:00-04:00,5.640571075171779,5.701168184437773,5.500861644016504,5.541259288787842,5690400,0.0,0.0
2007-05-11 00:00:00-04:00,5.569875577027338,5.5867078241164485,5.438582251826883,5.494129180908203,8081200,0.0,0.0
2007-05-14 00:00:00-04:00,5.536210374430523,5.601857036244472,5.495812725056889,5.5513596534729,7761600,0.0,0.0
2007-05-15 00:00:00-04:00,5.5513594531503125,5.940190506467536,5.5513594531503125,5.76849889755249,15605600,0.0,0.0
2007-05-16 00:00:00-04:00,5.7870147766078714,5.953656198610555,5.763449374878929,5.933457374572754,10438400,0.0,0.0
2007-05-17 00:00:00-04:00,5.928408030330139,6.228026391812716,5.928408030330139,5.992371082305908,13776000,0.0,0.0
2007-05-18 00:00:00-04:00,6.004153993558167,6.026036429004168,5.861077963423809,5.990688323974609,11480000,0.0,0.0
2007-05-21 00:00:00-04:00,6.026035397413167,6.374468126448873,6.026035397413167,6.2448577880859375,19506800,0.0,0.0
2007-05-22 00:00:00-04:00,6.286939765748946,6.345853912939606,6.093366361831471,6.342487335205078,13271200,0.0,0.0
2007-05-23 00:00:00-04:00,6.1909937987997194,6.286939005246024,5.995736808579823,6.034451484680176,22241200,0.0,0.0
2007-05-24 00:00:00-04:00,6.037819904845661,6.101783609368923,5.856029168449505,5.926725387573242,12748800,0.0,0.0
2007-05-25 00:00:00-04:00,5.930091717361692,6.039503261925177,5.9014767657088925,6.024353981018066,6572400,0.0,0.0
2007-05-29 00:00:00-04:00,6.096732569410553,6.103465082361804,5.989004656882427,6.063067436218262,8673200,0.0,0.0
2007-05-30 00:00:00-04:00,6.009204201538318,6.150597264237188,5.9671229405220965,6.130397796630859,6937600,0.0,0.0
2007-05-31 00:00:00-04:00,6.172478453192175,6.291989710777721,6.162379362487075,6.224659442901611,17145600,0.0,0.0
2007-06-01 00:00:00-04:00,6.251591662699979,6.3626861595031965,6.251591662699979,6.342487335205078,8202000,0.0,0.0
2007-06-04 00:00:00-04:00,6.406451907736757,6.461998842712067,6.312189644552157,6.4401164054870605,8198800,0.0,0.0
2007-06-05 00:00:00-04:00,6.440114497203799,6.453580806001,6.354269026002953,6.419915676116943,7040800,0.0,0.0
2007-06-06 00:00:00-04:00,6.371101539623757,6.394667581016573,6.244857778795474,6.295355796813965,5462800,0.0,0.0
2007-06-07 00:00:00-04:00,6.377835816881152,6.377835816881152,6.09673330150515,6.130397796630859,6544000,0.0,0.0
2007-06-08 00:00:00-04:00,6.10683121868456,6.285255962236537,6.096732128932819,6.273473262786865,5400000,0.0,0.0
2007-06-11 00:00:00-04:00,6.244858800375278,6.270107813514942,6.153963765712457,6.21287727355957,3978800,0.0,0.0
2007-06-12 00:00:00-04:00,6.185945046642962,6.206143871086364,6.095049373484076,6.120298385620117,5590400,0.0,0.0
2007-06-13 00:00:00-04:00,6.167427751621104,6.286938344692767,6.153962085835728,6.231391429901123,5360800,0.0,0.0
2007-06-14 00:00:00-04:00,6.2179274902551755,6.337438770954507,6.21287794392603,6.271791458129883,7034800,0.0,0.0
2007-06-15 00:00:00-04:00,6.389617475749703,6.711118231757248,6.372785230934033,6.6000237464904785,13245600,0.0,0.0
2007-06-18 00:00:00-04:00,6.817163421088459,6.9299408781138965,6.711118476969895,6.763299465179443,14488000,0.0,0.0
2007-06-19 00:00:00-04:00,6.761617188585129,6.830631077942106,6.669038536244231,6.741418361663818,9126400,0.0,0.0
2007-06-20 00:00:00-04:00,6.771715923218115,6.815480790879476,6.667354583740234,6.667354583740234,6679200,0.0,0.0
2007-06-21 00:00:00-04:00,6.6387399748077,6.758251252522519,6.549527900638542,6.741418361663818,8609600,0.0,0.0
2007-06-22 00:00:00-04:00,6.738050455840861,6.800331176582698,6.623589388991384,6.743100643157959,7596400,0.0,0.0
2007-06-25 00:00:00-04:00,6.743100117119048,6.820529467444789,6.694285710218882,6.729633808135986,8621600,0.0,0.0
2007-06-26 00:00:00-04:00,6.7414179102791625,6.756567189983079,6.623590250594156,6.650522232055664,10896800,0.0,0.0
2007-06-27 00:00:00-04:00,6.615173775431383,6.8020146678196465,6.60675765206712,6.7969651222229,8023600,0.0,0.0
2007-06-28 00:00:00-04:00,6.791915170038404,6.817164183115797,6.610124459052036,6.7195353507995605,9085600,0.0,0.0
2007-06-29 00:00:00-04:00,6.7195346274890495,6.798647593980456,6.549526636343205,6.581508159637451,7270000,0.0,0.0
2007-07-02 00:00:00-04:00,6.591609154033327,6.766667366027832,6.58319302967206,6.766667366027832,5043600,0.0,0.0
2007-07-03 00:00:00-04:00,6.773400614015305,6.882811516410526,6.7464686304293435,6.808748722076416,3930800,0.0,0.0
2007-07-05 00:00:00-04:00,6.808748460008629,6.993905759771794,6.7178527781136435,6.987172603607178,10054000,0.0,0.0
2007-07-06 00:00:00-04:00,6.9854889441257475,7.034303358323401,6.919842283291893,6.993905067443848,6941600,0.0,0.0
2007-07-09 00:00:00-04:00,7.04272009005705,7.2851079299469275,7.0073719838018995,7.28005838394165,14075200,0.0,0.0
2007-07-10 00:00:00-04:00,7.406301783744428,7.406301783744428,7.086483949875472,7.09153413772583,8712800,0.0,0.0
2007-07-11 00:00:00-04:00,7.088168325199095,7.152132027301111,6.99895624955541,7.027571201324463,7340800,0.0,0.0
2007-07-12 00:00:00-04:00,7.105001276405328,7.16728201660335,6.987173595238685,7.140349388122559,8340800,0.0,0.0
2007-07-13 00:00:00-04:00,7.145396071518484,7.190843896619516,7.046084300099687,7.069649696350098,6658000,0.0,0.0
2007-07-16 00:00:00-04:00,7.0359873604228795,7.142032327724736,7.009055376580567,7.081435203552246,4695200,0.0,0.0
2007-07-17 00:00:00-04:00,7.079751351044718,7.13361531200037,6.998955409611238,7.004004955291748,2922400,0.0,0.0
2007-07-18 00:00:00-04:00,6.953506725477691,7.115098588668696,6.844095206922478,7.086483001708984,9935600,0.0,0.0
2007-07-19 00:00:00-04:00,7.142030789915932,7.179062500516442,6.997271167141946,7.014103412628174,5072000,0.0,0.0
2007-07-20 00:00:00-04:00,7.002321386272841,7.1049997631040664,6.904693197260721,7.057868957519531,4552800,0.0,0.0
2007-07-23 00:00:00-04:00,7.10331617632118,7.13193112233025,6.913108718470792,6.916475296020508,4889200,0.0,0.0
2007-07-24 00:00:00-04:00,6.943407838689372,7.2463927795921865,6.9063761247414615,7.004004955291748,7830000,0.0,0.0
2007-07-25 00:00:00-04:00,7.052818196572817,7.131930514871249,6.950139837433597,7.071333408355713,6957200,0.0,0.0
2007-07-26 00:00:00-04:00,6.985488850511718,7.1639136161659716,6.780132105335035,6.911426067352295,8762400,0.0,0.0
2007-07-27 00:00:00-04:00,6.86766073896101,7.064601347731167,6.780131650853051,6.800331115722656,7153600,0.0,0.0
2007-07-30 00:00:00-04:00,6.8070636750419276,6.916475196451077,6.6909196407392795,6.8541951179504395,8771600,0.0,0.0
2007-07-31 00:00:00-04:00,7.032619792520851,7.103316641476396,6.766666569767648,6.791914939880371,7746800,0.0,0.0
2007-08-01 00:00:00-04:00,6.7717150612025945,6.877759997073168,6.657254003271267,6.749832630157471,11194800,0.0,0.0
2007-08-02 00:00:00-04:00,6.773400353308062,6.993905759771794,6.766667197143445,6.987172603607178,7012000,0.0,0.0
2007-08-03 00:00:00-04:00,6.66735395112082,6.835678966227697,6.320604188841423,6.657254219055176,25260400,0.0,0.0
2007-08-06 00:00:00-04:00,6.733002939196167,6.926577030541735,6.589926883581927,6.83399772644043,10832000,0.0,0.0
2007-08-07 00:00:00-04:00,6.833995463843833,7.315405117348907,6.800330973980836,7.197577476501465,12259600,0.0,0.0
2007-08-08 00:00:00-04:00,7.229560596634316,7.534228508093467,7.153814200210276,7.413034915924072,8939200,0.0,0.0
2007-08-09 00:00:00-04:00,7.253125459728433,7.253125459728433,6.791914601909659,6.892910003662109,13578000,0.0,0.0
2007-08-10 00:00:00-04:00,6.648840607786095,6.874396238899156,6.5966596022365565,6.712804317474365,11581200,0.0,0.0
2007-08-13 00:00:00-04:00,6.874394424426084,7.035986303199247,6.733001369972303,6.849145412445068,6788400,0.0,0.0
2007-08-14 00:00:00-04:00,6.894593539219577,6.936674799554818,6.690920393303193,6.744784355163574,7792000,0.0,0.0
2007-08-15 00:00:00-04:00,6.714485923136304,6.859245564160331,6.6101245753249,6.655572414398193,8548800,0.0,0.0
2007-08-16 00:00:00-04:00,6.520913113269279,6.584876173812894,6.295357506965572,6.561310768127441,13521200,0.0,0.0
2007-08-17 00:00:00-04:00,6.744787179119077,6.840732441485744,6.522598082890022,6.716172218322754,9318000,0.0,0.0
2007-08-20 00:00:00-04:00,6.859244333119901,7.066284023667744,6.7801313709194755,7.015786647796631,7671200,0.0,0.0
2007-08-21 00:00:00-04:00,7.0662856131434,7.280058506455416,7.019154804010051,7.231244087219238,7677200,0.0,0.0
2007-08-22 00:00:00-04:00,7.365903444067673,7.376003177594299,7.268275255079893,7.308672904968262,10826400,0.0,0.0
2007-08-23 00:00:00-04:00,7.75305072271654,8.224360654571779,7.69077000243288,7.987022399902344,36215600,0.0,0.0
2007-08-24 00:00:00-04:00,8.146932192241811,8.3859534408118,7.929792736551674,8.320306777954102,16282000,0.0,0.0
2007-08-27 00:00:00-04:00,8.340503047072941,8.389317447816678,8.126730234744835,8.19911003112793,8902800,0.0,0.0
2007-08-28 00:00:00-04:00,8.180596371447072,8.183962949170237,7.813647747039795,7.813647747039795,9943600,0.0,0.0
2007-08-29 00:00:00-04:00,7.912959690315735,8.369121027635924,7.912959690315735,8.3556547164917,9858800,0.0,0.0
2007-08-30 00:00:00-04:00,8.256342784999019,8.4717992650415,8.081284595623577,8.219311714172363,11760800,0.0,0.0
2007-08-31 00:00:00-04:00,8.33208856389656,8.503780162872356,8.256342175802974,8.43981647491455,8497600,0.0,0.0
2007-09-04 00:00:00-04:00,8.500413718943287,8.751218287436114,8.47853128601489,8.60645866394043,7339200,0.0,0.0
2007-09-05 00:00:00-04:00,8.500412574078243,8.502095541564987,8.301789020978593,8.360702514648438,7518000,0.0,0.0
2007-09-06 00:00:00-04:00,8.416250282863045,8.497046208525457,8.251291854372003,8.424666404724121,5309200,0.0,0.0
2007-09-07 00:00:00-04:00,8.256344212342922,8.273177103909669,8.03415518053511,8.114951133728027,8721200,0.0,0.0
2007-09-10 00:00:00-04:00,8.15703393643785,8.300110652222658,7.987025873290127,8.215948104858398,6490800,0.0,0.0
2007-09-11 00:00:00-04:00,8.266442631868037,8.497047751709122,8.266442631868037,8.446550369262695,6751200,0.0,0.0
2007-09-12 00:00:00-04:00,8.444865858793396,8.498730455382614,8.35733741434476,8.475164413452148,4645200,0.0,0.0
2007-09-13 00:00:00-04:00,8.49704813923327,8.532396244346982,8.382587058009655,8.384270668029785,6732400,0.0,0.0
2007-09-14 00:00:00-04:00,8.3607035740402,8.752901185366039,8.315256382941339,8.72933578491211,15742800,0.0,0.0
2007-09-17 00:00:00-04:00,8.655273856817955,8.830332064825962,8.596360345521566,8.651907920837402,7458800,0.0,0.0
2007-09-18 00:00:00-04:00,8.744486691605298,8.808450391973517,8.611509744719225,8.788250923156738,10555200,0.0,0.0
2007-09-19 00:00:00-04:00,8.832012921465747,9.074400689373183,8.820230222879832,8.990238189697266,11312800,0.0,0.0
2007-09-20 00:00:00-04:00,8.980142191536627,9.210747998827703,8.938060924205885,9.172033309936523,11533600,0.0,0.0
2007-09-21 00:00:00-04:00,9.276393936943041,9.421153587810002,9.209063657713573,9.305008888244629,14216800,0.0,0.0
2007-09-24 00:00:00-04:00,9.565911956710353,9.565911956710353,9.31342440660043,9.454816818237305,15665200,0.0,0.0
2007-09-25 00:00:00-04:00,9.340356873118328,9.623142353241047,9.192230656209034,9.599576950073242,13652800,0.0,0.0
2007-09-26 00:00:00-04:00,9.60125796975774,9.969889481520642,9.59452481578088,9.894143104553223,15681200,0.0,0.0
2007-09-27 00:00:00-04:00,9.740967102379823,9.754433409945356,9.266290676545832,9.559176445007324,20450800,0.0,0.0
2007-09-28 00:00:00-04:00,9.604626308904338,9.678689089911368,9.446400371962968,9.485115051269531,10254400,0.0,0.0
2007-10-01 00:00:00-04:00,9.549079491381354,9.611359576711926,9.244410936251239,9.451451301574707,10108400,0.0,0.0
2007-10-02 00:00:00-04:00,9.458183090911014,9.735919643917926,9.427884534506296,9.695521354675293,8101200,0.0,0.0
2007-10-03 00:00:00-04:00,9.500263579311572,9.614724640444999,9.453132780765682,9.528879165649414,9836400,0.0,0.0
2007-10-04 00:00:00-04:00,9.574326031741279,9.594524851638445,9.099649590449983,9.195594787597656,8743200,0.0,0.0
2007-10-05 00:00:00-04:00,9.274707774560145,9.555810874562868,9.224210400088632,9.547394752502441,9329600,0.0,0.0
2007-10-08 00:00:00-04:00,9.569280422917167,9.746022268420703,9.476701758482925,9.535615921020508,4688800,0.0,0.0
2007-10-09 00:00:00-04:00,9.629875749813346,9.912661879115735,9.607993956101312,9.882363319396973,11420800,0.0,0.0
2007-10-10 00:00:00-04:00,9.889094770805075,10.006922411389656,9.762851007773522,9.926126480102539,8718800,0.0,0.0
2007-10-11 00:00:00-04:00,9.95305981243619,9.998507650368941,9.42620225652218,9.602943420410156,6229600,0.0,0.0
2007-10-12 00:00:00-04:00,9.582743684413195,9.677005929176952,9.431250905705197,9.661856651306152,8033200,0.0,0.0
2007-10-15 00:00:00-04:00,9.77968289875655,10.01365520381283,9.64165644087239,9.766217231750488,11118400,0.0,0.0
2007-10-16 00:00:00-04:00,9.67700717415417,9.964842848621316,9.67700717415417,9.783051490783691,7624000,0.0,0.0
2007-10-17 00:00:00-04:00,10.011973154215957,10.124751263246331,9.715721370721187,9.848697662353516,12518000,0.0,0.0
2007-10-18 00:00:00-04:00,9.830183404126375,9.953060616414314,9.732554564656736,9.828499794006348,5218800,0.0,0.0
2007-10-19 00:00:00-04:00,9.84869690494302,9.926126904247129,9.544029021424791,9.550762176513672,4996400,0.0,0.0
2007-10-22 00:00:00-04:00,9.409369656989178,9.762851971528487,8.963308060067101,9.554128646850586,10362000,0.0,0.0
2007-10-23 00:00:00-04:00,9.6315610173086,10.121386960908328,9.535615775724782,10.10792064666748,9815200,0.0,0.0
2007-10-24 00:00:00-04:00,10.208914897563554,10.234163270684027,9.587795030319292,9.784735679626465,7404000,0.0,0.0
2007-10-25 00:00:00-04:00,9.831864063075377,9.877311894005619,9.400951795154892,9.528879165649414,8461200,0.0,0.0
2007-10-26 00:00:00-04:00,9.858797057636584,9.922760749488274,9.594526809173683,9.66858959197998,13177200,0.0,0.0
2007-10-29 00:00:00-04:00,9.90424331237041,10.008604635600733,9.756117128292285,9.808298110961914,9931200,0.0,0.0
2007-10-30 00:00:00-04:00,9.779681834579147,9.931174585093622,9.67532051872967,9.67868709564209,4704000,0.0,0.0
2007-10-31 00:00:00-04:00,9.73087191233409,9.973259766642567,9.71740559937349,9.968210220336914,9824000,0.0,0.0
2007-11-01 00:00:00-04:00,9.889096947055167,10.183665792286597,9.737604141235352,9.737604141235352,9021200,0.0,0.0
2007-11-02 00:00:00-04:00,9.92275917677188,10.006921679302414,9.31847238291828,9.515412330627441,8757600,0.0,0.0
2007-11-05 00:00:00-05:00,9.510366722757936,9.641660075579473,9.32520939738863,9.59116268157959,6502400,0.0,0.0
2007-11-06 00:00:00-05:00,9.616409256456329,9.922760763280005,9.616409256456329,9.878995895385742,7791200,0.0,0.0
2007-11-07 00:00:00-05:00,9.648390478310327,9.97494079892319,9.491848152123017,9.49689769744873,7603200,0.0,0.0
2007-11-08 00:00:00-05:00,9.510364773594638,9.628192430184882,8.837064612632187,9.392537117004395,12534800,0.0,0.0
2007-11-09 00:00:00-05:00,9.005389560970109,9.146782619013628,8.72260344488307,8.884195327758789,13440800,0.0,0.0
2007-11-12 00:00:00-05:00,8.614875550287111,8.879145810237297,8.46506636826416,8.752902030944824,11782000,0.0,0.0
2007-11-13 00:00:00-05:00,8.81686395199694,9.262924830502998,8.81686395199694,9.161930084228516,8614000,0.0,0.0
2007-11-14 00:00:00-05:00,9.461548503785323,9.582742714484912,9.032319863702874,9.067667961120605,9347200,0.0,0.0
2007-11-15 00:00:00-05:00,9.197278795214057,9.520463160663928,9.067668455506832,9.41441822052002,12091200,0.0,0.0
2007-11-16 00:00:00-05:00,9.370654820266646,9.370654820266646,8.837064743041992,9.257877349853516,15406800,0.0,0.0
2007-11-19 00:00:00-05:00,9.367287802544919,9.367287802544919,8.63507356599828,8.919543266296387,21253200,0.0,0.0
2007-11-20 00:00:00-05:00,8.303474370924896,8.939742804352358,7.988706089890128,8.586259841918945,46295600,0.0,0.0
2007-11-21 00:00:00-05:00,8.46506474581829,8.46506474581829,8.205844081248102,8.301789283752441,14115200,0.0,0.0
2007-11-23 00:00:00-05:00,8.490314435335806,8.529029115881727,8.30852373355022,8.441500663757324,4015200,0.0,0.0
2007-11-26 00:00:00-05:00,8.58457501804534,8.911125287572562,8.508828639464333,8.66537094116211,15294000,0.0,0.0
2007-11-27 00:00:00-05:00,8.808449872623317,9.062620406878438,8.778151313293689,8.944792747497559,12078000,0.0,0.0
2007-11-28 00:00:00-05:00,9.145099588837196,9.434618216489337,9.114801030740836,9.387487411499023,13355200,0.0,0.0
2007-11-29 00:00:00-05:00,9.525510827710447,9.525510827710447,9.156879345555671,9.402633666992188,9410000,0.0,0.0
2007-11-30 00:00:00-05:00,9.60125864562547,9.698886816726732,9.485113978729943,9.670271873474121,17945600,0.0,0.0
2007-12-03 00:00:00-05:00,9.762851622710006,9.910977827120961,9.594526594732248,9.695521354675293,10230000,0.0,0.0
2007-12-04 00:00:00-05:00,9.592844111713294,9.708988155727535,9.444717899817423,9.629875183105469,8308400,0.0,0.0
2007-12-05 00:00:00-05:00,9.767901154691954,9.847014123207998,9.62482513795049,9.74601936340332,6776800,0.0,0.0
2007-12-06 00:00:00-05:00,9.916026631310734,10.118016778208071,9.6046256096712,10.040587425231934,28446800,0.0,0.0
2007-12-07 00:00:00-05:00,10.198814333429139,10.734088019038309,10.170198742356042,10.230795860290527,14952800,0.0,0.0
2007-12-10 00:00:00-05:00,10.250994390792888,10.442884818641687,10.074252598934134,10.099501609802246,9276800,0.0,0.0
2007-12-11 00:00:00-05:00,10.144950596418358,10.1701989680453,9.690472843933387,9.783051490783691,10792400,0.0,0.0
2007-12-12 00:00:00-05:00,10.013656490153977,10.112968285253356,9.732553351302906,9.867213249206543,10628000,0.0,0.0
2007-12-13 00:00:00-05:00,9.803249858453603,9.931176596490596,9.614725365828846,9.687105178833008,71285200,0.0,0.0
2007-12-14 00:00:00-05:00,9.678689980773822,10.006923943326228,9.577695211731118,9.798200607299805,14204400,0.0,0.0
2007-12-17 00:00:00-05:00,9.762850281369177,9.93117528622037,9.72918515197715,9.78809928894043,14002400,0.0,0.0
2007-12-18 00:00:00-05:00,9.878994346257299,10.296440283039512,9.862162102543,10.261092185974121,16019200,0.0,0.0
2007-12-19 00:00:00-05:00,10.34862377328214,10.424370172566856,10.136534497394033,10.262778282165527,10536800,0.0,0.0
2007-12-20 00:00:00-05:00,10.318324905231679,10.468134089279733,10.21733013727609,10.452984809875488,9072400,0.0,0.0
2007-12-21 00:00:00-05:00,10.525364274876742,10.564078956027412,10.306541856929496,10.343573570251465,16519200,0.0,0.0
2007-12-24 00:00:00-05:00,10.555661248268184,10.688638160592731,10.419318400791457,10.654973030090332,5382000,0.0,0.0
2007-12-26 00:00:00-05:00,10.718938002782899,10.718938002782899,10.40753695293499,10.584278106689453,6859200,0.0,0.0
2007-12-27 00:00:00-05:00,10.525360253514211,10.60447319552709,10.345252585530313,10.469813346862793,8374000,0.0,0.0
2007-12-28 00:00:00-05:00,10.474867764809762,10.602795162151038,10.422686768248306,10.486650466918945,7000000,0.0,0.0
2007-12-31 00:00:00-05:00,10.422684926630787,10.527046901313646,10.397436558904799,10.454667091369629,8378400,0.0,0.0
2008-01-02 00:00:00-05:00,10.461400339799031,10.484965740064228,9.97157455307148,10.149998664855957,9398800,0.0,0.0
2008-01-03 00:00:00-05:00,10.150000633121458,10.336841545897276,10.057421981794546,10.118019104003906,9843200,0.0,0.0
2008-01-04 00:00:00-05:00,9.922761963178825,9.922761963178825,9.54908014153494,9.601261138916016,16070400,0.0,0.0
2008-01-07 00:00:00-05:00,9.518779594174394,9.746018752658259,9.400951953713387,9.5137300491333,13208800,0.0,0.0
2008-01-08 00:00:00-05:00,9.60294405296792,9.946327311895056,9.402637472981649,9.443035125732422,12886400,0.0,0.0
2008-01-09 00:00:00-05:00,9.419468962005428,9.527196883469399,8.91954403632988,9.276392936706543,26118800,0.0,0.0
2008-01-10 00:00:00-05:00,9.111436013729579,9.266294766430237,8.458334577044806,8.798351287841797,40060000,0.0,0.0
2008-01-11 00:00:00-05:00,8.752901076598054,9.005388607653767,8.685570811472932,8.773099899291992,19846000,0.0,0.0
2008-01-14 00:00:00-05:00,8.810131112846818,9.086184028507292,8.800031381014499,9.040736198425293,13277600,0.0,0.0
2008-01-15 00:00:00-05:00,8.996972118701937,8.996972118701937,8.466748068230988,8.552594184875488,15774400,0.0,0.0
2008-01-16 00:00:00-05:00,8.328722725758295,8.727652882319072,8.328722725758295,8.636757850646973,19882400,0.0,0.0
2008-01-17 00:00:00-05:00,8.64685552345797,9.030636980208984,8.310205505811544,8.369119644165039,18054400,0.0,0.0
2008-01-18 00:00:00-05:00,8.428033038848566,8.74953377614234,8.256341454864764,8.301789283752441,15501200,0.0,0.0
2008-01-22 00:00:00-05:00,7.842262914515907,8.59635894697056,7.534227811571628,8.49536418914795,24653200,0.0,0.0
2008-01-23 00:00:00-05:00,8.263077141751204,8.77310186317957,8.037521537832381,8.761319160461426,23099200,0.0,0.0
2008-01-24 00:00:00-05:00,8.828647141416218,8.9178591936513,8.586258709518678,8.823596954345703,14777600,0.0,0.0
2008-01-25 00:00:00-05:00,8.926275698127718,9.008755241315026,8.308523176503689,8.348920822143555,14676800,0.0,0.0
2008-01-28 00:00:00-05:00,8.343871619458895,8.522296381000983,8.081284343585281,8.508830070495605,10268000,0.0,0.0
2008-01-29 00:00:00-05:00,8.54754336901412,8.54754336901412,8.263074347694277,8.360702514648438,9950400,0.0,0.0
2008-01-30 00:00:00-05:00,8.335457298193921,8.428035955548086,8.130100513361318,8.261394500732422,9477600,0.0,0.0
2008-01-31 00:00:00-05:00,8.146931663690756,8.81013204705584,8.11494949721823,8.678838729858398,12497200,0.0,0.0
2008-02-01 00:00:00-05:00,8.727651219212555,8.914492076789374,8.635072595236448,8.840429306030273,8606400,0.0,0.0
2008-02-04 00:00:00-05:00,9.121533635319583,9.256194180252141,8.744485907413805,8.752902030944824,9960000,0.0,0.0
2008-02-05 00:00:00-05:00,8.584577096452795,8.742802403934032,8.308524131774902,8.308524131774902,8459200,0.0,0.0
2008-02-06 00:00:00-05:00,8.380904385424541,8.561012137379986,8.254660598047783,8.295058250427246,10170800,0.0,0.0
2008-02-07 00:00:00-05:00,8.21089694083348,8.372489500596542,7.9466266248446065,8.276543617248535,11981600,0.0,0.0
2008-02-08 00:00:00-05:00,8.247927390914962,8.557645506380622,8.151982164471006,8.456650733947754,7503600,0.0,0.0
2008-02-11 00:00:00-05:00,8.308524511218325,8.508831088124124,8.205846128716416,8.456650733947754,10498800,0.0,0.0
2008-02-12 00:00:00-05:00,8.490315618791804,8.507148509707465,8.195746769913644,8.26476001739502,13856400,0.0,0.0
2008-02-13 00:00:00-05:00,8.3118886417742,8.337137006393371,7.785031214393404,7.965138912200928,18358000,0.0,0.0
2008-02-14 00:00:00-05:00,7.965140063317289,7.988705463877736,7.554427236999062,7.702552795410156,21073600,0.0,0.0
2008-02-15 00:00:00-05:00,7.6133421519009765,8.032471820900264,7.450066643262549,8.017322540283203,28404800,0.0,0.0
2008-02-19 00:00:00-05:00,8.079600503676795,8.101482934831427,7.803547589205271,7.887710094451904,13709200,0.0,0.0
2008-02-20 00:00:00-05:00,7.840582274285964,7.840582274285964,7.514031218978354,7.699189186096191,15053600,0.0,0.0
2008-02-21 00:00:00-05:00,7.741269588470459,7.907911033909634,7.665523185039412,7.741269588470459,9418800,0.0,0.0
2008-02-22 00:00:00-05:00,7.788398265838624,7.83384609545215,7.581358581227418,7.788398265838623,9797200,0.0,0.0
2008-02-25 00:00:00-05:00,7.801868411605835,7.80355202224821,7.574629775193752,7.753054618835449,10012800,0.0,0.0
2008-02-26 00:00:00-05:00,7.682354400289533,7.978606817831322,7.635223596543402,7.929792404174805,9491200,0.0,0.0
2008-02-27 00:00:00-05:00,7.897809442028412,8.05435175826763,7.828796211156959,7.980288982391357,6761200,0.0,0.0
2008-02-28 00:00:00-05:00,7.907909596531258,7.91127617408395,7.571259546570239,7.584725856781006,11685200,0.0,0.0
2008-02-29 00:00:00-05:00,7.556111687995418,7.556111687995418,7.115100219496376,7.130249500274658,16601600,0.0,0.0
2008-03-03 00:00:00-05:00,7.1201499525534615,7.2093626715261445,6.8642957827560975,7.194213390350342,12508800,0.0,0.0
2008-03-04 00:00:00-05:00,7.113416955993271,7.347389335439381,7.069652721672853,7.338972568511963,11981200,0.0,0.0
2008-03-05 00:00:00-05:00,7.389469829424645,7.628491088252483,7.310356851760369,7.613341808319092,14798000,0.0,0.0
2008-03-06 00:00:00-05:00,7.591459682149348,7.658789960624865,7.283425167080301,7.298574447631836,9648000,0.0,0.0
2008-03-07 00:00:00-05:00,7.222826750437958,7.419767362313276,7.054501726524598,7.184112071990967,7842400,0.0,0.0
2008-03-10 00:00:00-04:00,7.175696609289513,7.3827363306948754,7.140347863013227,7.293524265289307,12572800,0.0,0.0
2008-03-11 00:00:00-04:00,7.631856721576965,7.892760384038124,7.529178352750098,7.8893938064575195,13702000,0.0,0.0
2008-03-12 00:00:00-04:00,7.886027028758042,8.07118493833853,7.766516417169918,7.785032272338867,8811600,0.0,0.0
2008-03-13 00:00:00-04:00,7.687404255611733,7.988706230809328,7.49046426735651,7.939891815185547,9716400,0.0,0.0
2008-03-14 00:00:00-04:00,8.13009911087077,8.290008023502269,7.803548772170244,8.256342887878418,20089200,0.0,0.0
2008-03-17 00:00:00-04:00,7.761466232223028,8.185645330015719,7.576308337904652,7.911275386810303,16108400,0.0,0.0
2008-03-18 00:00:00-04:00,8.24624552545119,8.332091029285483,7.522447205179444,8.172182083129883,35311200,0.0,0.0
2008-03-19 00:00:00-04:00,8.21931255363025,8.414569587226753,7.901177667671666,7.9079108238220215,15634000,0.0,0.0
2008-03-20 00:00:00-04:00,7.909593734856356,8.448233337096985,7.909593734856356,8.446550369262695,17160800,0.0,0.0
2008-03-24 00:00:00-04:00,8.498731974860915,9.215796398400215,8.498731974860915,9.087869644165039,21702800,0.0,0.0
2008-03-25 00:00:00-04:00,9.129949744340404,9.131632712081943,8.879145171655715,9.064302444458008,13272800,0.0,0.0
2008-03-26 00:00:00-04:00,9.007070165311644,9.06261772166047,8.7916143780144,8.917858123779297,9238000,0.0,0.0
2008-03-27 00:00:00-04:00,8.95488826736942,9.17034401711741,8.95488826736942,9.089548110961914,10036800,0.0,0.0
2008-03-28 00:00:00-04:00,9.057569874012712,9.057569874012712,8.65863910034758,8.73438549041748,11335200,0.0,0.0
2008-03-31 00:00:00-04:00,8.667055237333631,8.835380251021837,8.567743453573232,8.704086303710938,13848000,0.0,0.0
2008-04-01 00:00:00-04:00,8.875780556022212,9.400954576406026,8.875780556022212,9.37065601348877,17945200,0.0,0.0
2008-04-02 00:00:00-04:00,9.397588640178919,9.565913704337373,9.209064106002852,9.37065601348877,13132000,0.0,0.0
2008-04-03 00:00:00-04:00,9.331938722593785,9.560860848727762,9.197278837252911,9.493531227111816,8529200,0.0,0.0
2008-04-04 00:00:00-04:00,9.426201494452664,9.581060210792058,9.32520673528428,9.49689769744873,6052000,0.0,0.0
2008-04-07 00:00:00-04:00,9.607991864707412,9.607991864707412,9.350454163156758,9.436300277709961,6571600,0.0,0.0
2008-04-08 00:00:00-04:00,9.301641301670688,9.400953099607625,9.14678257518411,9.316790580749512,7986800,0.0,0.0
2008-04-09 00:00:00-04:00,9.249461556424542,9.365605608892597,8.911127848885565,9.037371635437012,13598000,0.0,0.0
2008-04-10 00:00:00-04:00,9.020540860295085,9.35214146592273,9.020540860295085,9.289860725402832,12056400,0.0,0.0
2008-04-11 00:00:00-04:00,9.143413965538215,9.331937786096313,9.113115414113476,9.180445671081543,6223200,0.0,0.0
2008-04-14 00:00:00-04:00,9.158564871844904,9.384120438104329,9.03232109913498,9.239360809326172,6964000,0.0,0.0
2008-04-15 00:00:00-04:00,9.340355869867732,9.414418649312733,9.215795069505358,9.400952339172363,8661200,0.0,0.0
2008-04-16 00:00:00-04:00,9.466601983091264,9.5861126257027,9.402638278296891,9.537298202514648,9032000,0.0,0.0
2008-04-17 00:00:00-04:00,9.576012124223114,9.818400610525792,9.496899144153867,9.601261138916016,8637600,0.0,0.0
2008-04-18 00:00:00-04:00,9.78305079814322,9.953059442096501,9.434618029065922,9.533929824829102,18530400,0.0,0.0
2008-04-21 00:00:00-04:00,9.140048891845586,9.392536433841922,9.06430250082488,9.353821754455566,12316000,0.0,0.0
2008-04-22 00:00:00-04:00,9.299958139173235,9.330256696696733,9.131633104980056,9.232627868652344,7740400,0.0,0.0
2008-04-23 00:00:00-04:00,9.092918722293147,9.372338262530636,9.092918722293147,9.293225288391113,9008400,0.0,0.0
2008-04-24 00:00:00-04:00,9.286493457548701,9.55413033455734,9.274710754456617,9.421154022216797,7333600,0.0,0.0
2008-04-25 00:00:00-04:00,9.48679765285711,9.501946929419942,9.342038041725374,9.456499099731445,8757200,0.0,0.0
2008-04-28 00:00:00-04:00,9.45986849852526,9.45986849852526,9.234312892486114,9.278077125549316,10067200,0.0,0.0
2008-04-29 00:00:00-04:00,9.325205112646543,9.476697225038647,9.161929659696442,9.195594787597656,8226800,0.0,0.0
2008-04-30 00:00:00-04:00,9.242729758534345,9.426204114300637,9.118168921638755,9.264612197875977,10017200,0.0,0.0
2008-05-01 00:00:00-04:00,9.299957567496262,9.628191492417931,9.215795055573219,9.49184799194336,10534000,0.0,0.0
2008-05-02 00:00:00-04:00,9.528881091110721,9.557496041121695,8.978458105879204,9.087869644165039,13057600,0.0,0.0
2008-05-05 00:00:00-04:00,9.119852433432035,9.128268558592758,8.847165997147627,8.87914752960205,10268000,0.0,0.0
2008-05-06 00:00:00-04:00,8.811813405533231,9.150147011749892,8.769732155951681,9.072717666625977,9750000,0.0,0.0
2008-05-07 00:00:00-04:00,9.039056353827895,9.039056353827895,8.752903607469555,8.783202171325684,11799200,0.0,0.0
2008-05-08 00:00:00-04:00,8.833699205722573,8.916178768901517,8.55427962756914,8.594677925109863,11374400,0.0,0.0
2008-05-09 00:00:00-04:00,8.540810223258246,8.724284486928333,8.426349179384674,8.623289108276367,8953200,0.0,0.0
2008-05-12 00:00:00-04:00,8.705771150173069,9.161931847964265,8.623291599220835,9.10638427734375,14618800,0.0,0.0
2008-05-13 00:00:00-04:00,9.160248430666858,9.247777529113133,9.059253662826041,9.190546989440918,8144800,0.0,0.0
2008-05-14 00:00:00-04:00,9.284810127725171,9.40432076420855,9.190547864551572,9.252828598022461,7578000,0.0,0.0
2008-05-15 00:00:00-04:00,9.276390501567628,9.42619964315898,9.166978998865975,9.33362102508545,11836400,0.0,0.0
2008-05-16 00:00:00-04:00,9.279757829844884,9.342037902739309,8.80003117389831,9.067667961120605,10736800,0.0,0.0
2008-05-19 00:00:00-04:00,9.028954547455186,9.087868693488083,8.722603042833033,8.786566734313965,8378800,0.0,0.0
2008-05-20 00:00:00-04:00,8.693987900715673,8.71923626949829,8.50546340817188,8.682205200195312,11591600,0.0,0.0
2008-05-21 00:00:00-04:00,8.722603302053297,8.902711038954768,8.557644844055176,8.557644844055176,13868000,0.0,0.0
2008-05-22 00:00:00-04:00,7.867514704192609,8.30852624423003,7.424819553734976,8.22268009185791,69192800,0.0,0.0
2008-05-23 00:00:00-04:00,8.266441240072023,8.416250394354094,8.040885703818976,8.310205459594727,21610000,0.0,0.0
2008-05-27 00:00:00-04:00,8.278227358081494,8.367439443630493,8.125051563328517,8.332091331481934,15632800,0.0,0.0
2008-05-28 00:00:00-04:00,8.396051773247708,8.48863040136965,8.288323868370615,8.465065002441406,12170000,0.0,0.0
2008-05-29 00:00:00-04:00,8.426351421939646,8.529029153170846,8.246243687169038,8.279908180236816,16644800,0.0,0.0
2008-05-30 00:00:00-04:00,8.28664074388518,8.377536409738376,8.126731844797295,8.348920822143555,11706400,0.0,0.0
2008-06-02 00:00:00-04:00,8.318623658857074,8.39268709177191,8.086335552285389,8.274859428405762,12183200,0.0,0.0
2008-06-03 00:00:00-04:00,8.288325830507732,8.330407093444267,8.069502749550464,8.151982307434082,14062400,0.0,0.0
2008-06-04 00:00:00-04:00,8.140199658983027,8.148615783204137,7.830481536038699,7.975241184234619,15030000,0.0,0.0
2008-06-05 00:00:00-04:00,8.047620199414498,8.10316712737774,7.901176955828837,8.005538940429688,16022000,0.0,0.0
2008-06-06 00:00:00-04:00,7.865830159805692,7.9668255834216115,7.574627876281738,7.574627876281738,18682000,0.0,0.0
2008-06-09 00:00:00-04:00,7.6587893008275305,7.8220647946937,7.5611604696595744,7.71433687210083,14682800,0.0,0.0
2008-06-10 00:00:00-04:00,7.685719867418647,7.729484087129141,7.463530907423019,7.512345314025879,16049600,0.0,0.0
2008-06-11 00:00:00-04:00,7.5072949279601655,7.52076123650394,7.155495643615723,7.155495643615723,19711600,0.0,0.0
2008-06-12 00:00:00-04:00,7.253124825261649,7.5443270202732915,7.162229164268244,7.224509239196777,18547600,0.0,0.0
2008-06-13 00:00:00-04:00,7.327188979176587,7.535912316815264,7.325506011260145,7.492147445678711,18588400,0.0,0.0
2008-06-16 00:00:00-04:00,7.673939211777222,8.168814637716272,7.652056775040143,8.069502830505371,26889200,0.0,0.0
2008-06-17 00:00:00-04:00,8.108215447248352,8.125048333563052,7.766515881421886,7.887710094451904,14980000,0.0,0.0
2008-06-18 00:00:00-04:00,7.815331871143626,7.998806195418441,7.709286913268693,7.852363586425781,14089200,0.0,0.0
2008-06-19 00:00:00-04:00,7.832164530846657,8.079602564870743,7.778300565116249,8.069502830505371,15765600,0.0,0.0
2008-06-20 00:00:00-04:00,7.993757709408802,7.993757709408802,7.645324230194091,7.645324230194092,17922400,0.0,0.0
2008-06-23 00:00:00-04:00,7.648691150085471,7.731170719075006,7.51234825076229,7.699189186096191,14428000,0.0,0.0
2008-06-24 00:00:00-04:00,7.657106084938601,7.845629943369652,7.566210412404165,7.641956806182861,10932000,0.0,0.0
2008-06-25 00:00:00-04:00,7.731170488882676,7.906228715164244,7.650374532624071,7.746319770812988,10594400,0.0,0.0
2008-06-26 00:00:00-04:00,7.643638739256321,7.643638739256321,7.312038261442032,7.327187538146973,10815600,0.0,0.0
2008-06-27 00:00:00-04:00,7.327189048568776,7.401252479775412,7.189162562186164,7.209362030029297,15141600,0.0,0.0
2008-06-30 00:00:00-04:00,7.155496371208395,7.2649078918705925,6.778448683168417,6.800331115722656,20155600,0.0,0.0
2008-07-01 00:00:00-04:00,6.741418113886438,6.877761635339592,6.60675820251184,6.859245777130127,20770800,0.0,0.0
2008-07-02 00:00:00-04:00,6.901325175425572,7.1386634057741425,6.785181153632504,6.802013397216797,15804800,0.0,0.0
2008-07-03 00:00:00-04:00,6.807064663158459,6.899643952609207,6.450215743642538,6.527645111083984,8804800,0.0,0.0
2008-07-07 00:00:00-04:00,6.568043637725969,6.711119675771403,6.522595796413991,6.625274181365967,14674400,0.0,0.0
2008-07-08 00:00:00-04:00,6.5663582867712735,6.871026782745455,6.414866164670088,6.852510929107666,15121600,0.0,0.0
2008-07-09 00:00:00-04:00,6.88449430962613,6.978755919936922,6.613490895764479,6.628640174865723,13638800,0.0,0.0
2008-07-10 00:00:00-04:00,6.6168557835042625,6.776764015040441,6.48219527383963,6.55120849609375,10499200,0.0,0.0
2008-07-11 00:00:00-04:00,6.478831987630751,6.818848051421338,6.332388719818797,6.6118083000183105,16315600,0.0,0.0
2008-07-14 00:00:00-04:00,6.741417346330098,6.9013262538034486,6.692602933355564,6.778449058532715,13985200,0.0,0.0
2008-07-15 00:00:00-04:00,6.749833237772775,7.177378954879577,6.502395887945904,6.936674118041992,19512800,0.0,0.0
2008-07-16 00:00:00-04:00,6.960239429620407,7.217777150904831,6.820529994719867,7.195894718170166,10628400,0.0,0.0
2008-07-17 00:00:00-04:00,7.195895434226628,7.534228480886838,7.0511357976076585,7.293524265289307,10802800,0.0,0.0
2008-07-18 00:00:00-04:00,7.549376113391472,7.650371500265324,7.263224122521209,7.616706371307373,17629200,0.0,0.0
2008-07-21 00:00:00-04:00,7.621755978388768,7.707602090040672,7.209360232127462,7.246391296386719,10062000,0.0,0.0
2008-07-22 00:00:00-04:00,7.180745115384362,7.396200929144558,7.015786677710591,7.312038421630859,12102800,0.0,0.0
2008-07-23 00:00:00-04:00,7.305306000132145,7.665521434045342,7.209360791738779,7.4450154304504395,16638000,0.0,0.0
2008-07-24 00:00:00-04:00,7.362535849469811,7.4837294139376676,7.1336137446509715,7.163912296295166,8073200,0.0,0.0
2008-07-25 00:00:00-04:00,7.221145450931304,7.291841669094592,6.958558121805185,6.992223262786865,11425600,0.0,0.0
2008-07-28 00:00:00-04:00,6.97875782122403,6.993907104452532,6.6471578427256395,6.830632209777832,15166400,0.0,0.0
2008-07-29 00:00:00-04:00,6.830629236431279,7.069650443203479,6.706068446094514,6.985487937927246,10380800,0.0,0.0
2008-07-30 00:00:00-04:00,7.022520296570078,7.120148477842019,6.670720966226347,6.904692649841309,13275600,0.0,0.0
2008-07-31 00:00:00-04:00,6.818847179412843,7.064602229114918,6.796965386237616,6.818847179412842,7168800,0.0,0.0
2008-08-01 00:00:00-04:00,6.882809375578081,6.882809375578081,6.57645791678455,6.704385280609131,7149600,0.0,0.0
2008-08-04 00:00:00-04:00,6.690919350499181,6.7346835718990254,6.5343770350810475,6.637055397033691,7437200,0.0,0.0
2008-08-05 00:00:00-04:00,6.695970516457844,7.248077136298172,6.695970516457844,7.221145153045654,9434800,0.0,0.0
2008-08-06 00:00:00-04:00,7.170646817217487,7.322139617879321,7.015788080637926,7.2009453773498535,8805600,0.0,0.0
2008-08-07 00:00:00-04:00,7.13866459801167,7.13866459801167,6.948457131619476,6.972022533416748,8546400,0.0,0.0
2008-08-08 00:00:00-04:00,6.938358940001328,7.480365177922559,6.933308751740831,7.443334102630615,11020000,0.0,0.0
2008-08-11 00:00:00-04:00,7.359170332970118,8.02742024871833,7.317089076522866,7.7042365074157715,20922800,0.0,0.0
2008-08-12 00:00:00-04:00,7.673938233040315,7.673938233040315,7.525812025119202,7.599875450134277,12188400,0.0,0.0
2008-08-13 00:00:00-04:00,7.572944852995351,7.574627821094232,7.305307977632322,7.441650867462158,10420800,0.0,0.0
2008-08-14 00:00:00-04:00,7.460165707228853,7.574626785579672,7.295207245395984,7.478681564331055,9440000,0.0,0.0
2008-08-15 00:00:00-04:00,7.532544205707798,7.596507889368003,7.243024982717459,7.2733235359191895,13044000,0.0,0.0
2008-08-18 00:00:00-04:00,7.318772553608064,7.4668987664018625,7.148764548257307,7.436600208282471,14777600,0.0,0.0
2008-08-19 00:00:00-04:00,7.397885636639264,7.577993378075832,7.281740948086045,7.413034915924072,12618400,0.0,0.0
2008-08-20 00:00:00-04:00,7.48878171334976,7.48878171334976,7.197578813492183,7.325506210327148,11106400,0.0,0.0
2008-08-21 00:00:00-04:00,6.997270618688831,7.3827350459350285,6.716168160026074,7.3187713623046875,45804800,0.0,0.0
2008-08-22 00:00:00-04:00,7.404619264370102,7.532546020400856,7.2884745684129735,7.433234214782715,10726000,0.0,0.0
2008-08-25 00:00:00-04:00,7.350751978048947,7.431548538007561,7.204309417078103,7.281738758087158,8637600,0.0,0.0
2008-08-26 00:00:00-04:00,7.256492137908935,7.27669096169578,7.086483498218316,7.2564921379089355,12825600,0.0,0.0
2008-08-27 00:00:00-04:00,7.254807472229004,7.3473867388393534,7.209360285849844,7.254807472229004,7100800,0.0,0.0
2008-08-28 00:00:00-04:00,7.281740531505404,7.4551157494260565,7.281740531505404,7.421450614929199,6842800,0.0,0.0
2008-08-29 00:00:00-04:00,7.406300441807518,7.532544199338328,7.345703335455296,7.38441801071167,6734800,0.0,0.0
2008-09-02 00:00:00-04:00,7.46353167787779,7.781665874252788,7.46353167787779,7.638589859008789,15146000,0.0,0.0
2008-09-03 00:00:00-04:00,7.652054797605346,7.658787952108954,7.345703330889704,7.389468193054199,9074000,0.0,0.0
2008-09-04 00:00:00-04:00,7.322139035684829,7.500563804265374,7.276691199099907,7.394518852233887,11927600,0.0,0.0
2008-09-05 00:00:00-04:00,7.323821378674298,7.423133166714653,7.133614567327905,7.344020843505859,10644000,0.0,0.0
2008-09-08 00:00:00-04:00,7.451748638637353,7.803547952636849,7.271640920390188,7.453431606292725,14582800,0.0,0.0
2008-09-09 00:00:00-04:00,7.497196537484028,7.606607415110316,7.2480755851837335,7.330554485321045,11334000,0.0,0.0
2008-09-10 00:00:00-04:00,7.330554394630849,7.448382035478292,7.133614432074584,7.197577476501465,9796800,0.0,0.0
2008-09-11 00:00:00-04:00,7.078068430307851,7.221145112242059,6.990539324704471,7.1874799728393555,9519200,0.0,0.0
2008-09-12 00:00:00-04:00,7.08311735193944,7.08311735193944,6.802014226621074,6.936674118041992,13232000,0.0,0.0
2008-09-15 00:00:00-04:00,6.616857169818726,7.012420734034634,6.438432406607094,6.547843933105469,16810000,0.0,0.0
2008-09-16 00:00:00-04:00,6.399717340946362,6.839045746123608,6.335753653520929,6.746467113494873,14190400,0.0,0.0
2008-09-17 00:00:00-04:00,6.653887840409845,6.729634227891803,6.303772132428449,6.3290205001831055,19856800,0.0,0.0
2008-09-18 00:00:00-04:00,6.431700315139211,6.561310686914081,5.894743611022583,6.478831768035889,25745600,0.0,0.0
2008-09-19 00:00:00-04:00,6.83568013436099,7.004005178232537,6.228026623247251,6.34585428237915,23282800,0.0,0.0
2008-09-22 00:00:00-04:00,6.384567593304101,6.384567593304101,6.0731665859088055,6.106831073760986,12012400,0.0,0.0
2008-09-23 00:00:00-04:00,6.142181926567634,6.206144989180112,5.810581341844742,5.881277561187744,13957200,0.0,0.0
2008-09-24 00:00:00-04:00,5.8964259536142976,5.8964259536142976,5.603540743203507,5.8240461349487305,18436400,0.0,0.0
2008-09-25 00:00:00-04:00,5.896426202835286,6.228026751569435,5.854344941000358,6.066434860229492,12844800,0.0,0.0
2008-09-26 00:00:00-04:00,5.933457914953561,6.101782962186285,5.874544405265746,6.086633682250977,7502400,0.0,0.0
2008-09-29 00:00:00-04:00,6.123662845393783,6.167427056902644,5.521059119290949,5.756714344024658,17368000,0.0,0.0
2008-09-30 00:00:00-04:00,5.881275715138844,5.891375447064467,5.669186481572468,5.758398532867432,10832400,0.0,0.0
2008-10-01 00:00:00-04:00,5.701169173605582,6.100099998119255,5.701169173605582,6.066434860229492,14468400,0.0,0.0
2008-10-02 00:00:00-04:00,6.059700542547721,6.1017817963154135,5.889692559854192,6.027719020843506,14665600,0.0,0.0
2008-10-03 00:00:00-04:00,6.13544770660797,6.46704759175781,5.8880096975683625,5.938507080078125,16381600,0.0,0.0
2008-10-06 00:00:00-04:00,5.706218557168417,5.805530346781734,5.26015698776255,5.7415666580200195,16781600,0.0,0.0
2008-10-07 00:00:00-04:00,5.724735264359368,5.874545113837803,5.1692626699135635,5.175995826721191,15159600,0.0,0.0
2008-10-08 00:00:00-04:00,4.9773717659286065,5.263524484455451,4.928557667506121,5.085099697113037,24096800,0.0,0.0
2008-10-09 00:00:00-04:00,5.145695431440952,5.376300833138327,4.851126668113608,4.8965744972229,12377600,0.0,0.0
2008-10-10 00:00:00-04:00,4.541409905170547,5.078366920317619,4.44209809707284,4.898259162902832,17067600,0.0,0.0
2008-10-13 00:00:00-04:00,5.32075316288821,5.652353606531265,5.1120302088621665,5.642253875732422,11892800,0.0,0.0
2008-10-14 00:00:00-04:00,5.889692226411425,6.201093229818905,4.962221086298895,5.110347270965576,17392400,0.0,0.0
2008-10-15 00:00:00-04:00,5.07668348361157,5.078366772638547,4.662604014612054,4.667653560638428,10457200,0.0,0.0
2008-10-16 00:00:00-04:00,4.768647832185029,5.260156906357228,4.58180695613378,5.186093807220459,19504800,0.0,0.0
2008-10-17 00:00:00-04:00,5.063217298503128,5.561459594493448,5.031235450324758,5.359469413757324,15007600,0.0,0.0
2008-10-20 00:00:00-04:00,5.423433673083158,5.714635951677554,5.292140009870537,5.5867085456848145,9182800,0.0,0.0
2008-10-21 00:00:00-04:00,5.5883904300734315,5.642254381612202,5.0867816589960695,5.1271796226501465,11535200,0.0,0.0
2008-10-22 00:00:00-04:00,5.112032112326092,5.118764947644509,4.521211124888516,4.751816272735596,11143600,0.0,0.0
2008-10-23 00:00:00-04:00,4.711417652791026,4.829245304754181,4.24347394371862,4.556558609008789,13702000,0.0,0.0
2008-10-24 00:00:00-04:00,4.08693162449034,4.450513644079751,4.054949780612666,4.331002712249756,10107600,0.0,0.0
2008-10-27 00:00:00-04:00,4.256941274456053,4.490913024517564,4.208126848902575,4.243474960327148,7350800,0.0,0.0
2008-10-28 00:00:00-04:00,4.371400191047635,4.866275787353516,4.125645841970266,4.866275787353516,10413200,0.0,0.0
2008-10-29 00:00:00-04:00,4.7938970088189485,5.268573564969857,4.662603684554376,4.953805923461914,12296800,0.0,0.0
2008-10-30 00:00:00-04:00,5.12718050725837,5.297188834293718,4.93024052086151,4.953805923461914,8937200,0.0,0.0
2008-10-31 00:00:00-04:00,4.686168036153257,4.864592446656609,4.463979087025599,4.610421657562256,18198800,0.0,0.0
2008-11-03 00:00:00-05:00,4.676070263366284,4.676070263366284,4.465663939221816,4.539726734161377,12913200,0.0,0.0
2008-11-04 00:00:00-05:00,4.6306211129968515,4.7131003302496834,4.573390583302318,4.671019077301025,10694800,0.0,0.0
2008-11-05 00:00:00-05:00,4.6036904272190355,4.6036904272190355,4.23842503639778,4.255257606506348,9225600,0.0,0.0
2008-11-06 00:00:00-05:00,4.216542190085867,4.288922009796242,3.9606883692517214,4.007819175720215,12471200,0.0,0.0
2008-11-07 00:00:00-05:00,4.049900230242938,4.2569402661716405,4.033067662623313,4.224958419799805,11724800,0.0,0.0
2008-11-10 00:00:00-05:00,4.331002683654915,4.453879871091414,4.049899887665345,4.120596408843994,6611600,0.0,0.0
2008-11-11 00:00:00-05:00,4.061682963655991,4.097031388044592,3.8883083826382396,3.9404890537261963,7261600,0.0,0.0
2008-11-12 00:00:00-05:00,3.6913680716975636,3.757014732659534,3.5617577175969077,3.70988392829895,12023600,0.0,0.0
2008-11-13 00:00:00-05:00,3.671168912217258,4.191293294459515,3.5684908594986333,4.179510593414307,11899200,0.0,0.0
2008-11-14 00:00:00-05:00,4.097030449655664,4.398332027116085,3.918606042861939,3.9186060428619385,17737200,0.0,0.0
2008-11-17 00:00:00-05:00,3.915240386042949,4.081882133588686,3.8209784555336945,3.829394578933716,10797200,0.0,0.0
2008-11-18 00:00:00-05:00,3.8277117997711585,3.920290774772579,3.6139388979758413,3.738499402999878,10996000,0.0,0.0
2008-11-19 00:00:00-05:00,3.7199839679413875,3.7822640616521928,3.418681950139373,3.4607632160186768,14096000,0.0,0.0
2008-11-20 00:00:00-05:00,3.2183746976691903,3.364817293196263,2.8463762164083164,2.945688009262085,34066000,0.0,0.0
2008-11-21 00:00:00-05:00,3.1426281275595493,3.1426281275595493,2.8564754659283498,3.0264837741851807,23882400,0.0,0.0
2008-11-24 00:00:00-05:00,3.0853972207235727,3.4607618916711376,2.9877687340857655,3.401848077774048,17435600,0.0,0.0
2008-11-25 00:00:00-05:00,3.4691793897480254,3.6442372751281864,3.336202445892283,3.479278802871704,13656400,0.0,0.0
2008-11-26 00:00:00-05:00,3.4102658871631775,3.730083449428548,3.334519478786433,3.7031514644622803,15137600,0.0,0.0
2008-11-28 00:00:00-05:00,3.7031509136985425,3.7873134344644184,3.587006545146363,3.6779022216796875,3492400,0.0,0.0
2008-12-01 00:00:00-05:00,3.6442373483726405,3.6442373483726405,3.215008589861991,3.257089853286743,16041200,0.0,0.0
2008-12-02 00:00:00-05:00,3.3008537415743073,3.3580842740003565,3.1224289893968606,3.1998586654663086,13370000,0.0,0.0
2008-12-03 00:00:00-05:00,3.1140133116236255,3.3244196164630595,3.046683358285915,3.172927141189575,17088000,0.0,0.0
2008-12-04 00:00:00-05:00,3.1072791820590497,3.5701729076524544,3.0315331286855214,3.3967983722686768,14238800,0.0,0.0
2008-12-05 00:00:00-05:00,3.3934320557575446,3.642552984683342,3.2032249424565618,3.580272912979126,16196400,0.0,0.0
2008-12-08 00:00:00-05:00,3.76711431491276,4.224958636598603,3.6644362571678357,4.208126068115234,19515600,0.0,0.0
2008-12-09 00:00:00-05:00,4.107129638782985,4.208124695690443,3.846226036071952,3.910189390182495,20840800,0.0,0.0
2008-12-10 00:00:00-05:00,3.83107839753849,4.090298822544347,3.6981014462609667,4.054950714111328,17691200,0.0,0.0
2008-12-11 00:00:00-05:00,4.019601060449171,4.164360670450979,3.794045844500376,3.844543218612671,12814800,0.0,0.0
2008-12-12 00:00:00-05:00,3.7233505585291495,4.120597491421154,3.7233505585291495,4.061683654785156,11752800,0.0,0.0
2008-12-15 00:00:00-05:00,4.071782733584325,4.152578674264629,3.7940464868366957,3.8916749954223633,9152400,0.0,0.0
2008-12-16 00:00:00-05:00,3.955637022504857,4.359616909528512,3.9489038692114935,4.324268817901611,13348800,0.0,0.0
2008-12-17 00:00:00-05:00,4.216541646971293,4.462296344541345,4.137429002693238,4.320903301239014,13346400,0.0,0.0
2008-12-18 00:00:00-05:00,4.337736008616567,4.384866810547105,4.012868656203316,4.105447292327881,12953600,0.0,0.0
2008-12-19 00:00:00-05:00,4.162678299196232,4.238424698111872,4.056633661768882,4.140796184539795,9903600,0.0,0.0
2008-12-22 00:00:00-05:00,4.182877205630177,4.182877205630177,3.773847317092486,3.8950412273406982,8427200,0.0,0.0
2008-12-23 00:00:00-05:00,3.962371870508388,3.964054838497116,3.6981012696946305,3.733449697494507,7179600,0.0,0.0
2008-12-24 00:00:00-05:00,3.6981013411732513,3.9371229320122074,3.6981013411732513,3.923656940460205,3049200,0.0,0.0
2008-12-26 00:00:00-05:00,3.943855641849752,3.943855641849752,3.827711277202803,3.8950412273406982,2639600,0.0,0.0
2008-12-29 00:00:00-05:00,3.9034570703217732,3.9034570703217732,3.615621136382097,3.6947340965270996,8405200,0.0,0.0
2008-12-30 00:00:00-05:00,3.696417248477775,3.7856296237736715,3.6509697375293877,3.7267158031463623,6538400,0.0,0.0
2008-12-31 00:00:00-05:00,3.7149330302814785,3.7654307274223293,3.6122546683774535,3.6459197998046875,10700000,0.0,0.0
2009-01-02 00:00:00-05:00,3.65770337099559,3.9977200594181443,3.541559314112833,3.9034581184387207,13963600,0.0,0.0
2009-01-05 00:00:00-05:00,3.9118733828383108,4.122279655502083,3.8714754170134054,4.011185169219971,13637600,0.0,0.0
2009-01-06 00:00:00-05:00,4.048216697802847,4.1290129533048034,3.8967242404502476,3.9590046405792236,13866000,0.0,0.0
2009-01-07 00:00:00-05:00,3.9421707514154622,3.9421707514154622,3.74691381481352,3.8058276176452637,11122800,0.0,0.0
2009-01-08 00:00:00-05:00,4.155944092696764,4.401698423972983,3.871474769721951,4.305753231048584,42152000,0.0,0.0
2009-01-09 00:00:00-05:00,4.3057548975952775,4.502695224949259,4.1862442625532825,4.398333549499512,18159600,0.0,0.0
2009-01-12 00:00:00-05:00,4.374766721448198,4.388232708636723,4.201391855473288,4.287237644195557,14668400,0.0,0.0
2009-01-13 00:00:00-05:00,4.2401080952559775,4.341103189368294,4.075149302415553,4.147529125213623,12873600,0.0,0.0
2009-01-14 00:00:00-05:00,4.113863346350689,4.113863346350689,3.8765251072395412,3.943855047225952,16432400,0.0,0.0
2009-01-15 00:00:00-05:00,3.9674206259793667,4.132379066694686,3.8192947512880484,4.011185169219971,23565200,0.0,0.0
2009-01-16 00:00:00-05:00,4.129013373932321,4.192976748288953,3.9186070725486744,4.154262065887451,15144800,0.0,0.0
2009-01-20 00:00:00-05:00,4.137430050556267,4.204760011787148,3.8580104706571743,3.879892587661743,13612400,0.0,0.0
2009-01-21 00:00:00-05:00,4.034751025784647,4.113863998737277,3.827711307098141,4.112180709838867,10744800,0.0,0.0
2009-01-22 00:00:00-05:00,4.071782006254604,4.20812517192988,3.9068232555135545,4.0953474044799805,14352800,0.0,0.0
2009-01-23 00:00:00-05:00,4.0549505704094,4.420215949878952,3.915240788642958,4.3444695472717285,16519200,0.0,0.0
2009-01-26 00:00:00-05:00,4.373084158171554,4.549825630518883,4.324270066913005,4.470712661743164,17713600,0.0,0.0
2009-01-27 00:00:00-05:00,4.4841791894749266,4.583490993778109,4.374767972156631,4.438731670379639,10235600,0.0,0.0
2009-01-28 00:00:00-05:00,4.586858415081367,4.751816915891737,4.546460434539314,4.736667633056641,11984800,0.0,0.0
2009-01-29 00:00:00-05:00,4.654186807947462,4.655870096699014,4.410115717953413,4.430314540863037,10453600,0.0,0.0
2009-01-30 00:00:00-05:00,4.445464079062173,4.529626595244425,4.157628427825042,4.1710944175720215,15813200,0.0,0.0
2009-02-02 00:00:00-05:00,4.1256463083488075,4.347835284975411,4.0818817643080365,4.285554885864258,11117200,0.0,0.0
2009-02-03 00:00:00-05:00,4.287239063809318,4.356252311134355,4.204759824836825,4.312488079071045,11142800,0.0,0.0
2009-02-04 00:00:00-05:00,4.322586165151345,4.531309132118986,4.228324252565355,4.374766826629639,11842800,0.0,0.0
2009-02-05 00:00:00-05:00,4.362985135101045,4.620522566925127,4.336053153857884,4.563292026519775,11081600,0.0,0.0
2009-02-06 00:00:00-05:00,4.623888942374684,4.766965297057424,4.5447762855757805,4.714784622192383,9702400,0.0,0.0
2009-02-09 00:00:00-05:00,4.647454162207628,4.755182078233709,4.580123893636814,4.615472316741943,6362000,0.0,0.0
2009-02-10 00:00:00-05:00,4.571709123923877,4.701319511919484,4.386551472652237,4.527944564819336,13442000,0.0,0.0
2009-02-11 00:00:00-05:00,4.558241212436845,4.570023911650461,4.386549626898372,4.462296009063721,8349200,0.0,0.0
2009-02-12 00:00:00-05:00,4.431998228496148,4.558242006734043,4.320903729331165,4.543092727661133,10009200,0.0,0.0
2009-02-13 00:00:00-05:00,4.514478081696628,4.585174620112541,4.361302301971245,4.418532848358154,14056800,0.0,0.0
2009-02-17 00:00:00-05:00,4.297338346575556,4.364668297734738,4.157628577524802,4.211492538452148,13674800,0.0,0.0
2009-02-18 00:00:00-05:00,4.24347471421811,4.2973390044459565,4.144163221714015,4.186244487762451,8056000,0.0,0.0
2009-02-19 00:00:00-05:00,4.73835043299256,4.78211498765669,4.430315582251,4.48249626159668,30934000,0.0,0.0
2009-02-20 00:00:00-05:00,4.400015820906852,4.554874848659236,4.307437190414938,4.490911483764648,21009200,0.0,0.0
2009-02-23 00:00:00-05:00,4.575073891295897,4.595272713006169,4.391599601979434,4.413481712341309,14442800,0.0,0.0
2009-02-24 00:00:00-05:00,4.4723959784391765,4.708050955317135,4.428631432281846,4.605372905731201,16203600,0.0,0.0
2009-02-25 00:00:00-05:00,4.5700242039543735,4.894891542157678,4.522893404085373,4.7652812004089355,20710000,0.0,0.0
2009-02-26 00:00:00-05:00,4.835976167908719,4.847758864091264,4.541407479127547,4.544774055480957,16187600,0.0,0.0
2009-02-27 00:00:00-05:00,4.453880396273015,4.639038004150479,4.411799136348797,4.531310081481934,12968800,0.0,0.0
2009-03-02 00:00:00-05:00,4.435365642226741,4.556559576596666,4.361302521806713,4.391601085662842,11168000,0.0,0.0
2009-03-03 00:00:00-05:00,4.458929869493442,4.51616040362351,4.317536822943215,4.37308406829834,9038000,0.0,0.0
2009-03-04 00:00:00-05:00,4.467346745981487,4.665970024841752,4.46061359022968,4.595273494720459,11398000,0.0,0.0
2009-03-05 00:00:00-05:00,4.4892301226342495,4.527944815931802,3.760382502353089,3.948906421661377,60038400,0.0,0.0
2009-03-06 00:00:00-05:00,4.006136233374439,4.071783224006694,3.6728526971352404,3.7671146392822266,27643200,0.0,0.0
2009-03-09 00:00:00-04:00,3.7334492009535825,3.8815750854621243,3.6711687988534196,3.8546431064605713,18562000,0.0,0.0
2009-03-10 00:00:00-04:00,3.9522726594361943,4.273773525007983,3.9135579694793945,4.243474960327148,16247600,0.0,0.0
2009-03-11 00:00:00-04:00,4.230008698156637,4.398333761404574,4.149212744850726,4.251891136169434,13239600,0.0,0.0
2009-03-12 00:00:00-04:00,4.250208207944558,4.288922898726195,4.043168439620563,4.27545690536499,12505200,0.0,0.0
2009-03-13 00:00:00-04:00,4.292287140337302,4.393282196085536,4.223273921804468,4.31921911239624,13562800,0.0,0.0
2009-03-16 00:00:00-04:00,4.376451589209767,4.376451589209767,4.083566021381508,4.108814716339111,10923600,0.0,0.0
2009-03-17 00:00:00-04:00,4.10039809261375,4.211492593748695,4.0196018291073505,4.199709892272949,12678800,0.0,0.0
2009-03-18 00:00:00-04:00,4.174460726800135,4.339419504596634,4.0970313650433186,4.179510593414307,18758400,0.0,0.0
2009-03-19 00:00:00-04:00,4.228325039719437,4.354568816544341,4.07851553957014,4.278822422027588,14676000,0.0,0.0
2009-03-20 00:00:00-04:00,4.34446794808471,4.364667088362907,4.123962298741142,4.182876110076904,14899200,0.0,0.0
2009-03-23 00:00:00-04:00,4.287237591032211,4.5363588325124145,4.258622328479627,4.480811595916748,21946000,0.0,0.0
2009-03-24 00:00:00-04:00,4.420215525915831,4.6996350626483085,4.342785841671242,4.553192138671875,25125200,0.0,0.0
2009-03-25 00:00:00-04:00,4.607056102652255,4.607056102652255,4.292288162784104,4.517843723297119,25804400,0.0,0.0
2009-03-26 00:00:00-04:00,4.745082249977482,4.788846792286262,4.341102279275384,4.411798477172852,43962800,0.0,0.0
2009-03-27 00:00:00-04:00,4.388233799477707,4.711417893394884,4.346152538921067,4.684485912322998,22048800,0.0,0.0
2009-03-30 00:00:00-04:00,4.57507446544559,4.608739279538976,4.430314833785917,4.556558609008789,13361600,0.0,0.0
2009-03-31 00:00:00-04:00,4.598638802179998,4.8746916906512086,4.571706828722048,4.716466426849365,21632000,0.0,0.0
2009-04-01 00:00:00-04:00,4.803996145089402,4.803996145089402,4.642403961625862,4.746765613555908,16029200,0.0,0.0
2009-04-02 00:00:00-04:00,4.8326116157302055,5.135596872302506,4.79726351237676,5.066583633422852,17236400,0.0,0.0
2009-04-03 00:00:00-04:00,5.058167146401695,5.2668904712185665,4.908357968786633,5.012719631195068,28170800,0.0,0.0
2009-04-06 00:00:00-04:00,4.834294690267685,4.940339637735224,4.713100785645009,4.81746244430542,24378400,0.0,0.0
2009-04-07 00:00:00-04:00,4.733300526046322,4.970638819798055,4.635672010326138,4.9235076904296875,15189200,0.0,0.0
2009-04-08 00:00:00-04:00,4.93865533044585,5.106980323791504,4.928555920740355,5.106980323791504,10800000,0.0,0.0
2009-04-09 00:00:00-04:00,5.219759568886924,5.463830686122714,5.08678263216273,5.45709753036499,13712000,0.0,0.0
2009-04-13 00:00:00-04:00,5.433531863262901,5.524427535247584,5.357785790996853,5.435215473175049,15403200,0.0,0.0
2009-04-14 00:00:00-04:00,5.394817157390176,5.433531837770376,5.280356405099307,5.300555229187012,12311200,0.0,0.0
2009-04-15 00:00:00-04:00,5.300555111891817,5.393134070251107,5.234908453477684,5.369568347930908,8244400,0.0,0.0
2009-04-16 00:00:00-04:00,5.473930304957482,5.473930304957482,4.938656633516925,4.999253749847412,36771600,0.0,0.0
2009-04-17 00:00:00-04:00,5.091833428458184,5.140647853448782,4.689536609079454,4.852811813354492,34494400,0.0,0.0
2009-04-20 00:00:00-04:00,4.766964328693605,4.810728870709417,4.682801821983466,4.780430316925049,11553600,0.0,0.0
2009-04-21 00:00:00-04:00,4.778748727571348,5.04975219828336,4.719835208768388,5.016087055206299,12638400,0.0,0.0
2009-04-22 00:00:00-04:00,4.970639208464841,5.192828239473639,4.859544692960443,5.026186466217041,16529200,0.0,0.0
2009-04-23 00:00:00-04:00,5.026185131564042,5.155795151199483,4.989153422192922,5.133913040161133,12307200,0.0,0.0
2009-04-24 00:00:00-04:00,5.187777294397527,5.332536920735198,5.066583390218823,5.270256519317627,10360000,0.0,0.0
2009-04-27 00:00:00-04:00,5.169260767217099,5.250057013896293,5.069949309295752,5.1305460929870605,9435200,0.0,0.0
2009-04-28 00:00:00-04:00,5.0665838642832295,5.1473798079621895,4.935290215014013,4.994204044342041,9591600,0.0,0.0
2009-04-29 00:00:00-04:00,5.04133452115027,5.187777110029993,5.00766938843646,5.064899921417236,11000800,0.0,0.0
2009-04-30 00:00:00-04:00,5.175995813382378,5.23154307268381,5.04133588812272,5.07668399810791,13025600,0.0,0.0
2009-05-01 00:00:00-04:00,5.066584367849893,5.0750004924241425,4.884793315976791,4.938657283782959,10718000,0.0,0.0
2009-05-04 00:00:00-04:00,4.987471384211833,5.098566219130271,4.886476605102556,4.938657283782959,14536000,0.0,0.0
2009-05-05 00:00:00-04:00,4.963904436058256,4.984103578236099,4.803995871456095,4.8965744972229,13023600,0.0,0.0
2009-05-06 00:00:00-04:00,4.898259255000063,4.898259255000063,4.548143146988589,4.630622386932373,27962400,0.0,0.0
2009-05-07 00:00:00-04:00,4.659236714989961,4.711417382526874,4.362984634267851,4.529626369476318,23629600,0.0,0.0
2009-05-08 00:00:00-04:00,4.5834911743625435,4.635672172614699,4.35793557479287,4.398333549499512,19250400,0.0,0.0
2009-05-11 00:00:00-04:00,4.408432369503126,4.522893434622642,4.250206760599414,4.487545013427734,15956400,0.0,0.0
2009-05-12 00:00:00-04:00,4.536360519402868,4.54477664402553,4.302388466448888,4.418532848358154,12664400,0.0,0.0
2009-05-13 00:00:00-04:00,4.339418251967659,4.362983647255622,4.224957210189956,4.31921911239624,13865600,0.0,0.0
2009-05-14 00:00:00-04:00,4.3209039248091905,4.52457707547434,4.253573970913874,4.371401309967041,19002000,0.0,0.0
2009-05-15 00:00:00-04:00,4.3579355045008965,4.575074976233098,4.356252215450117,4.455564022064209,16987200,0.0,0.0
2009-05-18 00:00:00-04:00,4.517844981614672,4.517844981614672,4.3057553512672495,4.423583030700684,17980000,0.0,0.0
2009-05-19 00:00:00-04:00,4.405066131430512,4.416848832385106,4.3158537482600625,4.346152305603027,15981600,0.0,0.0
2009-05-20 00:00:00-04:00,4.369718206801796,4.5666585309792,4.3528859584031165,4.455564022064209,22625600,0.0,0.0
2009-05-21 00:00:00-04:00,3.9371229855992884,3.970788125464782,3.677902564431435,3.7671146392822266,93280800,0.0,0.0
2009-05-22 00:00:00-04:00,3.863059669356389,3.9169236290159466,3.7671141300264614,3.795729398727417,29644400,0.0,0.0
2009-05-26 00:00:00-04:00,3.785629957751025,3.979203681700156,3.7485985660304717,3.932072877883911,26845200,0.0,0.0
2009-05-27 00:00:00-04:00,3.938805929057997,3.938805929057997,3.699784355940523,3.704834222793579,31670000,0.0,0.0
2009-05-28 00:00:00-04:00,3.757014432564604,3.975837153383385,3.757014432564604,3.9606878757476807,28178400,0.0,0.0
2009-05-29 00:00:00-04:00,3.989303591478804,4.199709892272949,3.974154312137263,4.199709892272949,28922800,0.0,0.0
2009-06-01 00:00:00-04:00,4.2367421333851425,4.460614469383726,4.208126857909176,4.34278678894043,22536000,0.0,0.0
2009-06-02 00:00:00-04:00,4.304070430654052,4.3461516829225575,4.026334229892809,4.093664169311523,28647600,0.0,0.0
2009-06-03 00:00:00-04:00,4.113863473070864,4.145844994890493,4.0330672215439085,4.068415641784668,17809600,0.0,0.0
2009-06-04 00:00:00-04:00,4.100397901540179,4.122280014539093,3.9303895798941464,4.115547180175781,26048400,0.0,0.0
2009-06-05 00:00:00-04:00,4.155944294557194,4.2030750885681805,3.9674201553498807,4.021284103393555,22467600,0.0,0.0
2009-06-08 00:00:00-04:00,3.9556376616140874,4.120596091300666,3.940488385310782,4.0953474044799805,15417600,0.0,0.0
2009-06-09 00:00:00-04:00,4.113864134084724,4.236741338220599,4.113864134084724,4.208126068115234,13499200,0.0,0.0
2009-06-10 00:00:00-04:00,4.236741285633086,4.263673266450374,4.120596917699448,4.199709892272949,17362000,0.0,0.0
2009-06-11 00:00:00-04:00,4.201391960801649,4.290604328821206,4.120596035644955,4.1424784660339355,15526400,0.0,0.0
2009-06-12 00:00:00-04:00,4.123963798492578,4.145845914118532,3.960688612662513,4.060000419616699,25776000,0.0,0.0
2009-06-15 00:00:00-04:00,4.026333940512972,4.026333940512972,3.9051400582697084,3.984252691268921,17307600,0.0,0.0
2009-06-16 00:00:00-04:00,3.9909846481041638,3.9909846481041638,3.837808960165092,3.86979079246521,17450000,0.0,0.0
2009-06-17 00:00:00-04:00,3.856325627999072,3.97920279787699,3.8176109560190894,3.9118728637695312,13238800,0.0,0.0
2009-06-18 00:00:00-04:00,3.913558123126218,3.980888091141123,3.819296167905351,3.8378117084503174,13021200,0.0,0.0
2009-06-19 00:00:00-04:00,3.8647420114284388,3.9101898404281297,3.8125613490886856,3.8630590438842773,16404000,0.0,0.0
2009-06-22 00:00:00-04:00,3.851276613297058,3.851276613297058,3.6930513134559906,3.6964175701141357,16922000,0.0,0.0
2009-06-23 00:00:00-04:00,3.6173050511275644,3.703150859580753,3.4405638885239327,3.6795854568481445,53730400,0.0,0.0
2009-06-24 00:00:00-04:00,3.713249953114009,3.7889963426126094,3.6492865850242504,3.6745352745056152,17768400,0.0,0.0
2009-06-25 00:00:00-04:00,3.6442374599379583,3.8091959405599605,3.6375046245322493,3.738499402999878,16520800,0.0,0.0
2009-06-26 00:00:00-04:00,3.723349862280915,3.792363099960791,3.6829515719299684,3.7317659854888916,11630000,0.0,0.0
2009-06-29 00:00:00-04:00,3.7401821086968683,3.82266133614222,3.6593861701040167,3.7317659854888916,13016800,0.0,0.0
2009-06-30 00:00:00-04:00,3.7418656165523703,3.810878858271437,3.671169085882285,3.704834222793579,14904800,0.0,0.0
2009-07-01 00:00:00-04:00,3.7469152302108415,3.797412611110925,3.7199832509235278,3.7805800437927246,14216800,0.0,0.0
2009-07-02 00:00:00-04:00,3.7384996397924173,3.7384996397924173,3.514627310181419,3.5466091632843018,23488000,0.0,0.0
2009-07-06 00:00:00-04:00,3.486011644440095,3.5870067390289764,3.4792788093632656,3.5415592193603516,13345600,0.0,0.0
2009-07-07 00:00:00-04:00,3.5432417026301684,3.5567076919962615,3.4321472100962724,3.44392991065979,12082400,0.0,0.0
2009-07-08 00:00:00-04:00,3.4439298955240654,3.5365088529317776,3.403531927603331,3.524726152420044,15794400,0.0,0.0
2009-07-09 00:00:00-04:00,3.5381920408099536,3.5684905961499505,3.418681108197133,3.48264479637146,13632400,0.0,0.0
2009-07-10 00:00:00-04:00,3.452346379389329,3.5045270484247073,3.4085818333725717,3.440563678741455,11711600,0.0,0.0
2009-07-13 00:00:00-04:00,3.4472967801207863,3.5415590347184023,3.3698674149740357,3.5398757457733154,12709600,0.0,0.0
2009-07-14 00:00:00-04:00,3.538191353838286,3.6476025327249433,3.472544389662741,3.640869379043579,16020800,0.0,0.0
2009-07-15 00:00:00-04:00,3.679584798494163,3.6964170425460843,3.5937390054005656,3.6425530910491943,14714400,0.0,0.0
2009-07-16 00:00:00-04:00,3.605521623188671,3.741864787466186,3.5516576729088856,3.7283987998962402,17691200,0.0,0.0
2009-07-17 00:00:00-04:00,3.6745354570908466,3.7317659939880907,3.607205508110124,3.6964175701141357,17236400,0.0,0.0
2009-07-20 00:00:00-04:00,3.7132500974671587,3.790679778748541,3.7048339743310272,3.7603812217712402,13197200,0.0,0.0
2009-07-21 00:00:00-04:00,3.77553011994589,3.8647421719987007,3.704833601138378,3.8580093383789062,19525600,0.0,0.0
2009-07-22 00:00:00-04:00,3.8394941897951878,4.0044529780358635,3.8243449100480387,3.9758377075195312,20105200,0.0,0.0
2009-07-23 00:00:00-04:00,3.9775204555078965,4.073465995619428,3.8950412264754797,4.022968292236328,23842400,0.0,0.0
2009-07-24 00:00:00-04:00,3.9489052808897616,4.081882216481309,3.92702316697262,4.065049648284912,21429600,0.0,0.0
2009-07-27 00:00:00-04:00,4.046533675331837,4.058316375480829,3.8967241877181524,3.9606878757476807,22301200,0.0,0.0
2009-07-28 00:00:00-04:00,3.925340827397,3.9573226825995595,3.8209794572375504,3.8378117084503174,23062800,0.0,0.0
2009-07-29 00:00:00-04:00,3.8142453039934665,3.8529599853616463,3.6779021142312303,3.6812686920166016,27248400,0.0,0.0
2009-07-30 00:00:00-04:00,3.718300428172229,3.8108790784452147,3.612255465513077,3.615622043609619,24278400,0.0,0.0
2009-07-31 00:00:00-04:00,3.6173042717678148,3.7603805883635473,3.6173042717678148,3.684634208679199,19539600,0.0,0.0
2009-08-03 00:00:00-04:00,3.709884156691365,3.868109468292077,3.709884156691365,3.8479106426239014,17851600,0.0,0.0
2009-08-04 00:00:00-04:00,3.938805400522561,4.1391122640517,3.8883080229862377,4.110496997833252,34184000,0.0,0.0
2009-08-05 00:00:00-04:00,4.1121807750239165,4.182877304605155,4.036434378667398,4.065049648284912,21148000,0.0,0.0
2009-08-06 00:00:00-04:00,4.122279483604851,4.181193301704926,4.059999409283943,4.127329349517822,16098000,0.0,0.0
2009-08-07 00:00:00-04:00,4.14752733510963,4.268721524157908,4.098713258674175,4.235056400299072,14760800,0.0,0.0
2009-08-10 00:00:00-04:00,4.26198990141966,4.293971748464604,4.019601757337374,4.066732883453369,18084000,0.0,0.0
2009-08-11 00:00:00-04:00,4.065048640938811,4.184559556568548,4.048216076913636,4.157627582550049,15786400,0.0,0.0
2009-08-12 00:00:00-04:00,4.142479023149823,4.364668007739832,4.1290130338126865,4.315853595733643,23210000,0.0,0.0
2009-08-13 00:00:00-04:00,4.3444691557559505,4.453880366619561,4.251890512960864,4.431998252868652,26032400,0.0,0.0
2009-08-14 00:00:00-04:00,4.346153577841685,4.487546672795487,4.336054162789161,4.450515270233154,31286800,0.0,0.0
2009-08-17 00:00:00-04:00,4.251890453632197,4.349518961801943,4.213175772352968,4.223275184631348,19117600,0.0,0.0
2009-08-18 00:00:00-04:00,4.243474735735482,4.255257759974641,4.056634131850129,4.130697250366211,29814000,0.0,0.0
2009-08-19 00:00:00-04:00,4.078515394437736,4.277138980943032,4.065049404897776,4.238424301147461,26332000,0.0,0.0
2009-08-20 00:00:00-04:00,3.911873784860957,4.056633418067994,3.8731591037652,3.9404890537261963,67452800,0.0,0.0
2009-08-21 00:00:00-04:00,3.974154497873313,4.011185892964149,3.8748426935726785,3.8933582305908203,29613600,0.0,0.0
2009-08-24 00:00:00-04:00,3.9068235952509767,3.913556750217726,3.7536478513569222,3.797412395477295,29498400,0.0,0.0
2009-08-25 00:00:00-04:00,3.8159285464754635,3.84454381519403,3.757014720166118,3.7755305767059326,27330800,0.0,0.0
2009-08-26 00:00:00-04:00,3.777213572686046,3.8613760834434165,3.7132498847199247,3.797412395477295,20362800,0.0,0.0
2009-08-27 00:00:00-04:00,3.7873133095563802,3.916923664314285,3.7536481739385126,3.874842405319214,20830400,0.0,0.0
2009-08-28 00:00:00-04:00,3.910190494772814,3.967421032485622,3.874842391449652,3.9505884647369385,21142000,0.0,0.0
2009-08-31 00:00:00-04:00,4.091982239039982,4.113864677274052,3.984254300209428,4.006136417388916,30459600,0.0,0.0
2009-09-01 00:00:00-04:00,3.9808864629799454,4.070098834771446,3.918606388433854,3.9253392219543457,17736000,0.0,0.0
2009-09-02 00:00:00-04:00,3.9202914648320246,3.992670983193029,3.8613776196526994,3.948906421661377,17472400,0.0,0.0
2009-09-03 00:00:00-04:00,3.9337568972200803,4.0398015465530825,3.893358599226518,4.03138542175293,11936000,0.0,0.0
2009-09-04 00:00:00-04:00,4.026333705791861,4.063365087388223,3.9455377890064693,4.049899101257324,12266800,0.0,0.0
2009-09-08 00:00:00-04:00,4.115547009757636,4.2131755118919285,4.085248453741043,4.196342945098877,18980000,0.0,0.0
2009-09-09 00:00:00-04:00,4.228324788610059,4.2754555903508145,4.174460510677825,4.216541767120361,14990400,0.0,0.0
2009-09-10 00:00:00-04:00,4.231691363272637,4.240107807826617,4.108814162275313,4.211492538452148,14457200,0.0,0.0
2009-09-11 00:00:00-04:00,4.22159094058037,4.22159094058037,4.130695608531551,4.157627582550049,12579600,0.0,0.0
2009-09-14 00:00:00-04:00,4.125646862258166,4.359618570413693,4.081882312341567,4.307437896728516,27324000,0.0,0.0
2009-09-15 00:00:00-04:00,4.319220019270055,4.349518574461527,4.253573363724867,4.265356063842773,14134800,0.0,0.0
2009-09-16 00:00:00-04:00,4.27545577882095,4.373084285229103,4.208125829755762,4.346152305603027,17892000,0.0,0.0
2009-09-17 00:00:00-04:00,4.346153367479861,4.374768642955827,4.304072098900769,4.34278678894043,14788400,0.0,0.0
2009-09-18 00:00:00-04:00,4.3613018077055,4.598640090978285,4.322587125141466,4.509428024291992,36131600,0.0,0.0
2009-09-21 00:00:00-04:00,4.507745567137537,4.556559671322521,4.400017302181238,4.423583030700684,17578800,0.0,0.0
2009-09-22 00:00:00-04:00,4.457245664976431,4.480811381929557,4.374766458276587,4.4168477058410645,9724800,0.0,0.0
2009-09-23 00:00:00-04:00,4.418531780821173,4.58180693485666,4.378133814494491,4.487545013427734,18429600,0.0,0.0
2009-09-24 00:00:00-04:00,4.511111126505983,4.538043108313725,4.38823391937634,4.415165901184082,13425600,0.0,0.0
2009-09-25 00:00:00-04:00,4.388233501595358,4.442097460082735,4.337736120777072,4.38318395614624,10657200,0.0,0.0
2009-09-28 00:00:00-04:00,4.394966232561733,4.45724630815364,4.352884978924962,4.411798477172852,10503200,0.0,0.0
2009-09-29 00:00:00-04:00,4.430315049164705,4.55487554158021,4.426948471275344,4.509428024291992,11655200,0.0,0.0
2009-09-30 00:00:00-04:00,4.529627135025722,4.54982628258052,4.405066634759052,4.455564022064209,17042000,0.0,0.0
2009-10-01 00:00:00-04:00,4.467346094656988,4.512793605137441,4.364667731793854,4.379817008972168,18036000,0.0,0.0
2009-10-02 00:00:00-04:00,4.33268594764548,4.4101156232822065,4.310803836454044,4.322586536407471,12916000,0.0,0.0
2009-10-05 00:00:00-04:00,4.314169511970104,4.39328246567047,4.277138128380315,4.381499767303467,12717600,0.0,0.0
2009-10-06 00:00:00-04:00,4.425264359321082,4.511109825924375,4.293970745070209,4.480811595916748,10194000,0.0,0.0
2009-10-07 00:00:00-04:00,4.433680269077744,4.482494349304229,4.393282309942378,4.4168477058410645,16032800,0.0,0.0
2009-10-08 00:00:00-04:00,4.553191391187278,4.654186461378412,4.490911317289973,4.6070556640625,29264000,0.0,0.0
2009-10-09 00:00:00-04:00,4.605372812539432,4.605372812539432,4.506061021548669,4.5380425453186035,15445200,0.0,0.0
2009-10-12 00:00:00-04:00,4.556558774712896,4.618839180685063,4.487545534099015,4.521210670471191,10214000,0.0,0.0
2009-10-13 00:00:00-04:00,4.516160161955788,4.633987801460646,4.480812062737023,4.602005958557129,17388400,0.0,0.0
2009-10-14 00:00:00-04:00,4.644088394481334,4.755182907521361,4.644088394481334,4.7400336265563965,19975200,0.0,0.0
2009-10-15 00:00:00-04:00,4.723200540776677,4.8174627945010275,4.667653290321576,4.686169147491455,23774800,0.0,0.0
2009-10-16 00:00:00-04:00,4.657554147531125,4.723200814310426,4.600323604832151,4.667653560638428,15250800,0.0,0.0
2009-10-19 00:00:00-04:00,4.696269072774784,4.7635990320331985,4.676070245524545,4.7400336265563965,9785600,0.0,0.0
2009-10-20 00:00:00-04:00,4.571709172130888,4.573392461466652,4.28723969547905,4.317538261413574,50180000,0.0,0.0
2009-10-21 00:00:00-04:00,4.319220019270055,4.401699241149894,4.256939941202698,4.265356063842773,29969200,0.0,0.0
2009-10-22 00:00:00-04:00,4.275455211372646,4.336052318015988,4.189609417312738,4.248523235321045,22136400,0.0,0.0
2009-10-23 00:00:00-04:00,4.332686350319695,4.332686350319695,4.1340627582035525,4.1694111824035645,19331600,0.0,0.0
2009-10-26 00:00:00-04:00,4.1929767742472,4.246840736366154,4.024651732098201,4.053267002105713,24907600,0.0,0.0
2009-10-27 00:00:00-04:00,4.063366496642192,4.154262175340959,4.0347512260578995,4.140796184539795,28021600,0.0,0.0
2009-10-28 00:00:00-04:00,4.157627529551768,4.167726939416352,4.070098454580174,4.078514575958252,19852400,0.0,0.0
2009-10-29 00:00:00-04:00,4.1104978926162845,4.166045148419697,4.076832752894097,4.13238000869751,14058800,0.0,0.0
2009-10-30 00:00:00-04:00,4.115547878449393,4.12564729223516,4.04148476155975,4.088615894317627,26188000,0.0,0.0
2009-11-02 00:00:00-05:00,4.115546653574074,4.147528174553046,4.007818428054677,4.071782112121582,16268800,0.0,0.0
2009-11-03 00:00:00-05:00,4.049899206390135,4.09703031959899,3.9792026971040726,4.036433219909668,11898000,0.0,0.0
2009-11-04 00:00:00-05:00,4.085247456517506,4.098713442453951,3.987618978214674,3.996035099029541,13658000,0.0,0.0
2009-11-05 00:00:00-05:00,4.024650993390941,4.123962775714966,3.9943524399965633,4.071782112121582,12047200,0.0,0.0
2009-11-06 00:00:00-05:00,4.046533939307421,4.150895279767504,4.0229682164176275,4.145845413208008,9437600,0.0,0.0
2009-11-09 00:00:00-05:00,4.206442498781197,4.309120870736639,4.182877097107956,4.292288303375244,12618800,0.0,0.0
2009-11-10 00:00:00-05:00,4.381500640668608,4.381500640668608,4.194659754878963,4.238424301147461,17291600,0.0,0.0
2009-11-11 00:00:00-05:00,4.230008043236813,4.230008043236813,4.039800892479878,4.112180709838867,24894000,0.0,0.0
2009-11-12 00:00:00-05:00,4.066732968990013,4.177827470478046,4.065049680051765,4.144162654876709,17740800,0.0,0.0
2009-11-13 00:00:00-05:00,4.14921248875545,4.1929770410252525,3.945539328902641,3.9876205921173096,30455600,0.0,0.0
2009-11-16 00:00:00-05:00,4.002769192251677,4.152578361096999,4.0010859034826325,4.107130527496338,17727200,0.0,0.0
2009-11-17 00:00:00-05:00,4.09366524816578,4.098715115348466,3.953955466657072,4.0347514152526855,13722800,0.0,0.0
2009-11-18 00:00:00-05:00,4.06505012779868,4.073466573416951,4.006136292689076,4.054950714111328,16356400,0.0,0.0
2009-11-19 00:00:00-05:00,4.123963356018066,4.149212047048088,4.03980083854831,4.123963356018066,28052000,0.0,0.0
2009-11-20 00:00:00-05:00,4.108813588115776,4.317536568069867,4.108813588115776,4.290604591369629,24193200,0.0,0.0
2009-11-23 00:00:00-05:00,4.342784507684203,4.384865754158098,4.287237275180838,4.31921911239624,18866400,0.0,0.0
2009-11-24 00:00:00-05:00,4.332686979529358,4.359618963281237,4.236741747281466,4.255257606506348,15699200,0.0,0.0
2009-11-25 00:00:00-05:00,4.268722688047146,4.329319478038897,4.224958143519796,4.3091206550598145,12368400,0.0,0.0
2009-11-27 00:00:00-05:00,4.19802669477248,4.2855554738077615,4.1643615574903805,4.261990070343018,7013600,0.0,0.0
2009-11-30 00:00:00-05:00,4.260307207139304,4.2670403636904375,3.997720201681999,4.108814716339111,32250400,0.0,0.0
2009-12-01 00:00:00-05:00,4.147528288674822,4.176143554217492,3.9926692612182237,4.012868404388428,24110000,0.0,0.0
2009-12-02 00:00:00-05:00,3.8866251211062983,3.93207295804522,3.5954228848168146,3.6812686920166016,82857600,0.0,0.0
2009-12-03 00:00:00-05:00,3.7300831909969574,3.753648595946112,3.5937399864196777,3.5937399864196777,32134000,0.0,0.0
2009-12-04 00:00:00-05:00,3.6375039238059643,3.6610693247681785,3.5314589773669818,3.5903728008270264,28291600,0.0,0.0
2009-12-07 00:00:00-05:00,3.571856929425107,3.7031505650378915,3.5533413949169828,3.6913678646087646,29156400,0.0,0.0
2009-12-08 00:00:00-05:00,3.560074847016974,3.6173053913688324,3.514627005139693,3.5937399864196777,24618400,0.0,0.0
2009-12-09 00:00:00-05:00,3.5920554519813623,3.5920554519813623,3.4826442684371894,3.504526376724243,25552400,0.0,0.0
2009-12-10 00:00:00-05:00,3.5213601968950194,3.570174296360379,3.512944072486892,3.565124750137329,21166400,0.0,0.0
2009-12-11 00:00:00-05:00,3.763747438750015,3.7873128381164145,3.610571700759443,3.6560192108154297,43557200,0.0,0.0
2009-12-14 00:00:00-05:00,3.6964170611015827,3.768796866684294,3.6560190972761233,3.75028133392334,18072000,0.0,0.0
2009-12-15 00:00:00-05:00,3.7267164835016766,3.7586983327187866,3.6896850882876113,3.7553317546844482,15962000,0.0,0.0
2009-12-16 00:00:00-05:00,3.768798081294984,3.7923638085788043,3.7418660967316866,3.777214527130127,13728400,0.0,0.0
2009-12-17 00:00:00-05:00,3.768797205404124,3.8142450391878095,3.7233496926749448,3.8125617504119873,16027200,0.0,0.0
2009-12-18 00:00:00-05:00,3.812562742328777,3.8293953134118346,3.7502826466924293,3.783947467803955,17775600,0.0,0.0
2009-12-21 00:00:00-05:00,3.783946324091331,3.8260275785524565,3.775530201620903,3.807512044906616,9394400,0.0,0.0
2009-12-22 00:00:00-05:00,3.80751243216059,3.812561977734628,3.728399460252387,3.7401821613311768,12574000,0.0,0.0
2009-12-23 00:00:00-05:00,3.7267163370477423,3.748598772356445,3.6913682322399692,3.704834222793579,14990800,0.0,0.0
2009-12-24 00:00:00-05:00,3.7031509338425606,3.7233500802002446,3.6981010669895045,3.704834222793579,3045600,0.0,0.0
2009-12-28 00:00:00-05:00,3.7334489819799073,3.7788968142748716,3.7267158270971734,3.7435483932495117,12622400,0.0,0.0
2009-12-29 00:00:00-05:00,3.7586979650198424,3.7586979650198424,3.7182999957234166,3.7317659854888916,9635200,0.0,0.0
2009-12-30 00:00:00-05:00,3.728399407783893,3.7351325631938908,3.7098838725154395,3.7317659854888916,6336000,0.0,0.0
2009-12-31 00:00:00-05:00,3.7166169801732187,3.73344954888148,3.6930515766143794,3.69305157661438,8567200,0.0,0.0
2010-01-04 00:00:00-05:00,3.714933344994572,3.863059550557628,3.7031506443132067,3.8546431064605713,26702800,0.0,0.0
2010-01-05 00:00:00-05:00,3.856326273226521,3.9960360302706803,3.8546429844603862,3.9590046405792236,21269600,0.0,0.0
2010-01-06 00:00:00-05:00,3.9489052837898635,4.056633527693199,3.908507312721563,4.044850826263428,21471200,0.0,0.0
2010-01-07 00:00:00-05:00,3.3681838408709583,3.5634408472065635,3.26887204890058,3.44392991065979,164761200,0.0,0.0
2010-01-08 00:00:00-05:00,3.4742296273835134,3.5735414525238607,3.4052163687001693,3.415316104888916,47872400,0.0,0.0
2010-01-11 00:00:00-05:00,3.4573968130264445,3.4658129374257483,3.385016987395995,3.42036509513855,28085200,0.0,0.0
2010-01-12 00:00:00-05:00,3.4775957717480503,3.5011611778024796,3.416998646402857,3.4961116313934326,28486000,0.0,0.0
2010-01-13 00:00:00-05:00,3.5062106982089167,3.5179934000698374,3.470862592626154,3.4994778633117676,17787600,0.0,0.0
2010-01-14 00:00:00-05:00,3.4876942395244113,3.506210094147053,3.4321469967109763,3.450662851333618,27087600,0.0,0.0
2010-01-15 00:00:00-05:00,3.448979562635697,3.4792781170892964,3.435513574106819,3.450662851333618,24515200,0.0,0.0
2010-01-19 00:00:00-05:00,3.4759114039682313,3.5028433799743652,3.4338301513268377,3.5028433799743652,16406800,0.0,0.0
2010-01-20 00:00:00-05:00,3.475911725844605,3.4961108702469255,3.4321471805183332,3.4523463249206543,16296800,0.0,0.0
2010-01-21 00:00:00-05:00,3.43888097434239,3.4759123713938864,3.4220484043900488,3.437197685241699,17704000,0.0,0.0
2010-01-22 00:00:00-05:00,3.437196977720208,3.440563555228605,3.363133877807987,3.3715503215789795,13537600,0.0,0.0
2010-01-25 00:00:00-05:00,3.3866995754714586,3.4153148419823895,3.3496678652487835,3.35471773147583,14026400,0.0,0.0
2010-01-26 00:00:00-05:00,3.337886002023677,3.374917400476831,3.2857053221454637,3.3059041500091553,25002400,0.0,0.0
2010-01-27 00:00:00-05:00,3.3109543104409815,3.368184862875914,3.282339034223515,3.3564021587371826,26276000,0.0,0.0
2010-01-28 00:00:00-05:00,3.3681832942917986,3.3681832942917986,3.3244187556903526,3.3429346084594727,17192800,0.0,0.0
2010-01-29 00:00:00-05:00,3.3564014776095545,3.3732340462723904,3.319369762340407,3.3277862071990967,18107600,0.0,0.0
2010-02-01 00:00:00-05:00,3.3631338541330744,3.3782831317597144,3.30926989859591,3.35471773147583,22914400,0.0,0.0
2010-02-02 00:00:00-05:00,3.3564014068521186,3.416998203284505,3.3429354164166396,3.4052155017852783,17193200,0.0,0.0
2010-02-03 00:00:00-05:00,3.411948357170521,3.4624457365945602,3.376599934730087,3.4523463249206543,13012000,0.0,0.0
2010-02-04 00:00:00-05:00,3.4270982360125424,3.4371976494569747,3.3614512459873205,3.383333683013916,20178400,0.0,0.0
2010-02-05 00:00:00-05:00,3.395116437073632,3.4186818424865124,3.346302016084587,3.391749858856201,13127200,0.0,0.0
2010-02-08 00:00:00-05:00,3.3900661618845467,3.3900661618845467,3.3109535096204668,3.3143200874328613,16622400,0.0,0.0
2010-02-09 00:00:00-05:00,3.1948091779458476,3.223424447550401,3.075298553809177,3.167877197265625,44096400,0.0,0.0
2010-02-10 00:00:00-05:00,3.167877079063576,3.248673018089529,3.1628275335335307,3.2267909049987793,22481600,0.0,0.0
2010-02-11 00:00:00-05:00,3.230157580632412,3.2857048305282848,3.2200578471571393,3.258772850036621,16944400,0.0,0.0
2010-02-12 00:00:00-05:00,3.236890317113393,3.241940183697961,3.164510501340531,3.2267909049987793,19654800,0.0,0.0
2010-02-16 00:00:00-05:00,3.2284742806677897,3.2402569819607403,3.1729270309620725,3.1964924335479736,15120800,0.0,0.0
2010-02-17 00:00:00-05:00,3.191442450382253,3.252039564597328,3.1897594825914073,3.2453067302703857,12235200,0.0,0.0
2010-02-18 00:00:00-05:00,3.236889941659958,3.2823377724859166,3.2166911197736336,3.268871784210205,9183200,0.0,0.0
2010-02-19 00:00:00-05:00,3.2537227749667106,3.272238630764629,3.2368902079735586,3.2503561973571777,11946800,0.0,0.0
2010-02-22 00:00:00-05:00,3.25708890149796,3.25708890149796,3.1981750857082303,3.2116410732269287,10532800,0.0,0.0
2010-02-23 00:00:00-05:00,3.1998582935704714,3.2217404023410023,3.16787645362481,3.176292896270752,14362000,0.0,0.0
2010-02-24 00:00:00-05:00,3.1880761273674825,3.194808961554241,3.1544109932701527,3.174610137939453,15390400,0.0,0.0
2010-02-25 00:00:00-05:00,2.9423209020496444,2.950737344622543,2.8817241207970534,2.947370767593384,65709600,0.0,0.0
2010-02-26 00:00:00-05:00,2.9608371325460014,2.9911356875665174,2.883407456265295,2.895190477371216,27936800,0.0,0.0
2010-03-01 00:00:00-05:00,2.9103397246004654,2.959153813027684,2.905289858464756,2.944004535675049,18755200,0.0,0.0
2010-03-02 00:00:00-05:00,2.959153813027684,2.984402501597245,2.9221224245292943,2.944004535675049,13546400,0.0,0.0
2010-03-03 00:00:00-05:00,2.955787540890343,3.019751234331136,2.940638261973025,3.0046019554138184,18618800,0.0,0.0
2010-03-04 00:00:00-05:00,3.0096510230227462,3.0584654297935003,2.969253059344093,2.994502067565918,19592400,0.0,0.0
2010-03-05 00:00:00-05:00,3.004602157315053,3.055099543063051,2.987769588380871,3.0433168411254883,17628800,0.0,0.0
2010-03-08 00:00:00-05:00,3.05173318213672,3.132529454556967,3.0450003467168663,3.10896372795105,14404400,0.0,0.0
2010-03-09 00:00:00-05:00,3.1005472495047606,3.1274792302192043,3.0096515738026124,3.039950132369995,20690400,0.0,0.0
2010-03-10 00:00:00-05:00,3.03490146441838,3.0887654414261445,3.0197521807531174,3.0769827365875244,15324000,0.0,0.0
2010-03-11 00:00:00-05:00,3.070248940943383,3.3193699433648223,3.05341637136257,3.257089853286743,70812800,0.0,0.0
2010-03-12 00:00:00-05:00,3.287386915897355,3.3395675688643056,3.2183737010220415,3.233522653579712,19390800,0.0,0.0
2010-03-15 00:00:00-04:00,3.2301569780490142,3.273921518447358,3.1544105963875593,3.265505075454712,16786000,0.0,0.0
2010-03-16 00:00:00-04:00,3.2806557345441605,3.2806557345441605,3.2150090568045915,3.2671897411346436,14022800,0.0,0.0
2010-03-17 00:00:00-04:00,3.263821652849203,3.351350730052095,3.2436228326051255,3.3429346084594727,29221600,0.0,0.0
2010-03-18 00:00:00-04:00,3.6240372383667028,3.721665722097517,3.53987474132102,3.5617568492889404,75227200,0.0,0.0
2010-03-19 00:00:00-04:00,3.553341865539551,3.5987893844919805,3.517993438515939,3.553341865539551,31450800,0.0,0.0
2010-03-22 00:00:00-04:00,3.6425532224466917,3.7048336192706537,3.6021552573667517,3.6358203887939453,32534400,0.0,0.0
2010-03-23 00:00:00-04:00,3.627404630554618,3.7536484156698076,3.6105723827162315,3.736816167831421,29708800,0.0,0.0
2010-03-24 00:00:00-04:00,3.7132502805046466,3.7132502805046466,3.6223549261467505,3.654336452484131,22520800,0.0,0.0
2010-03-25 00:00:00-04:00,3.703151210443863,3.7368163498697236,3.6560200794585707,3.6661198139190674,17515200,0.0,0.0
2010-03-26 00:00:00-04:00,3.6728529011115825,3.7031514644622803,3.6307716344699656,3.7031514644622803,11542800,0.0,0.0
2010-03-29 00:00:00-04:00,3.7267157003509452,3.753647676856927,3.657702470422556,3.664435625076294,13868000,0.0,0.0
2010-03-30 00:00:00-04:00,3.6644352027886034,3.7115659957155,3.6459193506790664,3.672851324081421,11360400,0.0,0.0
2010-03-31 00:00:00-04:00,3.645919665231143,3.706516771141686,3.645919665231143,3.6880009174346924,17516000,0.0,0.0
2010-04-01 00:00:00-04:00,3.689684928209119,3.783946861699135,3.689684928209119,3.7704808712005615,15999600,0.0,0.0
2010-04-05 00:00:00-04:00,3.7805799589615323,3.8142450928425324,3.7620644242760415,3.8108785152435303,12947600,0.0,0.0
2010-04-06 00:00:00-04:00,3.7990953918347894,3.8108780910652866,3.7603807169190193,3.7889959812164307,10560400,0.0,0.0
2010-04-07 00:00:00-04:00,3.7687972820084092,3.819294983145974,3.758697870202701,3.8176116943359375,17577200,0.0,0.0
2010-04-08 00:00:00-04:00,3.810878733687529,3.9085072422731963,3.78563004235675,3.8916749954223633,17962800,0.0,0.0
2010-04-09 00:00:00-04:00,3.9068246619533467,3.9354399362660226,3.8361284418268875,3.921973943710327,14136400,0.0,0.0
2010-04-12 00:00:00-04:00,3.933756218042781,3.9775204447130217,3.903457660306056,3.9505884647369385,17782800,0.0,0.0
2010-04-13 00:00:00-04:00,3.9455380718494406,3.9876193216569726,3.90850636654396,3.982569456100464,18796000,0.0,0.0
2010-04-14 00:00:00-04:00,3.997720280443155,4.04148483572403,3.9792044206173207,4.03138542175293,20700800,0.0,0.0
2010-04-15 00:00:00-04:00,4.039800476649702,4.1896096415880235,4.021284621727619,4.110496997833252,28872400,0.0,0.0
2010-04-16 00:00:00-04:00,4.292287999655586,4.300704122213504,4.135745680064133,4.176143646240234,44103600,0.0,0.0
2010-04-19 00:00:00-04:00,4.216541393616831,4.320903041613894,4.203075405590225,4.258622646331787,47649600,0.0,0.0
2010-04-20 00:00:00-04:00,4.288922898726195,4.300705602785423,4.231692346677424,4.27545690536499,27440000,0.0,0.0
2010-04-21 00:00:00-04:00,4.268722593367607,4.268722593367607,4.169410806268744,4.231690883636475,28300400,0.0,0.0
2010-04-22 00:00:00-04:00,4.208125430687006,4.236740696457858,4.174460298819714,4.213175296783447,40112000,0.0,0.0
2010-04-23 00:00:00-04:00,4.2064430335436285,4.253574163936381,4.186244206985706,4.245157718658447,26032800,0.0,0.0
2010-04-26 00:00:00-04:00,4.2316909304462325,4.299021195773263,4.199709407575842,4.285554885864258,21112000,0.0,0.0
2010-04-27 00:00:00-04:00,4.263673884805171,4.334370424967208,4.113864679650567,4.130697250366211,24509600,0.0,0.0
2010-04-28 00:00:00-04:00,4.139112891924053,4.219908836660106,4.110497621364883,4.160995006561279,14573600,0.0,0.0
2010-04-29 00:00:00-04:00,4.206442832946777,4.2535739610919405,4.1559454479055296,4.206442832946777,13401600,0.0,0.0
2010-04-30 00:00:00-04:00,4.218225184145861,4.231691173774681,4.075148843680569,4.091981410980225,16750000,0.0,0.0
2010-05-03 00:00:00-04:00,4.14079554013764,4.260306149767579,4.0919811304209635,4.231690883636475,13205200,0.0,0.0
2010-05-04 00:00:00-04:00,4.258623409987476,4.258623409987476,4.120596927700249,4.164361476898193,19578400,0.0,0.0
2010-05-05 00:00:00-04:00,4.107130734846768,4.18792667351285,3.992669661209224,4.125646591186523,17316800,0.0,0.0
2010-05-06 00:00:00-04:00,4.086931511755505,4.112180199992152,3.718299636126097,3.9017739295959473,26537200,0.0,0.0
2010-05-07 00:00:00-04:00,3.873160132147131,3.9303906850731773,3.6896857691291496,3.8007802963256836,28214400,0.0,0.0
2010-05-10 00:00:00-04:00,3.9724716565851246,4.028018916009191,3.858010559334422,3.921973943710327,19441200,0.0,0.0
2010-05-11 00:00:00-04:00,3.852959365606193,3.9186063376433777,3.741864884994929,3.8613758087158203,25358000,0.0,0.0
2010-05-12 00:00:00-04:00,3.836127721629119,3.910190506253541,3.750281914807854,3.8950412273406982,20704000,0.0,0.0
2010-05-13 00:00:00-04:00,3.8899915078949547,3.947222043218154,3.812561827905827,3.8176116943359375,14396400,0.0,0.0
2010-05-14 00:00:00-04:00,3.652653529660832,3.753648297736253,3.5129437580316596,3.6779022216796875,37874000,0.0,0.0
2010-05-17 00:00:00-04:00,3.674535320941655,3.711566711245332,3.583639973449172,3.708200454711914,20410800,0.0,0.0
2010-05-18 00:00:00-04:00,3.733449272687625,3.7721639531144024,3.587006353130244,3.6038389205932617,17028000,0.0,0.0
2010-05-19 00:00:00-04:00,3.5937389004601297,3.618987586855203,3.4843277120451677,3.580272912979126,25809600,0.0,0.0
2010-05-20 00:00:00-04:00,3.6274046518034337,3.846227406584323,3.46917933802481,3.470862627029419,58545600,0.0,0.0
2010-05-21 00:00:00-04:00,3.4456126425773546,3.6358200728181385,3.4136311236608536,3.585322380065918,24071200,0.0,0.0
2010-05-24 00:00:00-04:00,3.588688981260481,3.6307702316430936,3.5348250321394508,3.581956148147583,19369200,0.0,0.0
2010-05-25 00:00:00-04:00,3.4994770873532985,3.7031501939123284,3.4775946564169464,3.6880009174346924,32569200,0.0,0.0
2010-05-26 00:00:00-04:00,3.716616318958289,3.7368154620255267,3.637503677475123,3.6459197998046875,20909200,0.0,0.0
2010-05-27 00:00:00-04:00,3.800779276455468,3.874842381731203,3.7873132865012007,3.8681092262268066,19578400,0.0,0.0
2010-05-28 00:00:00-04:00,3.8580093920759664,3.8967240688284632,3.750281484223978,3.836127281188965,15776800,0.0,0.0
2010-06-01 00:00:00-04:00,3.804145947234771,3.815928648601076,3.6795854568481445,3.6795854568481445,16959200,0.0,0.0
2010-06-02 00:00:00-04:00,3.691367756460203,3.743548422998065,3.650969790006261,3.7250325679779053,14154800,0.0,0.0
2010-06-03 00:00:00-04:00,3.7317658913511385,3.827711106141645,3.708200490119649,3.8176116943359375,13562000,0.0,0.0
2010-06-04 00:00:00-04:00,3.730082277677814,3.788996096680081,3.6274039165897056,3.664435625076294,16968000,0.0,0.0
2010-06-07 00:00:00-04:00,3.666119087987845,3.7098836321537854,3.5516580218699243,3.5583908557891846,17799600,0.0,0.0
2010-06-08 00:00:00-04:00,3.5567077296387692,3.573540296788161,3.450663102390274,3.533142328262329,25142000,0.0,0.0
2010-06-09 00:00:00-04:00,3.5482916065913304,3.6072054310869452,3.514626472292546,3.533142328262329,15337600,0.0,0.0
2010-06-10 00:00:00-04:00,3.5937395947937993,3.644236977340366,3.5432418911927046,3.573540449142456,14132800,0.0,0.0
2010-06-11 00:00:00-04:00,3.5415584702783396,3.708200196628724,3.509576627527916,3.6459197998046875,20270000,0.0,0.0
2010-06-14 00:00:00-04:00,3.6526529787094804,3.7317656207167405,3.637503701572315,3.6829512119293213,17182000,0.0,0.0
2010-06-15 00:00:00-04:00,3.6913680117001064,3.7300826920969175,3.3328355129170606,3.486011266708374,86314800,0.0,0.0
2010-06-16 00:00:00-04:00,3.4624465106983746,3.465813089027183,3.2789721654878465,3.3059041500091553,40100400,0.0,0.0
2010-06-17 00:00:00-04:00,3.307586944282312,3.33283563586143,3.231840869544958,3.258772850036621,26484400,0.0,0.0
2010-06-18 00:00:00-04:00,3.2570883686731853,3.2789704744159662,3.215007124429486,3.233522653579712,24309600,0.0,0.0
2010-06-21 00:00:00-04:00,3.2857046309843247,3.2857046309843247,3.1544109932701527,3.174610137939453,19453600,0.0,0.0
2010-06-22 00:00:00-04:00,3.1746105379198655,3.2318410804632975,3.1544113907056026,3.169560670852661,19208800,0.0,0.0
2010-06-23 00:00:00-04:00,3.1577777299177265,3.2032255669215393,3.119063048494269,3.179659843444824,14618800,0.0,0.0
2010-06-24 00:00:00-04:00,3.1661941687000694,3.1897598945239944,3.0752988066935507,3.0921313762664795,24058000,0.0,0.0
2010-06-25 00:00:00-04:00,3.0988631511371643,3.152727098496474,3.055098613644112,3.1156957149505615,25433200,0.0,0.0
2010-06-28 00:00:00-04:00,3.0837142654444323,3.1813427626323634,3.0584655770613365,3.1560940742492676,21330400,0.0,0.0
2010-06-29 00:00:00-04:00,3.124112212128823,3.124112212128823,3.0231171381542157,3.083714246749878,27437600,0.0,0.0
2010-06-30 00:00:00-04:00,3.08876485377525,3.1779769283258914,3.070248994806068,3.162827968597412,32174400,0.0,0.0
2010-07-01 00:00:00-04:00,3.144311187944482,3.2537223784859557,3.1392613221455314,3.2099578380584717,39145600,0.0,0.0
2010-07-02 00:00:00-04:00,3.2015420791239175,3.228474057663076,3.0702484429546386,3.075298309326172,22867200,0.0,0.0
2010-07-06 00:00:00-04:00,3.0971803665161133,3.1712434667113683,3.0719316772156526,3.0971803665161133,16960800,0.0,0.0
2010-07-07 00:00:00-04:00,3.112329531226472,3.1712433514900233,3.0938136765867723,3.1560940742492676,16324400,0.0,0.0
2010-07-08 00:00:00-04:00,3.172927141189575,3.230157681790265,3.14936141673047,3.172927141189575,16996400,0.0,0.0
2010-07-09 00:00:00-04:00,3.16451155175779,3.2150092712019447,3.125796858255512,3.2032265663146973,10320000,0.0,0.0
2010-07-12 00:00:00-04:00,3.1981754758795424,3.2722385767951727,3.196492187102539,3.2520394325256348,15144400,0.0,0.0
2010-07-13 00:00:00-04:00,3.2823383270313924,3.317686431831705,3.246990222231079,3.2840216159820557,12702800,0.0,0.0
2010-07-14 00:00:00-04:00,3.2823383270313924,3.3429354450371167,3.2284743648283216,3.2840216159820557,15780000,0.0,0.0
2010-07-15 00:00:00-04:00,3.2806552224333303,3.300854369921819,3.2284745462486906,3.285705089569092,13475600,0.0,0.0
2010-07-16 00:00:00-04:00,3.2655055648326496,3.273922009086608,3.169560347719165,3.1897594928741455,17426800,0.0,0.0
2010-07-19 00:00:00-04:00,3.1964918481873736,3.273921518447358,3.1964918481873736,3.265505075454712,15486400,0.0,0.0
2010-07-20 00:00:00-04:00,3.2217404817994444,3.3345182476008555,3.2116410714296895,3.3328349590301514,11388000,0.0,0.0
2010-07-21 00:00:00-04:00,3.339569182207449,3.373234322287776,3.3008544958532724,3.3092706203460693,16517200,0.0,0.0
2010-07-22 00:00:00-04:00,3.34125150545659,3.3850160464881087,3.319369074413592,3.364816904067993,13131600,0.0,0.0
2010-07-23 00:00:00-04:00,3.353034354235627,3.450662851333618,3.3311522432716343,3.450662851333618,12521600,0.0,0.0
2010-07-26 00:00:00-04:00,3.440564134628583,3.516310214996338,3.418681698193446,3.516310214996338,7603600,0.0,0.0
2010-07-27 00:00:00-04:00,3.5365100496623114,3.5365100496623114,3.4085829474297515,3.415316104888916,13526000,0.0,0.0
2010-07-28 00:00:00-04:00,3.4186821992290204,3.480962618532238,3.3631349370632764,3.368184804916382,11020000,0.0,0.0
2010-07-29 00:00:00-04:00,3.373233968093304,3.3951160821096638,3.2739221684442503,3.3227362632751465,14032400,0.0,0.0
2010-07-30 00:00:00-04:00,3.2840209768155777,3.378282892324828,3.2655051230165464,3.3749163150787354,9482400,0.0,0.0
2010-08-02 00:00:00-04:00,3.405215643528925,3.561757989516599,3.405215643528925,3.553341865539551,18259600,0.0,0.0
2010-08-03 00:00:00-04:00,3.5499746616863495,3.5499746616863495,3.4523461639130173,3.4775948524475098,9780400,0.0,0.0
2010-08-04 00:00:00-04:00,3.502844229929047,3.617305316255995,3.4809621145098633,3.5785906314849854,14005600,0.0,0.0
2010-08-05 00:00:00-04:00,3.5684908812107325,3.571857137919471,3.5028438990451796,3.5567078590393066,8965600,0.0,0.0
2010-08-06 00:00:00-04:00,3.5230430234936914,3.5348257245401014,3.440563795114299,3.529775857925415,10918000,0.0,0.0
2010-08-09 00:00:00-04:00,3.5617577585915856,3.6021557289604216,3.5129436647913574,3.528092622756958,13735200,0.0,0.0
2010-08-10 00:00:00-04:00,3.492744425255859,3.523042982482224,3.435513888507064,3.4557130336761475,14230000,0.0,0.0
2010-08-11 00:00:00-04:00,3.4169973774270344,3.4287803971329485,3.327785332749185,3.3429346084594727,17867600,0.0,0.0
2010-08-12 00:00:00-04:00,3.314320777148547,3.39006686736312,3.272239508900029,3.3176870346069336,14706400,0.0,0.0
2010-08-13 00:00:00-04:00,3.302537710769664,3.322736537520428,3.2756054066777076,3.294121265411377,9609200,0.0,0.0
2010-08-16 00:00:00-04:00,3.2772873290262594,3.354716988759292,3.223423385414286,3.3378844261169434,8584000,0.0,0.0
2010-08-17 00:00:00-04:00,3.3665002706681992,3.4018483694040627,3.3261023059467187,3.3698668479919434,6376800,0.0,0.0
2010-08-18 00:00:00-04:00,3.351351340454082,3.512943537110764,3.351351340454082,3.4944276809692383,13283200,0.0,0.0
2010-08-19 00:00:00-04:00,3.2604558294811192,3.3109532078463677,3.1729267406638204,3.2082748413085938,47737200,0.0,0.0
2010-08-20 00:00:00-04:00,3.191442413961895,3.2183747141258725,3.12411246618824,3.166193723678589,16035600,0.0,0.0
2010-08-23 00:00:00-04:00,3.1863923893308033,3.1964917997143543,3.0837140337588846,3.1005465984344482,11727200,0.0,0.0
2010-08-24 00:00:00-04:00,3.070249337425172,3.1190637634078064,3.0248014900043607,3.0870819091796875,13345600,0.0,0.0
2010-08-25 00:00:00-04:00,3.0534154815537633,3.1241119963475574,3.033216660786661,3.1005465984344482,13495600,0.0,0.0
2010-08-26 00:00:00-04:00,3.108964027722336,3.13421304588141,3.0651994695824367,3.0870819091796875,13732000,0.0,0.0
2010-08-27 00:00:00-04:00,3.1039138158233173,3.1039138158233173,3.0130181404589447,3.085397958755493,13263600,0.0,0.0
2010-08-30 00:00:00-04:00,3.058465079038486,3.0635149443146106,2.9894518588703103,3.007967710494995,11451600,0.0,0.0
2010-08-31 00:00:00-04:00,2.9928196193413648,3.0517331322568007,2.979353627667184,3.018068313598633,16536400,0.0,0.0
2010-09-01 00:00:00-04:00,3.056783584682299,3.1089642722767423,3.0399510116037156,3.0769827365875244,12469200,0.0,0.0
2010-09-02 00:00:00-04:00,3.080348294943178,3.142628704876311,3.080348294943178,3.114013433456421,7676800,0.0,0.0
2010-09-03 00:00:00-04:00,3.145994710489908,3.215007942935233,3.145994710489908,3.1998586654663086,7668000,0.0,0.0
2010-09-07 00:00:00-04:00,3.1914421737747034,3.193125462474175,3.1476779518063993,3.1560940742492676,6510400,0.0,0.0
2010-09-08 00:00:00-04:00,3.1426281691858144,3.177976269650204,3.1140129026436654,3.125795602798462,8611600,0.0,0.0
2010-09-09 00:00:00-04:00,3.145994886403052,3.1594608759001233,3.082031195501076,3.093813896179199,8307200,0.0,0.0
2010-09-10 00:00:00-04:00,3.1072804239845264,3.1190634477584664,3.0668824484947277,3.071932315826416,12256400,0.0,0.0
2010-09-13 00:00:00-04:00,3.1055966735792726,3.1779761607725105,3.1022300962062412,3.139261484146118,10225200,0.0,0.0
2010-09-14 00:00:00-04:00,3.149361027353304,3.1964921493898277,3.1291622043765814,3.132528781890869,12170800,0.0,0.0
2010-09-15 00:00:00-04:00,3.1123302187326116,3.147678647120921,3.090448102914754,3.1291627883911133,8092800,0.0,0.0
2010-09-16 00:00:00-04:00,3.290753762323706,3.4001652738468016,3.2385730999871885,3.265505075454712,44586000,0.0,0.0
2010-09-17 00:00:00-04:00,3.304220070372932,3.304220070372932,3.2082748583370146,3.260455846786499,20073200,0.0,0.0
2010-09-20 00:00:00-04:00,3.278970613843043,3.3227351482439578,3.2638213395867868,3.2924365997314453,15766800,0.0,0.0
2010-09-21 00:00:00-04:00,3.292437662292356,3.324419509494151,3.2486731137674085,3.2789716720581055,13212800,0.0,0.0
2010-09-22 00:00:00-04:00,3.270555679020431,3.2890715367265773,3.2469902754340954,3.2823383808135986,10188800,0.0,0.0
2010-09-23 00:00:00-04:00,3.267188887256793,3.3412519921800916,3.2486730307623373,3.2890713214874268,11340800,0.0,0.0
2010-09-24 00:00:00-04:00,3.34125179597717,3.373233640483796,3.302537117448073,3.353034496307373,11678800,0.0,0.0
2010-09-27 00:00:00-04:00,3.3732338578231347,3.3749168256463085,3.3227361546557344,3.3362021446228027,5881200,0.0,0.0
2010-09-28 00:00:00-04:00,3.354718239037258,3.3681842299589237,3.284021706434876,3.346301794052124,10490400,0.0,0.0
2010-09-29 00:00:00-04:00,3.3362026267810125,3.3580850642990936,3.30758735383361,3.3160037994384766,6109200,0.0,0.0
2010-09-30 00:00:00-04:00,3.3311533486588734,3.361451592111944,3.2587735159026874,3.3176870346069336,8918000,0.0,0.0
2010-10-01 00:00:00-04:00,3.3580847307777733,3.374916978206602,3.284021622083674,3.3665008544921875,11784400,0.0,0.0
2010-10-04 00:00:00-04:00,3.3446180577986206,3.366500167624209,3.3025368057033178,3.3479843139648438,8826400,0.0,0.0
2010-10-05 00:00:00-04:00,3.3799667565078186,3.4658125645746267,3.3749168897787603,3.4068987369537354,12304400,0.0,0.0
2010-10-06 00:00:00-04:00,3.401848077774048,3.4254137959655577,3.3782826806369948,3.401848077774048,9574800,0.0,0.0
2010-10-07 00:00:00-04:00,3.4102650302436497,3.427097596881585,3.34125179597717,3.353034496307373,8383200,0.0,0.0
2010-10-08 00:00:00-04:00,3.3530359381527686,3.4001670807950384,3.339569943262783,3.3799679279327393,8096400,0.0,0.0
2010-10-11 00:00:00-04:00,3.3799663843018726,3.4321470505378215,3.3648171068374846,3.4287807941436768,9967200,0.0,0.0
2010-10-12 00:00:00-04:00,3.39511535192832,3.400165217640431,3.282337586126909,3.3328349590301514,21450800,0.0,0.0
2010-10-13 00:00:00-04:00,3.3463014126356065,3.3463014126356065,3.23689020873611,3.2402567863464355,20300800,0.0,0.0
2010-10-14 00:00:00-04:00,3.2402570157391737,3.2655057074950653,3.139261927661072,3.167877197265625,22972000,0.0,0.0
2010-10-15 00:00:00-04:00,3.16956004357557,3.18807589810302,3.0635154245876506,3.083714246749878,30591200,0.0,0.0
2010-10-18 00:00:00-04:00,3.1022302878653303,3.1375783893025346,3.018067774666833,3.075298309326172,25016000,0.0,0.0
2010-10-19 00:00:00-04:00,3.044999359743215,3.142627849596124,3.0399494940242056,3.1005465984344482,28256400,0.0,0.0
2010-10-20 00:00:00-04:00,3.110646550380142,3.2200577582380467,3.0820312817661186,3.1914424896240234,22742800,0.0,0.0
2010-10-21 00:00:00-04:00,3.196492165561957,3.216691309695377,3.183026176491179,3.204908609390259,13030400,0.0,0.0
2010-10-22 00:00:00-04:00,3.2116420783059545,3.2251080700388166,3.1847100948402307,3.2200582027435303,9695200,0.0,0.0
2010-10-25 00:00:00-04:00,3.2402564163983185,3.265505103484034,3.2015417414632568,3.2368898391723633,12758000,0.0,0.0
2010-10-26 00:00:00-04:00,3.221740535056368,3.2789710631884734,3.198175136785903,3.265505075454712,8827200,0.0,0.0
2010-10-27 00:00:00-04:00,3.248673804114901,3.2655063757482914,3.2032262780757277,3.2621397972106934,13015600,0.0,0.0
2010-10-28 00:00:00-04:00,3.2840223131601913,3.2974883065697083,3.2436243329316405,3.2671897411346436,8272400,0.0,0.0
2010-10-29 00:00:00-04:00,3.258772579725256,3.3092699586947933,3.2301573126946495,3.307586669921875,9536000,0.0,0.0
2010-11-01 00:00:00-04:00,3.322736010689574,3.3362020000731936,3.2251075073947058,3.2503561973571777,9892000,0.0,0.0
2010-11-02 00:00:00-04:00,3.2688713356313217,3.3193687044719935,3.243622651210986,3.2958033084869385,7034400,0.0,0.0
2010-11-03 00:00:00-04:00,3.3042200688516985,3.3412517794832515,3.2587725565244794,3.2907540798187256,10092400,0.0,0.0
2010-11-04 00:00:00-04:00,3.305905093338893,3.361452367396157,3.305905093338893,3.358086109161377,11070400,0.0,0.0
2010-11-05 00:00:00-04:00,3.3446180827023553,3.4270972988967445,3.34125150545659,3.364816904067993,14497200,0.0,0.0
2010-11-08 00:00:00-05:00,3.368183939700988,3.494427714107826,3.326102681565375,3.4557130336761475,14281600,0.0,0.0
2010-11-09 00:00:00-05:00,3.4658125111891267,3.4809617900884198,3.3934326944601767,3.39848256111145,15514000,0.0,0.0
2010-11-10 00:00:00-05:00,3.4035318976202915,3.428780908271018,3.3749166304633738,3.390065908432007,16176400,0.0,0.0
2010-11-11 00:00:00-05:00,3.3665001066216904,3.560073798541544,3.334518265713533,3.5516576766967773,29224000,0.0,0.0
2010-11-12 00:00:00-05:00,3.5365084026577964,3.5684902435851726,3.474228009383903,3.5062098503112793,13454000,0.0,0.0
2010-11-15 00:00:00-05:00,3.526409261667134,3.5415585389978936,3.482644718384328,3.487694263458252,8705200,0.0,0.0
2010-11-16 00:00:00-05:00,3.4674955416906936,3.570173587512597,3.4590790978990604,3.5095767974853516,23330800,0.0,0.0
2010-11-17 00:00:00-05:00,3.6072046464349636,3.725031948741465,3.5314582712665774,3.534824848175049,46576000,0.0,0.0
2010-11-18 00:00:00-05:00,3.450663785385876,3.6476041215891066,3.376600667901824,3.433831214904785,44690400,0.0,0.0
2010-11-19 00:00:00-05:00,3.42709812689689,3.4338309619606227,3.349668436809359,3.38670015335083,14322800,0.0,0.0
2010-11-22 00:00:00-05:00,3.3850162791696286,3.4759116236719794,3.373233579054,3.4304637908935547,13339600,0.0,0.0
2010-11-23 00:00:00-05:00,3.408581231844324,3.4422463600867914,3.383332546189702,3.401848077774048,8614400,0.0,0.0
2010-11-24 00:00:00-05:00,3.425414085388183,3.4506627731761363,3.3934322429610515,3.4254140853881836,7475200,0.0,0.0
2010-11-26 00:00:00-05:00,3.4220475855779404,3.4893775282223323,3.408581597049062,3.450662851333618,4770000,0.0,0.0
2010-11-29 00:00:00-05:00,3.430464383901479,3.443930375083499,3.379966997232543,3.38670015335083,10330400,0.0,0.0
2010-11-30 00:00:00-05:00,3.3665004854068203,3.4102650302436497,3.347984629999641,3.353034496307373,12746000,0.0,0.0
2010-12-01 00:00:00-05:00,3.4035319983083747,3.4506631223889226,3.349668039961758,3.4119484424591064,17286400,0.0,0.0
2010-12-02 00:00:00-05:00,3.4203645669617906,3.573540318968412,3.4001657431007617,3.5600743293762207,21618400,0.0,0.0
2010-12-03 00:00:00-05:00,3.556707667119998,3.603838790098936,3.5365088437393886,3.5903728008270264,15067200,0.0,0.0
2010-12-06 00:00:00-05:00,3.588689141908082,3.600471841173952,3.538191767610218,3.576906442642212,8966800,0.0,0.0
2010-12-07 00:00:00-05:00,3.6038392359386524,3.6290879288152462,3.5954231119979707,3.608889102935791,12620400,0.0,0.0
2010-12-08 00:00:00-05:00,3.617306035019092,3.6391884758409003,3.5701748956798767,3.588690757751465,10954000,0.0,0.0
2010-12-09 00:00:00-05:00,3.615621115300749,3.659385656155591,3.6021551274265264,3.6425530910491943,10022800,0.0,0.0
2010-12-10 00:00:00-05:00,3.6593858835423165,3.748598259411562,3.6593858835423165,3.7435483932495117,14664800,0.0,0.0
2010-12-13 00:00:00-05:00,3.763747731712541,3.763747731712541,3.6627526506239527,3.6896846294403076,14086800,0.0,0.0
2010-12-14 00:00:00-05:00,3.657702392524758,3.6812681122564785,3.5853225868109675,3.6593856811523438,16030000,0.0,0.0
2010-12-15 00:00:00-05:00,3.6526534098975536,3.7014675033928848,3.6223548520465423,3.6290876865386963,15179200,0.0,0.0
2010-12-16 00:00:00-05:00,3.63918749430326,3.664436186010757,3.5853232119915233,3.654336452484131,9459600,0.0,0.0
2010-12-17 00:00:00-05:00,3.6442366958674386,3.676218540239138,3.620671295306452,3.6476032733917236,9826000,0.0,0.0
2010-12-20 00:00:00-05:00,3.667803024311473,3.6745358594194695,3.5735407643630706,3.5785906314849854,13609200,0.0,0.0
2010-12-21 00:00:00-05:00,3.5971055826327403,3.647602956897456,3.5853225623201292,3.6425530910491943,7195200,0.0,0.0
2010-12-22 00:00:00-05:00,3.6476031128329502,3.6728518010446924,3.612254692492919,3.6526529788970947,5863600,0.0,0.0
2010-12-23 00:00:00-05:00,3.656019643848935,3.755331440162342,3.649286809398709,3.7401821613311768,12488400,0.0,0.0
2010-12-27 00:00:00-05:00,3.7250331965112378,3.7755309038901315,3.716617072475365,3.745232343673706,7621600,0.0,0.0
2010-12-28 00:00:00-05:00,3.7435485699813515,3.795729238567988,3.71998316888826,3.790679693222046,7936000,0.0,0.0
2010-12-29 00:00:00-05:00,3.7957288146105115,3.8108780910652866,3.770480127537378,3.7889959812164307,7957600,0.0,0.0
2010-12-30 00:00:00-05:00,3.792362528014027,3.871475165822973,3.7839460850208586,3.8630590438842773,12323200,0.0,0.0
2010-12-31 00:00:00-05:00,3.863059419039805,3.8697922530337165,3.8277109971446315,3.851276397705078,6328800,0.0,0.0
2011-01-03 00:00:00-05:00,3.8832580801722347,3.91019005713402,3.8546428145185265,3.856326103210449,9595200,0.0,0.0
2011-01-04 00:00:00-05:00,3.8664266026023846,3.8681098917681083,3.782264070643699,3.787313938140869,11084000,0.0,0.0
2011-01-05 00:00:00-05:00,3.7856292745735085,3.8125612493380623,3.6829509201246067,3.684634208679199,24244800,0.0,0.0
2011-01-06 00:00:00-05:00,3.5836402055768533,3.588689751231316,3.459079395191267,3.4725453853607178,45365600,0.0,0.0
2011-01-07 00:00:00-05:00,3.4708629361844614,3.528093162165993,3.3967998186575112,3.4961116313934326,23160800,0.0,0.0
2011-01-10 00:00:00-05:00,3.4759125393042067,3.4927451100696763,3.416998702152356,3.4843289852142334,14912000,0.0,0.0
2011-01-11 00:00:00-05:00,3.4775952123209044,3.484328367855935,3.3850165710959144,3.39848256111145,17895600,0.0,0.0
2011-01-12 00:00:00-05:00,3.4085822688968466,3.4961113721142043,3.4001661448028737,3.479278802871704,18063200,0.0,0.0
2011-01-13 00:00:00-05:00,3.472545702808579,3.5348261136948276,3.462446289521871,3.467496156692505,14550400,0.0,0.0
2011-01-14 00:00:00-05:00,3.465812182915238,3.4725450167580236,3.4203643505220747,3.4287807941436768,16853600,0.0,0.0
2011-01-18 00:00:00-05:00,3.437196916710783,3.4641288941909174,3.3866995391991543,3.4287807941436768,11729200,0.0,0.0
2011-01-19 00:00:00-05:00,3.420364509532755,3.4540296434752435,3.386699696644778,3.44392991065979,15343600,0.0,0.0
2011-01-20 00:00:00-05:00,3.4388805291972266,3.5381923259006203,3.4388805291972266,3.5365090370178223,19676800,0.0,0.0
2011-01-21 00:00:00-05:00,3.5651240961087325,3.570173641405434,3.50116040654478,3.5179929733276367,17216000,0.0,0.0
2011-01-24 00:00:00-05:00,3.5078934251547875,3.5499746799468994,3.4489796042349323,3.5499746799468994,11408800,0.0,0.0
2011-01-25 00:00:00-05:00,3.5331422739344864,3.54997484082505,3.5028437177423735,3.5449249744415283,11108400,0.0,0.0
2011-01-26 00:00:00-05:00,3.546608765404335,3.576907325886455,3.5230433610535994,3.5415592193603516,8602800,0.0,0.0
2011-01-27 00:00:00-05:00,3.5432425848409266,3.5769077271654974,3.5264103347332325,3.5466091632843018,13016400,0.0,0.0
2011-01-28 00:00:00-05:00,3.546608132211681,3.565123987212711,3.479278188191344,3.531458854675293,13380400,0.0,0.0
2011-01-31 00:00:00-05:00,3.5499757417276774,3.565125023668275,3.506211185127572,3.5466091632843018,8538000,0.0,0.0
2011-02-01 00:00:00-05:00,3.5583908145051604,3.5651239694008034,3.4540294820586674,3.4590790271759033,16999600,0.0,0.0
2011-02-02 00:00:00-05:00,3.4439300643593493,3.4439300643593493,3.321052865778035,3.3362021446228027,30396000,0.0,0.0
2011-02-03 00:00:00-05:00,3.331152798019059,3.3984827518761214,3.2301577067061933,3.2823383808135986,25717600,0.0,0.0
2011-02-04 00:00:00-05:00,3.314319529921456,3.4220474333605986,3.314319529921456,3.3749163150787354,23932800,0.0,0.0
2011-02-07 00:00:00-05:00,3.3900659084320073,3.4119483415220357,3.3749166304633738,3.390065908432007,14493200,0.0,0.0
2011-02-08 00:00:00-05:00,3.390065669825441,3.393432247149186,3.3395682941872122,3.3698668479919434,18070400,0.0,0.0
2011-02-09 00:00:00-05:00,3.3732343453332816,3.3867003372464963,3.3042207755916633,3.3160037994384766,15080800,0.0,0.0
2011-02-10 00:00:00-05:00,3.2958038744128273,3.4809614603796257,3.2840211743970804,3.4287807941436768,24326000,0.0,0.0
2011-02-11 00:00:00-05:00,3.4119488654259045,3.435514269860237,3.3782837267586667,3.4136321544647217,16693600,0.0,0.0
2011-02-14 00:00:00-05:00,3.3109529517044103,3.3665001920307387,3.292437097910809,3.344618082046509,19096800,0.0,0.0
2011-02-15 00:00:00-05:00,3.329469012997008,3.3917490906404852,3.329469012997008,3.3732335567474365,17814400,0.0,0.0
2011-02-16 00:00:00-05:00,3.3883827198915744,3.4186812767251755,3.3631340295484122,3.4119484424591064,17260400,0.0,0.0
2011-02-17 00:00:00-05:00,3.396799620522303,3.4641295775037313,3.3766004729005945,3.385016918182373,12615200,0.0,0.0
2011-02-18 00:00:00-05:00,3.395117518181329,3.4270993793217754,3.342936823413517,3.358086109161377,14541600,0.0,0.0
2011-02-22 00:00:00-05:00,3.364817767159019,3.3715509233776344,3.2924379430816955,3.3126370906829834,21687200,0.0,0.0
2011-02-23 00:00:00-05:00,3.316003668792291,3.3496684867216926,3.2890716860269467,3.3126370906829834,16189600,0.0,0.0
2011-02-24 00:00:00-05:00,3.310953597083591,3.3193697207823685,3.273922203332615,3.2840216159820557,14920000,0.0,0.0
2011-02-25 00:00:00-05:00,3.3025371709716356,3.3463013954632377,3.280654737671324,3.341251850128174,9886000,0.0,0.0
2011-02-28 00:00:00-05:00,3.3665022363303345,3.36818552597506,3.326104248020931,3.358086109161377,8912400,0.0,0.0
2011-03-01 00:00:00-05:00,3.3580847975359913,3.374917045299443,3.3092703800692522,3.3193697929382324,15414400,0.0,0.0
2011-03-02 00:00:00-05:00,3.309270642954583,3.354718486057147,3.3008545184042886,3.3160037994384766,11159600,0.0,0.0
2011-03-03 00:00:00-05:00,3.3362015349712197,3.3951153507067837,3.3059029828183886,3.3883821964263916,13021200,0.0,0.0
2011-03-04 00:00:00-05:00,3.3698667702640734,3.390065591631674,3.3530342050880884,3.3749163150787354,9802800,0.0,0.0
2011-03-07 00:00:00-05:00,3.3867006099047328,3.4136325958994163,3.314320777148547,3.3176870346069336,14274400,0.0,0.0
2011-03-08 00:00:00-05:00,3.3160033201994628,3.3715505689454357,3.2756050292437324,3.3362021446228027,9460400,0.0,0.0
2011-03-09 00:00:00-05:00,3.336202145827377,3.3479848469210003,3.316003321396744,3.3261027336120605,15137200,0.0,0.0
2011-03-10 00:00:00-05:00,3.3109525833500286,3.3294684350836805,3.28233732205913,3.2958033084869385,20054400,0.0,0.0
2011-03-11 00:00:00-05:00,3.2739222443216565,3.3513516106943406,3.2739222443216565,3.3277862071990967,13231600,0.0,0.0
2011-03-14 00:00:00-04:00,3.3075868758109666,3.3850165589125036,3.297487463599297,3.3362021446228027,16224400,0.0,0.0
2011-03-15 00:00:00-04:00,3.270555433668547,3.482645013198578,3.26887214481658,3.4557130336761475,26211600,0.0,0.0
2011-03-16 00:00:00-04:00,3.4422474652144475,3.509577422261093,3.420365028515188,3.4573967456817627,21472400,0.0,0.0
2011-03-17 00:00:00-04:00,3.499477331924694,3.587006098623884,3.484328054388306,3.531458854675293,17913200,0.0,0.0
2011-03-18 00:00:00-04:00,3.5617577585915856,3.56344104748877,3.469179116628153,3.528092622756958,22613600,0.0,0.0
2011-03-21 00:00:00-04:00,3.5533415187866995,3.5735403427823327,3.5213596728966756,3.566807508468628,14425600,0.0,0.0
2011-03-22 00:00:00-04:00,3.5701742784576025,3.585323559159919,3.5331428817711434,3.5381927490234375,10503600,0.0,0.0
2011-03-23 00:00:00-04:00,3.5280928514993066,3.5651245675292382,3.4826453325468774,3.553341865539551,15660000,0.0,0.0
2011-03-24 00:00:00-04:00,3.740181907408977,3.770480463014329,3.6206712948039823,3.657702684402466,36630400,0.0,0.0
2011-03-25 00:00:00-04:00,3.6762183538826916,3.711566452932291,3.6526529545162925,3.6560192108154297,20421600,0.0,0.0
2011-03-28 00:00:00-04:00,3.6694857738231357,3.7098840662841006,3.6694857738231357,3.698101043701172,11341600,0.0,0.0
2011-03-29 00:00:00-04:00,3.693051144671034,3.780579913818351,3.6880012783328304,3.757014513015747,15980000,0.0,0.0
2011-03-30 00:00:00-04:00,3.790679507869209,3.8344440513696467,3.745231675650928,3.809195041656494,14192400,0.0,0.0
2011-03-31 00:00:00-04:00,3.79909581616829,3.8125618055149872,3.748598436381805,3.790679693222046,11223200,0.0,0.0
2011-04-01 00:00:00-04:00,3.8176113734966832,3.876525192678691,3.797412230528329,3.8580093383789062,21412000,0.0,0.0
2011-04-04 00:00:00-04:00,3.858009451556034,3.895040840187456,3.782263064520744,3.799095630645752,10445200,0.0,0.0
2011-04-05 00:00:00-04:00,3.7990971081256464,4.038118741104386,3.7923642716899204,3.9691054821014404,26934800,0.0,0.0
2011-04-06 00:00:00-04:00,3.9691043321379764,4.07683225233468,3.9640544654833083,4.022968292236328,19400000,0.0,0.0
2011-04-07 00:00:00-04:00,4.0297015469809985,4.1088142001912695,4.019601813423022,4.044850826263428,19617200,0.0,0.0
2011-04-08 00:00:00-04:00,4.043167601626125,4.070099582766561,3.962371658204816,4.007819175720215,15777600,0.0,0.0
2011-04-11 00:00:00-04:00,3.9960362374374916,4.051583485381668,3.980886958811396,3.9977195262908936,15544400,0.0,0.0
2011-04-12 00:00:00-04:00,3.977521143505227,4.065050254332343,3.964055151151408,4.006136417388916,15611600,0.0,0.0
2011-04-13 00:00:00-04:00,4.03138428587613,4.317536622165037,4.0263344197861315,4.2687225341796875,64732400,0.0,0.0
2011-04-14 00:00:00-04:00,4.253573310083343,4.410115629228799,4.233374166525593,4.277138710021973,42023200,0.0,0.0
2011-04-15 00:00:00-04:00,4.250207627364471,4.4572473674067545,4.2081263637271995,4.44378137588501,43878800,0.0,0.0
2011-04-18 00:00:00-04:00,4.411798530786417,4.484178339289962,4.314170034004877,4.400015830993652,38931600,0.0,0.0
2011-04-19 00:00:00-04:00,4.396649880450572,4.475762528171778,4.38991672521242,4.470712661743164,17207200,0.0,0.0
2011-04-20 00:00:00-04:00,4.51111079609648,4.5346765192431295,4.428631567719517,4.435364723205566,20801600,0.0,0.0
2011-04-21 00:00:00-04:00,4.420215541964515,4.526260174773861,4.376450993502941,4.467346668243408,21595200,0.0,0.0
2011-04-25 00:00:00-04:00,4.462295638829779,4.472395048595726,4.3915991283592595,4.458929061889648,17385600,0.0,0.0
2011-04-26 00:00:00-04:00,4.453879300013459,4.480811595106125,4.406748505973817,4.425264358520508,14800000,0.0,0.0
2011-04-27 00:00:00-04:00,4.443780265961199,4.4774453968842955,4.398332435531363,4.413481712341309,17640400,0.0,0.0
2011-04-28 00:00:00-04:00,4.394967391527364,4.45893077265861,4.394967391527364,4.410116672515869,11770000,0.0,0.0
2011-04-29 00:00:00-04:00,4.357934636267752,4.389916479751693,4.310803836454044,4.322586536407471,21600000,0.0,0.0
2011-05-02 00:00:00-04:00,4.403382734710707,4.455563403826241,4.314170353725524,4.339419364929199,15980000,0.0,0.0
2011-05-03 00:00:00-04:00,4.324270452906634,4.400016529770022,4.324270452906634,4.352885723114014,12833600,0.0,0.0
2011-05-04 00:00:00-04:00,4.3411023912225675,4.394966345897945,4.283871859116355,4.322586536407471,12828400,0.0,0.0
2011-05-05 00:00:00-04:00,4.312487697971121,4.40001647541728,4.307437831154125,4.354568958282471,13301200,0.0,0.0
2011-05-06 00:00:00-04:00,4.388233251538931,4.405065817870688,4.268722640586999,4.285554885864258,12817600,0.0,0.0
2011-05-09 00:00:00-04:00,4.290605598946356,4.312488035813078,4.255257491621816,4.288922309875488,7954400,0.0,0.0
2011-05-10 00:00:00-04:00,4.305754230693975,4.35793489980951,4.28387211817924,4.339419364929199,9244800,0.0,0.0
2011-05-11 00:00:00-04:00,4.327637506567588,4.354569813828439,4.277140112694519,4.34278678894043,8936000,0.0,0.0
2011-05-12 00:00:00-04:00,4.33941920324763,4.3747673039285235,4.297337947548755,4.364667892456055,10474000,0.0,0.0
2011-05-13 00:00:00-04:00,4.4723957356178365,4.660919899517305,4.462296324300481,4.497644424438477,22156000,0.0,0.0
2011-05-16 00:00:00-04:00,4.49596146079005,4.499328038490755,4.40001624370161,4.457246780395508,17397600,0.0,0.0
2011-05-17 00:00:00-04:00,4.406749454498904,4.47407940408678,4.379817474663754,4.435364723205566,11913600,0.0,0.0
2011-05-18 00:00:00-04:00,4.45892964079011,4.511110305918944,4.430314375192784,4.490911483764648,14644000,0.0,0.0
2011-05-19 00:00:00-04:00,4.283873213672783,4.615473490153811,4.1323803919282875,4.5986409187316895,55522800,0.0,0.0
2011-05-20 00:00:00-04:00,4.620521649923693,4.75013166353819,4.580123365021966,4.692901134490967,30978000,0.0,0.0
2011-05-23 00:00:00-04:00,4.65250385987245,4.721517098467034,4.613789178915396,4.65587043762207,16475600,0.0,0.0
2011-05-24 00:00:00-04:00,4.669336799784228,4.824195857011627,4.6457713957674125,4.6491379737854,24013200,0.0,0.0
2011-05-25 00:00:00-04:00,4.6255712470634,4.709733752960715,4.529626041709177,4.671019077301025,20483600,0.0,0.0
2011-05-26 00:00:00-04:00,4.6642859227230895,4.697951053503808,4.627254535707884,4.671019077301025,10902400,0.0,0.0
2011-05-27 00:00:00-04:00,4.69963475793358,4.751815426311181,4.682802191054013,4.748448848724365,9684000,0.0,0.0
2011-05-31 00:00:00-04:00,4.765281689001167,4.793896958021815,4.652503901808558,4.7097344398498535,19066400,0.0,0.0
2011-06-01 00:00:00-04:00,4.699635369712536,4.716467938783297,4.618839423438344,4.623888969421387,15425600,0.0,0.0
2011-06-02 00:00:00-04:00,4.68280248501311,4.68280248501311,4.55319212927512,4.588540554046631,12416000,0.0,0.0
2011-06-03 00:00:00-04:00,4.539727068805518,4.573392211572074,4.4269492579085306,4.499329090118408,12872000,0.0,0.0
2011-06-06 00:00:00-04:00,4.499328355140772,4.54814277207285,4.462296960990417,4.472396373748779,8754400,0.0,0.0
2011-06-07 00:00:00-04:00,4.484179091863103,4.494278825712916,4.406749725341797,4.406749725341797,11732400,0.0,0.0
2011-06-08 00:00:00-04:00,4.405065323740001,4.437047164077382,4.317536245476885,4.421897888183594,13476400,0.0,0.0
2011-06-09 00:00:00-04:00,4.411799781648541,4.485862899843407,4.379818250587564,4.460614204406738,10146400,0.0,0.0
2011-06-10 00:00:00-04:00,4.447146628028349,4.465662481245357,4.388232812291522,4.420214653015137,14767600,0.0,0.0
2011-06-13 00:00:00-04:00,4.44041496500982,4.460614113580613,4.3798181614065905,4.418532848358154,8031200,0.0,0.0
2011-06-14 00:00:00-04:00,4.4521981366100825,4.463980839894399,4.371401860701967,4.448831558227539,12146000,0.0,0.0
2011-06-15 00:00:00-04:00,4.410116783379335,4.448831470854489,4.369718485691389,4.396650791168213,13243200,0.0,0.0
2011-06-16 00:00:00-04:00,4.40338351605228,4.437048656261085,4.376451532307064,4.410116672515869,13257600,0.0,0.0
2011-06-17 00:00:00-04:00,4.43368269777587,4.472397389689393,4.420216704020966,4.450515270233154,12077600,0.0,0.0
2011-06-20 00:00:00-04:00,4.433680952439465,4.511110305786133,4.416848386608389,4.511110305786133,8456800,0.0,0.0
2011-06-21 00:00:00-04:00,4.541409990558287,4.6356722542551,4.5161612960537925,4.630622386932373,7831200,0.0,0.0
2011-06-22 00:00:00-04:00,4.598639992573596,4.608739404971026,4.460613512608767,4.467346668243408,15025200,0.0,0.0
2011-06-23 00:00:00-04:00,4.4286307748113405,4.46229590410509,4.357934260138042,4.420214653015137,14934000,0.0,0.0
2011-06-24 00:00:00-04:00,4.430315611168729,4.4370487678015795,4.35793578263848,4.396650791168213,12753600,0.0,0.0
2011-06-27 00:00:00-04:00,4.386550113382685,4.410115835477914,4.325953321984477,4.341102600097656,15545200,0.0,0.0
2011-06-28 00:00:00-04:00,4.371401030306191,4.448830713123142,4.34110279378254,4.435364723205566,10897600,0.0,0.0
2011-06-29 00:00:00-04:00,4.460612617415877,4.507743734236105,4.371400249487951,4.374766826629639,13839600,0.0,0.0
2011-06-30 00:00:00-04:00,4.394965861467051,4.494277637348668,4.374766720162968,4.489227771759033,12476400,0.0,0.0
2011-07-01 00:00:00-04:00,4.495961129939625,4.548142117297073,4.462296318573477,4.532992839813232,12165200,0.0,0.0
2011-07-05 00:00:00-04:00,4.600321718590462,4.620520857577493,4.539724622683791,4.612104415893555,16248400,0.0,0.0
2011-07-06 00:00:00-04:00,4.593589520130963,4.620521495126854,4.556557813720763,4.5969557762146,7729600,0.0,0.0
2011-07-07 00:00:00-04:00,4.620522136892199,4.679435639719433,4.5818071365356445,4.5818071365356445,16264000,0.0,0.0
2011-07-08 00:00:00-04:00,4.5346762363094495,4.553191770631791,4.475762413700443,4.519526958465576,8712800,0.0,0.0
2011-07-11 00:00:00-04:00,4.470712893907924,4.5026947408409415,4.34783569392124,4.368034839630127,14364800,0.0,0.0
2011-07-12 00:00:00-04:00,4.27377214476277,4.278822010930218,4.155944823679431,4.176143646240234,32717200,0.0,0.0
2011-07-13 00:00:00-04:00,4.179509637767441,4.2064416114426315,4.07178174306668,4.078514575958252,28590800,0.0,0.0
2011-07-14 00:00:00-04:00,4.100397544409027,4.11049695560163,4.001085758027368,4.011185169219971,27652400,0.0,0.0
2011-07-15 00:00:00-04:00,4.014551589871487,4.036433700110067,3.938805206248551,3.9707870483398438,16677200,0.0,0.0
2011-07-18 00:00:00-04:00,3.980886487942913,3.9909858988142215,3.901773847517779,3.942171812057495,22974800,0.0,0.0
2011-07-19 00:00:00-04:00,3.970787523186547,4.034750893963713,3.9522716669635036,3.9909863471984863,13097600,0.0,0.0
2011-07-20 00:00:00-04:00,4.038116636538038,4.0498993349506724,3.9101896003854475,3.9186060428619385,14250000,0.0,0.0
2011-07-21 00:00:00-04:00,3.9354386327623234,3.95563777543276,3.9068233679276516,3.9253392219543457,17092400,0.0,0.0
2011-07-22 00:00:00-04:00,3.9202902280547396,3.9808870224736634,3.873159102569331,3.9505884647369385,11617200,0.0,0.0
2011-07-25 00:00:00-04:00,3.9051412040195803,4.007819263983292,3.9034579150294153,3.977520704269409,13225200,0.0,0.0
2011-07-26 00:00:00-04:00,3.9808876173193437,4.033068296188308,3.952272344187091,3.999403476715088,9678400,0.0,0.0
2011-07-27 00:00:00-04:00,3.9674203926125355,3.9994022340714896,3.9236558519461973,3.9556376934051514,16062000,0.0,0.0
2011-07-28 00:00:00-04:00,3.9388053655800905,4.02633445218408,3.9236560882426885,3.9657373428344727,16191600,0.0,0.0
2011-07-29 00:00:00-04:00,3.925340921578052,3.9909876018358243,3.8883095185450096,3.9691054821014404,13779600,0.0,0.0
2011-08-01 00:00:00-04:00,4.007819095109785,4.009502384029023,3.8647427475198657,3.8899917602539062,13510000,0.0,0.0
2011-08-02 00:00:00-04:00,3.863059257978141,3.9320724890745264,3.856326103210449,3.856326103210449,18875600,0.0,0.0
2011-08-03 00:00:00-04:00,3.8495939854654244,3.8916752474265244,3.7822637094840243,3.8462274074554443,19775200,0.0,0.0
2011-08-04 00:00:00-04:00,3.80077885165072,3.8192947061638085,3.6829512119293217,3.6829512119293213,23584400,0.0,0.0
2011-08-05 00:00:00-04:00,3.7166164453621042,3.7772135555702655,3.618987946168121,3.7250325679779053,29738800,0.0,0.0
2011-08-08 00:00:00-04:00,3.6425542717750865,3.666119998984611,3.4254151067862595,3.4607632160186768,23076800,0.0,0.0
2011-08-09 00:00:00-04:00,3.48264565459101,3.6004730064380595,3.403532669251072,3.595423460006714,19598000,0.0,0.0
2011-08-10 00:00:00-04:00,3.5163102574384775,3.5668079660143817,3.440564176156461,3.4573967456817627,15165200,0.0,0.0
2011-08-11 00:00:00-04:00,3.4742288725030424,3.6593864886889786,3.4456136016283563,3.608889102935791,11655200,0.0,0.0
2011-08-12 00:00:00-04:00,3.615621315887725,3.615621315887725,3.445613008884919,3.487694263458252,17011600,0.0,0.0
2011-08-15 00:00:00-04:00,3.497794830066408,3.5398760946776537,3.4590798226225883,3.5264101028442383,14981200,0.0,0.0
2011-08-16 00:00:00-04:00,3.4961113382796096,3.6173052577545253,3.474228902159766,3.6004726886749268,14374800,0.0,0.0
2011-08-17 00:00:00-04:00,3.6055221041074184,3.6223546710786625,3.3900659531954176,3.44392991065979,21244800,0.0,0.0
2011-08-18 00:00:00-04:00,3.1493606943106403,3.6072049140930176,3.0870806221548994,3.6072049140930176,56232000,0.0,0.0
2011-08-19 00:00:00-04:00,3.546607706270143,3.8596923096819067,3.534825007613478,3.630770206451416,32240000,0.0,0.0
2011-08-22 00:00:00-04:00,3.6981006525540474,3.6981006525540474,3.5381920727822442,3.6375038623809814,22248400,0.0,0.0
2011-08-23 00:00:00-04:00,3.6644370713216845,3.8007802963256836,3.605523229067859,3.8007802963256836,20627200,0.0,0.0
2011-08-24 00:00:00-04:00,3.7889970469094876,3.9472226893538536,3.7889970469094876,3.9303901195526123,20480800,0.0,0.0
2011-08-25 00:00:00-04:00,3.945539588118481,3.975838150992341,3.782264070643699,3.787313938140869,14174800,0.0,0.0
2011-08-26 00:00:00-04:00,3.76879683599741,3.873158482487623,3.7132495960578784,3.8344438076019287,12893600,0.0,0.0
2011-08-29 00:00:00-04:00,3.861376780881601,3.8883087635040283,3.810879072673631,3.8883087635040283,15113600,0.0,0.0
2011-08-30 00:00:00-04:00,3.884941753013144,4.034750929808246,3.8714757632007135,3.932072877883911,14685200,0.0,0.0
2011-08-31 00:00:00-04:00,3.9556377155909686,4.048216342214924,3.933755605662307,4.028017520904541,17735600,0.0,0.0
2011-09-01 00:00:00-04:00,4.012870499167095,4.033069331826904,3.8782105445861816,3.8782105445861816,10999200,0.0,0.0
2011-09-02 00:00:00-04:00,3.820977745362281,3.846226431924122,3.721665966638501,3.7283987998962402,10083200,0.0,0.0
2011-09-06 00:00:00-04:00,3.6307700815285875,3.8613754653548673,3.6307700815285875,3.8394930362701416,16112800,0.0,0.0
2011-09-07 00:00:00-04:00,3.8832593657341694,3.9270239230490502,3.842861386917648,3.908508062362671,12966000,0.0,0.0
2011-09-08 00:00:00-04:00,3.8916745236318486,3.9404886114796507,3.856326103210449,3.856326103210449,9410400,0.0,0.0
2011-09-09 00:00:00-04:00,3.8310781424355724,3.9421726487626296,3.8310781424355724,3.8933582305908203,15778400,0.0,0.0
2011-09-12 00:00:00-04:00,3.852960801358129,3.9186077978577485,3.7889974151622856,3.908508062362671,16685600,0.0,0.0
2011-09-13 00:00:00-04:00,3.9068232893940613,3.942171708093144,3.8361270941048455,3.900090456008911,11058800,0.0,0.0
2011-09-14 00:00:00-04:00,3.9337561762156152,4.059999951406618,3.9118737420586425,4.024651527404785,14910800,0.0,0.0
2011-09-15 00:00:00-04:00,4.053267187200919,4.147529125213623,4.033068039956634,4.147529125213623,18059600,0.0,0.0
2011-09-16 00:00:00-04:00,4.1795110679417355,4.221592331340688,4.140796382667794,4.189610481262207,13714000,0.0,0.0
2011-09-19 00:00:00-04:00,4.103763261146936,4.117229247984532,4.006134776310758,4.078514575958252,12439600,0.0,0.0
2011-09-20 00:00:00-04:00,4.078514467792933,4.123962292559924,4.031383675638519,4.036433219909668,10584800,0.0,0.0
2011-09-21 00:00:00-04:00,4.019601540636652,4.085248520090289,3.9421721816073783,3.9455387592315674,12878800,0.0,0.0
2011-09-22 00:00:00-04:00,3.839492418510263,3.9085056294960667,3.753646646564761,3.8058276176452637,15713600,0.0,0.0
2011-09-23 00:00:00-04:00,3.785629403992153,3.85969249765389,3.768796838925239,3.7889959812164307,10035200,0.0,0.0
2011-09-26 00:00:00-04:00,3.822661443498209,3.9775204906775117,3.8108787422543267,3.974154233932495,8322000,0.0,0.0
2011-09-27 00:00:00-04:00,4.036434390143668,4.127330066029923,3.982570428605682,4.019601821899414,10263200,0.0,0.0
2011-09-28 00:00:00-04:00,4.044850441325082,4.100397686389518,3.950588196748549,3.9590046405792236,9391200,0.0,0.0
2011-09-29 00:00:00-04:00,4.021284841634998,4.081881954835987,3.93375607052242,4.038117408752441,12208000,0.0,0.0
2011-09-30 00:00:00-04:00,3.982570702682525,4.0162358414878385,3.8866254744583073,3.8883087635040283,10776400,0.0,0.0
2011-10-03 00:00:00-04:00,3.8714756190268202,3.9101902981640064,3.7923629719567655,3.8664257526397705,19232800,0.0,0.0
2011-10-04 00:00:00-04:00,3.804145372422069,4.004452228546143,3.730082276526242,4.004452228546143,15200000,0.0,0.0
2011-10-05 00:00:00-04:00,4.014551532657541,4.0364336425842655,3.9118731743330035,4.017918109893799,12040400,0.0,0.0
2011-10-06 00:00:00-04:00,3.9994017335300636,4.071781529379056,3.994351868335564,4.049899101257324,15905200,0.0,0.0
2011-10-07 00:00:00-04:00,4.0953474044799805,4.147528066716659,4.054949441355991,4.0953474044799805,16062800,0.0,0.0
2011-10-10 00:00:00-04:00,4.152578994380087,4.211492826063161,4.088615616674313,4.137429714202881,13271600,0.0,0.0
2011-10-11 00:00:00-04:00,4.129013051758377,4.201392544100996,4.086931794765117,4.19465970993042,11053600,0.0,0.0
2011-10-12 00:00:00-04:00,4.208127023025825,4.388234808242593,4.192977740058564,4.317538261413574,24020400,0.0,0.0
2011-10-13 00:00:00-04:00,4.277139568605478,4.3175375427758835,4.223275603044938,4.245157718658447,10555600,0.0,0.0
2011-10-14 00:00:00-04:00,4.27713764459541,4.288920341629678,4.196341732599501,4.235056400299072,11832000,0.0,0.0
2011-10-17 00:00:00-04:00,4.231691230416639,4.236741096990484,4.0111855268977505,4.080198764801025,23942800,0.0,0.0
2011-10-18 00:00:00-04:00,4.076832523508305,4.2384247356063165,4.066733110581726,4.20475959777832,14472400,0.0,0.0
2011-10-19 00:00:00-04:00,4.187927455876357,4.20980989401211,4.147529478996408,4.186244487762451,11357600,0.0,0.0
2011-10-20 00:00:00-04:00,4.186245371845832,4.228326646781315,4.154263512999564,4.218226909637451,7989600,0.0,0.0
2011-10-21 00:00:00-04:00,4.273772030389704,4.359617826611983,4.214858531951904,4.214858531951904,18337600,0.0,0.0
2011-10-24 00:00:00-04:00,4.230006857132248,4.305753231048584,4.184559353836886,4.305753231048584,18266000,0.0,0.0
2011-10-25 00:00:00-04:00,4.275455522022006,4.383183755110291,4.246840255256219,4.3091206550598145,14421600,0.0,0.0
2011-10-26 00:00:00-04:00,4.324269727549303,4.341102293269169,4.199709254909473,4.214858531951904,17634000,0.0,0.0
2011-10-27 00:00:00-04:00,4.337736495346795,4.384867302565803,4.2518906836991865,4.361301898956299,10923200,0.0,0.0
2011-10-28 00:00:00-04:00,4.3579356730867636,4.487546045519723,4.349519548561847,4.410116672515869,12758000,0.0,0.0
2011-10-31 00:00:00-04:00,4.379817826420467,4.400016652391797,4.300704848378197,4.304071426391602,15808400,0.0,0.0
2011-11-01 00:00:00-04:00,4.191292811522296,4.258622753347273,4.12732944705219,4.214858531951904,15141600,0.0,0.0
2011-11-02 00:00:00-04:00,4.250207110701981,4.273772512736742,4.209809141047594,4.224958419799805,13692400,0.0,0.0
2011-11-03 00:00:00-04:00,4.255256902081889,4.35288540728446,4.189609921631278,4.347835540771484,10368400,0.0,0.0
2011-11-04 00:00:00-04:00,4.329318361817214,4.357933621205171,4.288920405220291,4.324268817901611,10893200,0.0,0.0
2011-11-07 00:00:00-05:00,4.327637316075083,4.339420340444431,4.260307353523164,4.283873081207275,7739200,0.0,0.0
2011-11-08 00:00:00-05:00,4.293971483456237,4.327636296271823,4.22832482556951,4.315853595733643,7874000,0.0,0.0
2011-11-09 00:00:00-05:00,4.22495826633429,4.292288213312605,4.186243586953573,4.19465970993042,7390400,0.0,0.0
2011-11-10 00:00:00-05:00,4.240107987093835,4.240107987093835,4.110497624973539,4.140796184539795,13498800,0.0,0.0
2011-11-11 00:00:00-05:00,4.184561337911282,4.283873154776363,4.160995609822464,4.23674201965332,9797200,0.0,0.0
2011-11-14 00:00:00-05:00,4.181194263602579,4.181194263602579,4.043167774106053,4.147529125213623,12884400,0.0,0.0
2011-11-15 00:00:00-05:00,4.123962949994839,4.125646238705049,3.959004509048124,3.9657373428344727,28351600,0.0,0.0
2011-11-16 00:00:00-05:00,3.9068237309418654,3.91524017494262,3.7435485699813515,3.790679693222046,46004000,0.0,0.0
2011-11-17 00:00:00-05:00,3.7368156985964025,3.8445436122964263,3.661069308617006,3.6913678646087646,28222800,0.0,0.0
2011-11-18 00:00:00-05:00,3.704833972442599,3.8378105800418956,3.6913679827989423,3.7805800437927246,24363600,0.0,0.0
2011-11-21 00:00:00-05:00,3.714933196149313,3.861376107025468,3.6846346407229014,3.8243443965911865,22012800,0.0,0.0
2011-11-22 00:00:00-05:00,3.807512423168925,3.8277112475264277,3.7687974212170823,3.7755305767059326,15705200,0.0,0.0
2011-11-23 00:00:00-05:00,3.751965612441795,3.7637483148677484,3.6795857877628673,3.7216670513153076,15152000,0.0,0.0
2011-11-25 00:00:00-05:00,3.693052299240766,3.7082015819370353,3.612256017842463,3.6206724643707275,7029200,0.0,0.0
2011-11-28 00:00:00-05:00,3.7098844400617614,3.785630523684918,3.7098844400617614,3.7637484073638916,13752000,0.0,0.0
2011-11-29 00:00:00-05:00,3.7923631864972833,3.911873808261129,3.787313319824554,3.829394578933716,19185200,0.0,0.0
2011-11-30 00:00:00-05:00,3.916923686753142,3.9421723780839213,3.820978467063464,3.8916749954223633,13308800,0.0,0.0
2011-12-01 00:00:00-05:00,3.888308330729882,3.9573215686504026,3.856326484529914,3.932072877883911,9447600,0.0,0.0
2011-12-02 00:00:00-05:00,3.994353887743253,4.014553037678811,3.8933587801746508,3.908508062362671,8672400,0.0,0.0
2011-12-05 00:00:00-05:00,3.9472229074239222,3.990987141848578,3.9017750627661076,3.9859375953674316,10777600,0.0,0.0
2011-12-06 00:00:00-05:00,3.9606877739022193,3.9775200187939537,3.927022642009767,3.928705930709839,8608400,0.0,0.0
2011-12-07 00:00:00-05:00,3.911874189909082,4.034751401442821,3.8933583313571685,3.9876205921173096,14136800,0.0,0.0
2011-12-08 00:00:00-05:00,3.9657377659502826,4.012868891701252,3.9404890747122563,3.967421054840088,12201600,0.0,0.0
2011-12-09 00:00:00-05:00,3.9707874538533776,4.091981358972426,3.9707874538533776,4.073465824127197,13990400,0.0,0.0
2011-12-12 00:00:00-05:00,4.054950421688858,4.166044927401877,4.011185870793646,4.159311771392822,16758800,0.0,0.0
2011-12-13 00:00:00-05:00,4.139111892792474,4.147528014608809,4.034750248575803,4.0515828132629395,16990800,0.0,0.0
2011-12-14 00:00:00-05:00,4.0330680703503425,4.044851093613463,3.940489420664857,3.9539554119110107,13432000,0.0,0.0
2011-12-15 00:00:00-05:00,3.9842527696046948,4.04148329538619,3.977519615487126,3.989302635192871,13529200,0.0,0.0
2011-12-16 00:00:00-05:00,4.009501861986334,4.02633442793256,3.901773953617674,3.928705930709839,10618800,0.0,0.0
2011-12-19 00:00:00-05:00,3.9489053132114837,3.953955180028096,3.8108788307694472,3.8159286975860596,8103200,0.0,0.0
2011-12-20 00:00:00-05:00,3.8832585147967307,3.9590049091385433,3.8815752259164094,3.9505884647369385,7109600,0.0,0.0
2011-12-21 00:00:00-05:00,3.9522716164034306,3.985936750732021,3.908507070198069,3.962371349334717,5641600,0.0,0.0
2011-12-22 00:00:00-05:00,3.9808865083198204,4.053266315552733,3.9640539427451573,4.004452228546143,7314800,0.0,0.0
2011-12-23 00:00:00-05:00,4.021284896053317,4.0431673299184725,3.99603620556273,4.026334762573242,6116400,0.0,0.0
2011-12-27 00:00:00-05:00,4.017918639427886,4.039800752238523,3.969104226232168,4.026334762573242,4909200,0.0,0.0
2011-12-28 00:00:00-05:00,4.043166691446605,4.066732089375916,3.9960355745335168,4.0515828132629395,7046000,0.0,0.0
2011-12-29 00:00:00-05:00,4.048217123362222,4.102081406377384,4.028018298154256,4.098714828491211,5242800,0.0,0.0
2011-12-30 00:00:00-05:00,4.086932671239571,4.098715374355853,4.061683654785156,4.061683654785156,4189200,0.0,0.0
2012-01-03 00:00:00-05:00,4.112180134536811,4.139112111034479,3.997719073894484,4.004452228546143,10252800,0.0,0.0
2012-01-04 00:00:00-05:00,3.997720271701941,4.070100100621488,3.987620857752924,4.061683654785156,8317600,0.0,0.0
2012-01-05 00:00:00-05:00,4.038118228791454,4.255257714487491,4.016236111833238,4.251891136169434,14776000,0.0,0.0
2012-01-06 00:00:00-05:00,4.24347471421811,4.246841292555085,4.157629214007332,4.186244487762451,15113600,0.0,0.0
2012-01-09 00:00:00-05:00,4.15089519106844,4.157628346337224,3.9354390382851014,4.038117408752441,27824000,0.0,0.0
2012-01-10 00:00:00-05:00,4.049899313796556,4.091980562795847,3.947221284555311,4.078514575958252,15462400,0.0,0.0
2012-01-11 00:00:00-05:00,4.0700987711371805,4.123962722676898,4.0700987711371805,4.103763580322266,14062000,0.0,0.0
2012-01-12 00:00:00-05:00,4.1189134464656805,4.123963313040869,4.04316737416499,4.070099353790283,12018400,0.0,0.0
2012-01-13 00:00:00-05:00,4.038117584238843,4.03980087312919,3.908507229172861,3.9573216438293457,16946400,0.0,0.0
2012-01-17 00:00:00-05:00,3.9977184609059204,4.007817870280336,3.888307283028856,3.910189390182495,11883600,0.0,0.0
2012-01-18 00:00:00-05:00,3.9152395969840703,4.049899470572862,3.8883076222663115,4.043166637420654,9771600,0.0,0.0
2012-01-19 00:00:00-05:00,4.0246519561383876,4.189610429574056,4.0246519561383876,4.181194305419922,13097200,0.0,0.0
2012-01-20 00:00:00-05:00,4.199710288141885,4.208126412545149,4.123963884294246,4.13238000869751,10272800,0.0,0.0
2012-01-23 00:00:00-05:00,4.1323790497867305,4.18624332505404,4.1323790497867305,4.167727470397949,6712000,0.0,0.0
2012-01-24 00:00:00-05:00,4.150896383090267,4.181194948391666,4.129014264291817,4.166045665740967,6417600,0.0,0.0
2012-01-25 00:00:00-05:00,4.162678229526501,4.208126068115234,4.10544768931577,4.208126068115234,10460400,0.0,0.0
2012-01-26 00:00:00-05:00,4.179509691044658,4.179509691044658,3.8125611437245444,4.157627582550049,24179200,0.0,0.0
2012-01-27 00:00:00-05:00,4.140795287431861,4.142478576049139,4.090297592076968,4.093664169311523,13709200,0.0,0.0
2012-01-30 00:00:00-05:00,4.065048317085624,4.070098182207202,3.9472210204053395,3.996035099029541,21557600,0.0,0.0
2012-01-31 00:00:00-05:00,4.002769404662801,4.011185527900124,3.9101904437796353,3.932072877883911,17175200,0.0,0.0
2012-02-01 00:00:00-05:00,3.9455393773913103,3.9893039301989575,3.9000915355078427,3.923656940460205,13552000,0.0,0.0
2012-02-02 00:00:00-05:00,3.9455378302338704,3.960687104921232,3.9085061271961252,3.9169225692749023,13637600,0.0,0.0
2012-02-03 00:00:00-05:00,3.9573218249707827,4.006135920807143,3.95227195806859,3.979203939437866,10115200,0.0,0.0
2012-02-06 00:00:00-05:00,3.9724709003531173,3.982570312583635,3.9085072070992757,3.9404890537261963,14635600,0.0,0.0
2012-02-07 00:00:00-05:00,3.927022870880925,4.001085972728103,3.927022870880925,3.9943528175354004,11467200,0.0,0.0
2012-02-08 00:00:00-05:00,4.083565911721118,4.352886066497214,4.065050052757301,4.122280597686768,34136000,0.0,0.0
2012-02-09 00:00:00-05:00,4.137429523180212,4.137429523180212,4.039801011575975,4.053267002105713,15364800,0.0,0.0
2012-02-10 00:00:00-05:00,3.9539547648118867,3.974153908902629,3.8142450081023047,3.851276397705078,32256400,0.0,0.0
2012-02-13 00:00:00-05:00,3.8731585080148214,3.881574630069972,3.794045869111187,3.8613758087158203,22461200,0.0,0.0
2012-02-14 00:00:00-05:00,3.851276658520341,3.871475803979005,3.8108786886575374,3.8681092262268066,15697200,0.0,0.0
2012-02-15 00:00:00-05:00,3.871474875133884,3.8798909964406567,3.836126780380101,3.8394930362701416,14384400,0.0,0.0
2012-02-16 00:00:00-05:00,3.8530502728761897,3.927603667549905,3.8530502728761897,3.9038822650909424,11904800,0.0375,0.0
2012-02-17 00:00:00-05:00,3.929296722571837,3.949629253788231,3.8971031711028292,3.9276022911071777,7900000,0.0,0.0
2012-02-21 00:00:00-05:00,3.953018876578378,4.024183395874724,3.925908614292134,3.9479355812072754,8568000,0.0,0.0
2012-02-22 00:00:00-05:00,3.9614903059032813,3.978434298888693,3.873382124102757,3.8920202255249023,9381600,0.0,0.0
2012-02-23 00:00:00-05:00,3.888631522124454,3.995378124042875,3.88015936439774,3.9462409019470215,7327600,0.0,0.0
2012-02-24 00:00:00-05:00,3.934380047573141,3.9513240405636108,3.8479659741835515,3.8513548374176025,10578400,0.0,0.0
2012-02-27 00:00:00-05:00,3.8496590188933033,3.9411563541704475,3.8445760490532415,3.897102117538452,8053600,0.0,0.0
2012-02-28 00:00:00-05:00,3.89371461369777,3.9648791248986597,3.8818539156942524,3.9530184268951416,9181200,0.0,0.0
2012-02-29 00:00:00-05:00,3.9581013253514254,3.969962022167296,3.8564377019329266,3.8598265647888184,12888400,0.0,0.0
2012-03-01 00:00:00-05:00,3.8784646199537263,4.042820911614894,3.8750760803161866,4.039432048797607,19594000,0.0,0.0
2012-03-02 00:00:00-05:00,4.0394318389422095,4.112290769829983,3.9970720254660366,4.044515132904053,15591200,0.0,0.0
2012-03-05 00:00:00-05:00,4.044516447345858,4.159734905975332,3.9987677563604267,4.093653678894043,20442400,0.0,0.0
2012-03-06 00:00:00-05:00,4.039432394433336,4.064848221378205,4.015710999042095,4.030960559844971,6191200,0.0,0.0
2012-03-07 00:00:00-05:00,4.046209354274435,4.059764482038949,4.01401612782105,4.049598217010498,9006400,0.0,0.0
2012-03-08 00:00:00-05:00,4.068237502828723,4.129235752312774,4.061459775917248,4.10212516784668,13078400,0.0,0.0
2012-03-09 00:00:00-05:00,4.054681511114593,4.086875060747715,3.991988843216379,4.049598217010498,20076800,0.0,0.0
2012-03-12 00:00:00-04:00,4.049598641897641,4.075014468725287,3.9919892620591,4.027571678161621,8457200,0.0,0.0
2012-03-13 00:00:00-04:00,4.078403350627454,4.078403350627454,3.98690630898997,4.030960559844971,13164000,0.0,0.0
2012-03-14 00:00:00-04:00,4.025877217866513,4.056376339113799,3.953018277815724,3.981822967529297,13883200,0.0,0.0
2012-03-15 00:00:00-04:00,3.9818228810065164,4.034348964691162,3.9479348974281727,4.034348964691162,11116400,0.0,0.0
2012-03-16 00:00:00-04:00,4.0428213524232754,4.049598755617075,3.9852119709669673,3.9919893741607666,15375600,0.0,0.0
2012-03-19 00:00:00-04:00,4.005545665063931,4.091959762302604,3.991990531566485,4.058072090148926,14823600,0.0,0.0
2012-03-20 00:00:00-04:00,4.061459102063387,4.119068478533485,4.000461185879566,4.068236827850342,14239600,0.0,0.0
2012-03-21 00:00:00-04:00,4.071625561821172,4.193621713505721,4.066542267641911,4.1800665855407715,17963600,0.0,0.0
2012-03-22 00:00:00-04:00,4.276646553232771,4.3664494704398935,3.89710267893541,3.92421293258667,44606800,0.0,0.0
2012-03-23 00:00:00-04:00,3.9462408334850605,4.025877175655958,3.888631454661938,4.002155780792236,15335600,0.0,0.0
2012-03-26 00:00:00-04:00,4.0411264423948525,4.0800973948897665,3.985211499151793,4.032654285430908,12685600,0.0,0.0
2012-03-27 00:00:00-04:00,4.047903481835958,4.061458608583121,3.9987662685698813,4.025876522064209,8856400,0.0,0.0
2012-03-28 00:00:00-04:00,4.020794636425892,4.025877931928643,3.930992011469401,3.9801292419433594,12501600,0.0,0.0
2012-03-29 00:00:00-04:00,3.932685554053616,4.008933359720658,3.7378304456797964,3.8276333808898926,35629600,0.0,0.0
2012-03-30 00:00:00-04:00,3.866604310565207,3.866604310565207,3.6971650308862425,3.7005538940429688,19977200,0.0,0.0
2012-04-02 00:00:00-04:00,3.6836101906030074,3.8377999213603973,3.664971764957673,3.8056063652038574,20012000,0.0,0.0
2012-04-03 00:00:00-04:00,3.810689966517284,3.8530497931657814,3.715804045315001,3.7344424724578857,15712400,0.0,0.0
2012-04-04 00:00:00-04:00,3.7242749992043804,3.7717181101575954,3.6802207511434855,3.7191920280456543,11406000,0.0,0.0
2012-04-05 00:00:00-04:00,3.6988590354322186,3.746302144609753,3.668359916902356,3.681915044784546,11237600,0.0,0.0
2012-04-09 00:00:00-04:00,3.6514165920909862,3.74121953267341,3.631084058149932,3.7022485733032227,10108000,0.0,0.0
2012-04-10 00:00:00-04:00,3.686999634249145,3.7191931954719877,3.609057379159082,3.629390239715576,11930400,0.0,0.0
2012-04-11 00:00:00-04:00,3.612444506052704,3.646332482958369,3.548057737747581,3.6039726734161377,19562000,0.0,0.0
2012-04-12 00:00:00-04:00,3.609056491514882,3.6785265696286964,3.6005846568882314,3.6531107425689697,8414800,0.0,0.0
2012-04-13 00:00:00-04:00,3.6429435814258198,3.6429435814258198,3.578556813813639,3.5971949100494385,8956000,0.0,0.0
2012-04-16 00:00:00-04:00,3.609056234196661,3.695470298582408,3.553141289379972,3.6768321990966797,13710000,0.0,0.0
2012-04-17 00:00:00-04:00,3.6971644734316054,3.761551570982068,3.6937756107858486,3.753079414367676,16022400,0.0,0.0
2012-04-18 00:00:00-04:00,3.736135639995402,3.790356475918342,3.710719815044499,3.776801347732544,15372800,0.0,0.0
2012-04-19 00:00:00-04:00,3.770023622049771,3.8191611637106315,3.7496907681811997,3.776801347732544,14128400,0.0,0.0
2012-04-20 00:00:00-04:00,3.800523474044607,3.847966270252508,3.7632466219614726,3.792051315307617,12587200,0.0,0.0
2012-04-23 00:00:00-04:00,3.7564686525613475,3.7971340388367087,3.700553706035256,3.7903566360473633,11351200,0.0,0.0
2012-04-24 00:00:00-04:00,3.788662274317499,3.8276332298181734,3.754774290207488,3.7751071453094482,14316400,0.0,0.0
2012-04-25 00:00:00-04:00,3.817468056859293,3.8310231897483953,3.768330498148885,3.825939893722534,8114000,0.0,0.0
2012-04-26 00:00:00-04:00,3.8191624888679137,3.8615223195438406,3.807301464807571,3.825939893722534,6651600,0.0,0.0
2012-04-27 00:00:00-04:00,3.856438240182114,3.856438240182114,3.7717185960388684,3.8428831100463867,10965200,0.0,0.0
2012-04-30 00:00:00-04:00,3.839494404201608,3.859827261829087,3.768329887275143,3.856438398361206,6708400,0.0,0.0
2012-05-01 00:00:00-04:00,3.8564388108062007,3.910659339371937,3.797134986494985,3.873382806777954,12510000,0.0,0.0
2012-05-02 00:00:00-04:00,3.8445781836410076,3.8716884484390706,3.814079054948225,3.858133316040039,6326800,0.0,0.0
2012-05-03 00:00:00-04:00,3.849660638615777,3.8598272289327733,3.72258116827157,3.808995246887207,10063600,0.0,0.0
2012-05-04 00:00:00-04:00,3.7903565748088304,3.8123835374930306,3.6988592147827144,3.698859214782715,7302000,0.0,0.0
2012-05-07 00:00:00-04:00,3.6768324704342663,3.7276641246807296,3.5666966809339695,3.573474407196045,11707600,0.0,0.0
2012-05-08 00:00:00-04:00,3.54297506759305,3.654804958605016,3.5073929764436773,3.5768630504608154,17536000,0.0,0.0
2012-05-09 00:00:00-04:00,3.531114252230667,3.583640333053997,3.507392858925888,3.5429749488830566,16157600,0.0,0.0
2012-05-10 00:00:00-04:00,3.5633088363635204,3.595502072851571,3.537892681100542,3.5700862407684326,10103600,0.0,0.0
2012-05-11 00:00:00-04:00,3.532809225397866,3.5988904444118495,3.417590457654658,3.4447007179260254,20427200,0.0,0.0
2012-05-14 00:00:00-04:00,3.414201503596565,3.593807053916472,3.4006463738210964,3.5378921031951904,12568800,0.0,0.0
2012-05-15 00:00:00-04:00,3.5209488111198493,3.5412813463746167,3.44978429136852,3.4938385486602783,12344400,0.0,0.0
2012-05-16 00:00:00-04:00,3.512475442775118,3.5751681051152975,3.5056980410835825,3.531113862991333,13711600,0.0,0.0
2012-05-17 00:00:00-04:00,3.378619039833747,3.4226732875836867,3.127848681627956,3.1380152702331543,48078800,0.0,0.0
2012-05-18 00:00:00-04:00,3.1295430342682247,3.276955333534623,3.0719336596748956,3.2312066555023193,19713200,0.0,0.0
2012-05-21 00:00:00-04:00,3.2329016352109923,3.2617063273930844,3.207485806386746,3.2159576416015625,19206400,0.0,0.0
2012-05-22 00:00:00-04:00,3.243067717699223,3.2667894366754933,3.2108744871696366,3.2261240482330322,14009200,0.0,0.0
2012-05-23 00:00:00-04:00,3.209178993145052,3.2667883551611263,3.1651247561221907,3.232900381088257,22000000,0.0,0.0
2012-05-24 00:00:00-04:00,3.2602262882748114,3.279012400308751,3.2021604199340916,3.2738888263702393,19172800,0.0375,0.0
2012-05-25 00:00:00-04:00,3.284135371493371,3.371234166657761,3.2824275136579235,3.333662271499634,12567200,0.0,0.0
2012-05-29 00:00:00-04:00,3.347325964176135,3.378066764346943,3.296091188644559,3.3661117553710938,10799200,0.0,0.0
2012-05-30 00:00:00-04:00,3.3319553324276536,3.61032972155395,3.261934770569485,3.357572555541992,26932000,0.0,0.0
2012-05-31 00:00:00-04:00,3.32512368014908,3.3712348741615674,3.2431484412873104,3.275597095489502,11325600,0.0,0.0
2012-06-01 00:00:00-04:00,3.205576176293941,3.3217079144390236,3.186790064023234,3.279012441635132,14711600,0.0,0.0
2012-06-04 00:00:00-04:00,3.2755967256330747,3.2909671219017245,3.2175308565605336,3.279012441635132,14632400,0.0,0.0
2012-06-05 00:00:00-04:00,3.2619342090590333,3.3524484035312625,3.2533949189971003,3.337078332901001,8927200,0.0,0.0
2012-06-06 00:00:00-04:00,3.3592804428543293,3.3780665586460312,3.2773051978843593,3.3046302795410156,11188400,0.0,0.0
2012-06-07 00:00:00-04:00,3.330246275495824,3.352447774006622,3.1902052021832055,3.2106988430023193,18900000,0.0,0.0
2012-06-08 00:00:00-04:00,3.203868777425412,3.2516878310851296,3.1919140954456457,3.2499799728393555,9390800,0.0,0.0
2012-06-11 00:00:00-04:00,3.275597558792404,3.318293042456037,3.118478165880609,3.121893882751465,12740000,0.0,0.0
2012-06-12 00:00:00-04:00,3.1287239131371543,3.1850819191323327,3.0996909812159665,3.171419382095337,16974400,0.0,0.0
2012-06-13 00:00:00-04:00,3.1492177486420783,3.1884975002479647,3.0860283139251865,3.0928597450256348,11235600,0.0,0.0
2012-06-14 00:00:00-04:00,3.1082312885891166,3.1167702548815597,2.969897689318615,3.0296714305877686,34551200,0.0,0.0
2012-06-15 00:00:00-04:00,2.9801441094448453,3.058703622453731,2.9220782408119277,3.045041084289551,33386400,0.0,0.0
2012-06-18 00:00:00-04:00,3.0467487282612917,3.116769272151756,3.0125922223798347,3.1116456985473633,13329200,0.0,0.0
2012-06-19 00:00:00-04:00,3.132140438424478,3.1867906006983864,3.118477897856001,3.1372640132904053,14520800,0.0,0.0
2012-06-20 00:00:00-04:00,3.142386448655874,3.1492178800413595,3.0945677319197826,3.0979831218719482,9554000,0.0,0.0
2012-06-21 00:00:00-04:00,3.106523494326951,3.106523494326951,2.990391726203971,2.9989306926727295,11077200,0.0,0.0
2012-06-22 00:00:00-04:00,3.0296707182061424,3.0365021502263354,2.9852673872967115,3.021131753921509,14879600,0.0,0.0
2012-06-25 00:00:00-04:00,2.995514434507269,3.0057612564520744,2.920370313517303,2.9357407093048096,10786400,0.0,0.0
2012-06-26 00:00:00-04:00,2.973312957856824,3.014300576214235,2.9357410557976893,2.9852676391601562,8789600,0.0,0.0
2012-06-27 00:00:00-04:00,2.993806477707129,3.0501644851535676,2.985267188251253,3.043333053588867,8732000,0.0,0.0
2012-06-28 00:00:00-04:00,3.0330862974072836,3.060411372774328,2.993806542284731,3.0416252613067627,6937200,0.0,0.0
2012-06-29 00:00:00-04:00,3.084320979446802,3.1509261410143834,3.04845693730632,3.1355557441711426,14131200,0.0,0.0
2012-07-02 00:00:00-04:00,3.149218287759337,3.157757252356126,3.050164800029735,3.0706584453582764,8324800,0.0,0.0
2012-07-03 00:00:00-04:00,3.0843213835644776,3.1919141755643134,3.0587041607161662,3.1372640132904053,5462400,0.0,0.0
2012-07-05 00:00:00-04:00,3.1304321979538217,3.1850823535557096,3.109938226732803,3.120185375213623,6496000,0.0,0.0
2012-07-06 00:00:00-04:00,3.0928601777209446,3.1236009704925127,3.074074065307073,3.096275568008423,6242400,0.0,0.0
2012-07-09 00:00:00-04:00,3.121892835767433,3.159464731524357,2.9459873847997384,2.992098569869995,11924000,0.0,0.0
2012-07-10 00:00:00-04:00,3.0057619536907176,3.0467495767183266,2.9869758376503115,2.997222661972046,7181200,0.0,0.0
2012-07-11 00:00:00-04:00,2.9869758269372153,3.0279634498178183,2.9374492381092385,2.9391567707061768,10302400,0.0,0.0
2012-07-12 00:00:00-04:00,2.927200968507181,2.945987077295023,2.8862133613032466,2.920369863510132,8160400,0.0,0.0
2012-07-13 00:00:00-04:00,2.940864555100617,2.9716053529233104,2.8554735948112078,2.8742597103118896,11265200,0.0,0.0
2012-07-16 00:00:00-04:00,2.8571809957435828,2.8691356761519526,2.793991877659168,2.8298559188842773,11256400,0.0,0.0
2012-07-17 00:00:00-04:00,2.8401029888049565,2.8708437843860897,2.821317200414761,2.858889102935791,6441600,0.0,0.0
2012-07-18 00:00:00-04:00,2.848642588115764,2.927202118004769,2.8383957637260404,2.8862144947052,7468000,0.0,0.0
2012-07-19 00:00:00-04:00,2.9015849918226557,2.928910074942085,2.8605973671435114,2.869136333465576,10988800,0.0,0.0
2012-07-20 00:00:00-04:00,2.8520575876552914,2.882798053094549,2.775205609705667,2.7837445735931396,7732400,0.0,0.0
2012-07-23 00:00:00-04:00,2.7547115623650384,2.771789815397166,2.712016255525304,2.7564194202423096,8456400,0.0,0.0
2012-07-24 00:00:00-04:00,2.7530043842362613,2.7956998594364846,2.6419960509934937,2.686399221420288,15271200,0.0,0.0
2012-07-25 00:00:00-04:00,2.7017693544578303,2.730802287785682,2.671028726070331,2.693230390548706,10493600,0.0,0.0
2012-07-26 00:00:00-04:00,2.730802743424593,2.7427574251882625,2.6932308399186833,2.7273871898651123,9646400,0.0,0.0
2012-07-27 00:00:00-04:00,2.7495883144738085,2.792283784183835,2.723970934925618,2.7564194202423096,7937200,0.0,0.0
2012-07-30 00:00:00-04:00,2.7666667046910494,2.7734978107982706,2.7103085320386278,2.7359259128570557,7613600,0.0,0.0
2012-07-31 00:00:00-04:00,2.7273867859175795,2.747880592850142,2.705185121023062,2.7359259128570557,6473600,0.0,0.0
2012-08-01 00:00:00-04:00,2.739341388153765,3.140678527481881,2.7154317045272496,2.744464635848999,30748800,0.0,0.0
2012-08-02 00:00:00-04:00,2.723971393345242,2.7512966353692936,2.6163787720246807,2.689815044403076,15403600,0.0,0.0
2012-08-03 00:00:00-04:00,2.722263436594263,2.753004393834412,2.708600897512183,2.7154321670532227,9270800,0.0,0.0
2012-08-06 00:00:00-04:00,2.7478806588581866,2.795699705719815,2.7120164551471175,2.734218120574951,10794000,0.0,0.0
2012-08-07 00:00:00-04:00,2.7342180320814924,2.903292060017149,2.7308023161860824,2.8708434104919434,11186400,0.0,0.0
2012-08-08 00:00:00-04:00,2.8588891688632048,2.8810909998462924,2.846934487137225,2.8571813106536865,5980000,0.0,0.0
2012-08-09 00:00:00-04:00,2.852058203962535,2.8827986760445654,2.8213174061398414,2.8742597103118896,6773200,0.0,0.0
2012-08-10 00:00:00-04:00,2.8725520403257554,3.029671430587768,2.8383958494152997,3.0296714305877686,18812000,0.0,0.0
2012-08-13 00:00:00-04:00,3.1628808554505965,3.2192388692298293,3.005761494953854,3.055288076400757,21730400,0.0,0.0
2012-08-14 00:00:00-04:00,3.068950591846496,3.089444562946079,2.9374487778613925,2.951111316680908,20002400,0.0,0.0
2012-08-15 00:00:00-04:00,2.9528193231964996,3.01259272994895,2.910123846521529,2.9118313789367676,18440000,0.0,0.0
2012-08-16 00:00:00-04:00,2.9545267026944773,3.1184774940259055,2.8349795696363342,3.0706584453582764,44530800,0.0,0.0
2012-08-17 00:00:00-04:00,3.0740737649891723,3.2004523140165246,3.033086153878186,3.171419382095337,24764000,0.0,0.0
2012-08-20 00:00:00-04:00,3.2055767437340084,3.3456178672018697,3.161173405068963,3.3285396099090576,27220800,0.0,0.0
2012-08-21 00:00:00-04:00,3.3268317516057104,3.340494292291827,3.2294861084995463,3.3285396099090576,20158400,0.0,0.0
2012-08-22 00:00:00-04:00,3.3285391369771604,3.338785959600673,3.1782512107833756,3.2089920043945312,18076400,0.0,0.0
2012-08-23 00:00:00-04:00,3.2209470889761023,3.2533954189762544,3.208992406792819,3.227778196334839,10826000,0.0,0.0
2012-08-24 00:00:00-04:00,3.2295081582604723,3.2450845907044195,3.1654720071972005,3.1879711151123047,12168800,0.0625,0.0
2012-08-27 00:00:00-04:00,3.2018167666877506,3.205278269445002,3.137780286106884,3.1412417888641357,8438000,0.0,0.0
2012-08-28 00:00:00-04:00,3.1464338751249916,3.165471809167052,3.1273959410829306,3.1395108699798584,8153200,0.0,0.0
2012-08-29 00:00:00-04:00,3.148165316628007,3.2364316709380025,3.1048975153058795,3.220855236053467,14051600,0.0,0.0
2012-08-30 00:00:00-04:00,3.224317166664461,3.3489286750117824,3.2052795540836683,3.316045045852661,13877200,0.0,0.0
2012-08-31 00:00:00-04:00,3.3212358676627356,3.328158542854865,3.271045069564785,3.3021979331970215,15605600,0.0,0.0
2012-09-04 00:00:00-04:00,3.435463654773137,3.579112748806328,3.43200215127664,3.532383441925049,28348800,0.0,0.0
2012-09-05 00:00:00-04:00,3.5375751240938293,3.587765596233765,3.521998690990069,3.556612730026245,17060000,0.0,0.0
2012-09-06 00:00:00-04:00,3.591227831939577,3.655264328888781,3.5393065977375304,3.6448798179626465,13804400,0.0,0.0
2012-09-07 00:00:00-04:00,3.6552635698202853,3.776413201168969,3.6396871367729124,3.7487218379974365,13737600,0.0,0.0
2012-09-10 00:00:00-04:00,3.729684544535661,3.77814460348755,3.686416740863056,3.736607551574707,13571200,0.0,0.0
2012-09-11 00:00:00-04:00,3.7244920034399174,3.8179502722617245,3.7175689975457367,3.7677597999572754,12690000,0.0,0.0
2012-09-12 00:00:00-04:00,3.7850673634072023,3.8335270890881095,3.7850673634072023,3.819681406021118,8313200,0.0,0.0
2012-09-13 00:00:00-04:00,3.81968170769213,3.899294639195345,3.7764139034271857,3.873333692550659,11631600,0.0,0.0
2012-09-14 00:00:00-04:00,3.8906398218327567,4.117363292178281,3.8906398218327567,4.006597518920898,15521600,0.0,0.0
2012-09-17 00:00:00-04:00,3.99448267005606,3.99448267005606,3.856025863337696,3.8577566146850586,13833600,0.0,0.0
2012-09-18 00:00:00-04:00,3.895831820692082,3.947753036242504,3.8352568491452312,3.881986141204834,7451200,0.0,0.0
2012-09-19 00:00:00-04:00,3.888910002265119,3.9754456079861624,3.8594878831156785,3.9512157440185547,11372800,0.0,0.0
2012-09-20 00:00:00-04:00,3.928716228480201,3.9477538353116923,3.856026313932142,3.935638904571533,7367600,0.0,0.0
2012-09-21 00:00:00-04:00,3.9546771336045206,3.9737147418421386,3.850834343707828,3.859487771987915,13615600,0.0,0.0
2012-09-24 00:00:00-04:00,3.8733330474555157,3.8750637989507184,3.7833362804546296,3.8300652503967285,11012000,0.0,0.0
2012-09-25 00:00:00-04:00,3.8248739496674946,3.826604701444898,3.608534929099278,3.613726854324341,18663200,0.0,0.0
2012-09-26 00:00:00-04:00,3.6223802802232994,3.676032259962246,3.547959611171825,3.655263900756836,15690800,0.0,0.0
2012-09-27 00:00:00-04:00,3.6604556325700868,3.6777628177337833,3.5998806495506983,3.6206493377685547,7704400,0.0,0.0
2012-09-28 00:00:00-04:00,3.61199591027467,3.6396872744940088,3.556612851728893,3.6344950199127197,12090400,0.0,0.0
2012-10-01 00:00:00-04:00,3.707184452741465,3.738337315974873,3.6656474117992732,3.6760315895080566,10143600,0.0,0.0
2012-10-02 00:00:00-04:00,3.672570255440844,3.717568801053346,3.643148142159865,3.691608190536499,11360000,0.0,0.0
2012-10-03 00:00:00-04:00,3.6916084035852563,3.7227612700461847,3.6743012188728414,3.6864161491394043,8414400,0.0,0.0
2012-10-04 00:00:00-04:00,3.7141072252299754,3.8889091500953015,3.7106460526409997,3.8716022968292236,14410400,0.0,0.0
2012-10-05 00:00:00-04:00,3.8923709670515474,4.063711403054426,3.875063782281065,3.99448299407959,16248000,0.0,0.0
2012-10-08 00:00:00-04:00,3.9806370068621892,4.037750481147668,3.9512148940419687,4.023904800415039,11357600,0.0,0.0
2012-10-09 00:00:00-04:00,4.032558333281706,4.2385131284471464,4.006597722487728,4.1519775390625,19618400,0.0,0.0
2012-10-10 00:00:00-04:00,4.15024679512322,4.15024679512322,3.9512150052021306,3.9737141132354736,14328800,0.0,0.0
2012-10-11 00:00:00-04:00,4.013521752621754,4.139863666148946,3.9512160067257542,3.9564082622528076,16682800,0.0,0.0
2012-10-12 00:00:00-04:00,3.9616007412762166,3.9962151227460154,3.9096794991787256,3.9408323764801025,9075600,0.0,0.0
2012-10-15 00:00:00-04:00,3.9650612143007464,4.027366952700427,3.926985668671564,3.9425621032714844,7262400,0.0,0.0
2012-10-16 00:00:00-04:00,3.9615991628206837,3.9910212763149335,3.9425615576941047,3.9719836711883545,5444000,0.0,0.0
2012-10-17 00:00:00-04:00,3.9771754274834077,3.9840984327698,3.9252542082637114,3.970252752304077,6500000,0.0,0.0
2012-10-18 00:00:00-04:00,3.9667922865872285,4.079288511041319,3.94256242196525,4.056789398193359,9088000,0.0,0.0
2012-10-19 00:00:00-04:00,4.042942276591254,4.079287060601394,3.9633293738294246,4.001405239105225,9161200,0.0,0.0
2012-10-22 00:00:00-04:00,3.991020972097437,4.023904585874341,3.9615988608459016,4.015251159667969,6562000,0.0,0.0
2012-10-23 00:00:00-04:00,3.971983980701582,4.061980749484785,3.9079474945392625,3.9979445934295654,10731200,0.0,0.0
2012-10-24 00:00:00-04:00,3.980636090099279,4.042941804100288,3.9148692042925415,4.0290961265563965,11906400,0.0,0.0
2012-10-25 00:00:00-04:00,4.049865724015354,4.151977751112883,4.042943048166706,4.10524845123291,8462800,0.0,0.0
2012-10-26 00:00:00-04:00,4.0965942846568115,4.101786538186666,3.9460222333613983,3.9806365966796875,9349200,0.0,0.0
2012-10-31 00:00:00-04:00,3.989291291697244,4.022174914301239,3.9373700603074733,3.9512157440185547,7060400,0.0,0.0
2012-11-01 00:00:00-04:00,3.9529456757827734,4.0948639869099,3.9425614976802463,4.084479808807373,6469200,0.0,0.0
2012-11-02 00:00:00-04:00,4.082749744491862,4.14332473214657,4.082749744491862,4.120825290679932,9767600,0.0,0.0
2012-11-05 00:00:00-05:00,4.12601713899304,4.203899305459662,4.094864272406392,4.10524845123291,7708400,0.0,0.0
2012-11-06 00:00:00-05:00,4.134671711990001,4.1762087689125025,4.113903348582343,4.139863967895508,5580400,0.0,0.0
2012-11-07 00:00:00-05:00,4.11736322548923,4.136400829405427,4.020443134195455,4.049865245819092,7892400,0.0,0.0
2012-11-08 00:00:00-05:00,4.039481045706832,4.053326725799202,3.817949834121859,3.8975627422332764,11655200,0.0,0.0
2012-11-09 00:00:00-05:00,3.8456422135770048,3.9269858945231313,3.7054546242222774,3.8266046047210693,13927200,0.0,0.0
2012-11-12 00:00:00-05:00,3.83179660313613,4.023905757855112,3.830065851369356,3.9962143898010254,11094400,0.0,0.0
2012-11-13 00:00:00-05:00,3.975445389129947,4.027366947768471,3.868141428803148,4.025636196136475,13159200,0.0,0.0
2012-11-14 00:00:00-05:00,4.046405407038317,4.1969775296374205,4.015252861427954,4.0637125968933105,25697200,0.0,0.0
2012-11-15 00:00:00-05:00,4.157170292029763,4.30601129915607,3.9806375892794863,4.240244388580322,43767600,0.0,0.0
2012-11-16 00:00:00-05:00,4.266205846229475,4.434085154247905,4.266205846229475,4.421969890594482,29376000,0.0,0.0
2012-11-19 00:00:00-05:00,4.477351402776335,4.537926049403292,4.378700556611577,4.486004829406738,23256000,0.0,0.0
2012-11-20 00:00:00-05:00,4.491198097974741,4.582925629362968,4.460045226896799,4.581194877624512,11994400,0.0,0.0
2012-11-21 00:00:00-05:00,4.574270910868339,4.700612781183979,4.544848799825665,4.686767101287842,22854400,0.0,0.0
2012-11-23 00:00:00-05:00,4.7300356858168024,4.845993398192112,4.664268777802749,4.685037136077881,10151600,0.0,0.0
2012-11-26 00:00:00-05:00,4.686784497664565,4.714733987288573,4.613417004105493,4.685037612915039,9468400,0.0625,0.0
2012-11-27 00:00:00-05:00,4.690277961181332,4.807316566290629,4.655340934838429,4.660581588745117,12588400,0.0,0.0
2012-11-28 00:00:00-05:00,4.655342129843858,4.6728106474994,4.583721507321973,4.618658542633057,14475600,0.0,0.0
2012-11-29 00:00:00-05:00,4.641366282226133,4.660581680411083,4.515593584649457,4.578479766845703,10922800,0.0,0.0
2012-11-30 00:00:00-05:00,4.597694720046656,4.641365833015464,4.5540236070778475,4.5854668617248535,10282000,0.0,0.0
2012-12-03 00:00:00-05:00,4.6204052349624085,4.622151786789264,4.505113489703555,4.512100696563721,9694400,0.0,0.0
2012-12-04 00:00:00-05:00,4.5120998788278355,4.583720485381913,4.4684287610175835,4.520833969116211,14253200,0.0,0.0
2012-12-05 00:00:00-05:00,4.508606277275059,4.597695400906485,4.4369856680548505,4.536555767059326,11141200,0.0,0.0
2012-12-06 00:00:00-05:00,4.543543416806902,4.702506268772334,4.5400496472026886,4.653594493865967,9926800,0.0,0.0
2012-12-07 00:00:00-05:00,4.662328784909064,4.789848373168191,4.641366501065826,4.768886089324951,10037200,0.0,0.0
2012-12-10 00:00:00-05:00,4.775872649063727,4.812556221787352,4.714733028006888,4.793341159820557,10475600,0.0,0.0
2012-12-11 00:00:00-05:00,4.793341055101904,4.861467879062651,4.781113197794501,4.840505599975586,9984800,0.0,0.0
2012-12-12 00:00:00-05:00,4.857974546099265,4.924354824842351,4.843999803182428,4.861468315124512,11078000,0.0,0.0
2012-12-13 00:00:00-05:00,4.861468562880087,4.952304563060884,4.796835165355705,4.823038101196289,17790000,0.0,0.0
2012-12-14 00:00:00-05:00,4.730455745232665,4.870203197145393,4.730455745232665,4.805570125579834,10138000,0.0,0.0
2012-12-17 00:00:00-05:00,4.8195451179489535,4.83526674874347,4.772380225565405,4.80731725692749,9475200,0.0,0.0
2012-12-18 00:00:00-05:00,4.861469084493266,4.863215969282349,4.7881015892728085,4.842253684997559,13050400,0.0,0.0
2012-12-19 00:00:00-05:00,4.856227858657175,4.891164883959121,4.7304551673016695,4.812556743621826,17166000,0.0,0.0
2012-12-20 00:00:00-05:00,4.78286118958685,4.796835935459446,4.522581339469615,4.564505577087402,17246400,0.0,0.0
2012-12-21 00:00:00-05:00,4.519087017045435,4.5610112464451165,4.421263481928687,4.466681480407715,14838000,0.0,0.0
2012-12-24 00:00:00-05:00,4.470175496391531,4.512099728106844,4.454453867850266,4.468428611755371,2161600,0.0,0.0
2012-12-26 00:00:00-05:00,4.4858974742736635,4.564505289917421,4.300732019815161,4.347896575927734,8402400,0.0,0.0
2012-12-27 00:00:00-05:00,4.353137002631294,4.367111746893987,4.178452532755534,4.3094658851623535,9706800,0.0,0.0
2012-12-28 00:00:00-05:00,4.279769683576858,4.319947033295208,4.248326424428862,4.28501033782959,5726000,0.0,0.0
2012-12-31 00:00:00-05:00,4.260554679252467,4.395061818877239,4.244833048221818,4.382833957672119,8393600,0.0,0.0
2013-01-02 00:00:00-05:00,4.468428059336225,4.519086707969553,4.365364210833508,4.482402801513672,19592400,0.0,0.0
2013-01-03 00:00:00-05:00,4.468429311342822,4.487644712164814,4.178453080024436,4.255314350128174,42571200,0.0,0.0
2013-01-04 00:00:00-05:00,4.265795294669761,4.396808663261358,4.255314318474016,4.332175254821777,16160000,0.0,0.0
2013-01-07 00:00:00-05:00,4.307719398199889,4.353137404542992,4.169718827512649,4.323441028594971,15935600,0.0,0.0
2013-01-08 00:00:00-05:00,4.005515354291796,4.185440163296016,3.958350462671883,4.050933361053467,44524800,0.0,0.0
2013-01-09 00:00:00-05:00,4.03870483083319,4.073641522654803,3.9338940890000207,3.949615716934204,17327600,0.0,0.0
2013-01-10 00:00:00-05:00,3.9845525104442574,3.9967803695530937,3.912931907220355,3.9810590744018555,15601200,0.0,0.0
2013-01-11 00:00:00-05:00,3.961843674348089,4.061413764953613,3.895463391821625,4.061413764953613,21068400,0.0,0.0
2013-01-14 00:00:00-05:00,4.0509335041954015,4.080629881466439,3.9915407496533284,4.0194902420043945,14018800,0.0,0.0
2013-01-15 00:00:00-05:00,4.00027491151841,4.049186690586285,3.9740723036258565,4.0456929206848145,11430000,0.0,0.0
2013-01-16 00:00:00-05:00,4.040451620751368,4.073641763147865,4.014249017042209,4.029970645904541,10560000,0.0,0.0
2013-01-17 00:00:00-05:00,4.057920710054886,4.15225049661312,4.045692848801241,4.103338718414307,10398400,0.0,0.0
2013-01-18 00:00:00-05:00,4.110325800739892,4.112072685465213,4.05093305281572,4.066654682159424,8466000,0.0,0.0
2013-01-22 00:00:00-05:00,4.078882908522549,4.094604539278773,4.043945877245555,4.073642253875732,7628400,0.0,0.0
2013-01-23 00:00:00-05:00,4.075389050166085,4.1033385413064165,4.015996298196827,4.043945789337158,7164800,0.0,0.0
2013-01-24 00:00:00-05:00,4.050933016584218,4.112072648686879,4.036958272090826,4.099844455718994,9199200,0.0,0.0
2013-01-25 00:00:00-05:00,4.120806980963961,4.153997126028272,4.08761683589965,4.141768932342529,8050400,0.0,0.0
2013-01-28 00:00:00-05:00,4.14875629021985,4.157490380715055,4.110325825583071,4.15399694442749,6575600,0.0,0.0
2013-01-29 00:00:00-05:00,4.1312875453325475,4.230857637427838,4.096350852118577,4.195920944213867,9616400,0.0,0.0
2013-01-30 00:00:00-05:00,4.190681037602124,4.225618070230418,4.119060420579933,4.129541397094727,8915600,0.0,0.0
2013-01-31 00:00:00-05:00,4.133033256495608,4.1400207930649655,3.942627216373685,4.05267858505249,20644000,0.0,0.0
2013-02-01 00:00:00-05:00,4.243085480327805,4.333921141747938,4.098097065949346,4.31295919418335,17624800,0.0,0.0
2013-02-04 00:00:00-05:00,4.297238441101426,4.489391443181807,4.250073549710163,4.410783290863037,17586400,0.0,0.0
2013-02-05 00:00:00-05:00,4.419516445612995,4.718227027955557,4.405541702959692,4.683290004730225,23107200,0.0,0.0
2013-02-06 00:00:00-05:00,4.360123551305701,4.40728843103084,4.148755534527626,4.402048110961914,39911200,0.0,0.0
2013-02-07 00:00:00-05:00,4.39156679080115,4.44571920802866,4.3531363332839375,4.438731670379639,11059600,0.0,0.0
2013-02-08 00:00:00-05:00,4.4649339198366595,4.585466269351154,4.461440484470408,4.552276134490967,13020800,0.0,0.0
2013-02-11 00:00:00-05:00,4.569745573812813,4.6431130623770445,4.540049201461001,4.576733112335205,11470400,0.0,0.0
2013-02-12 00:00:00-05:00,4.5924547873516515,4.594201338815768,4.43698538549517,4.515593528747559,13946800,0.0,0.0
2013-02-13 00:00:00-05:00,4.534808931185178,4.585467590205388,4.4876443749059165,4.547037124633789,10458400,0.0,0.0
2013-02-14 00:00:00-05:00,4.52607408487635,4.566251428518953,4.491137061509822,4.498124599456787,6522800,0.0,0.0
2013-02-15 00:00:00-05:00,4.543543492908525,4.543543492908525,4.391567844421813,4.431745529174805,12339200,0.0,0.0
2013-02-19 00:00:00-05:00,4.409035471408738,4.46144100624067,4.290249992277334,4.454453468322754,13305200,0.0,0.0
2013-02-20 00:00:00-05:00,4.475415170755358,4.5400482222260115,4.414275554608232,4.4247565269470215,9223600,0.0,0.0
2013-02-21 00:00:00-05:00,4.491138949881916,4.51559500979509,4.209897092946854,4.319948196411133,16028800,0.0,0.0
2013-02-22 00:00:00-05:00,4.351390671623914,4.393314909746459,4.29898545726679,4.335669040679932,10165600,0.0,0.0
2013-02-25 00:00:00-05:00,4.382833471837801,4.402048870563961,4.298985004425049,4.298985004425049,6154800,0.0,0.0
2013-02-26 00:00:00-05:00,4.3269348306008935,4.405542649979281,4.153997228147379,4.330428600311279,10722000,0.0,0.0
2013-02-27 00:00:00-05:00,4.316452799934382,4.435238284757676,4.3024780566130625,4.409035682678223,13807200,0.0,0.0
2013-02-28 00:00:00-05:00,4.423010082353566,4.482402820150692,4.375845202364531,4.377592086791992,10794400,0.0,0.0
2013-03-01 00:00:00-05:00,4.351982480047544,4.389073415917568,4.230113080328488,4.247775077819824,14103600,0.06875,0.0
2013-03-04 00:00:00-05:00,4.231878387837156,4.251306986475849,4.125905070959451,4.1576972007751465,13199200,0.0,0.0
2013-03-05 00:00:00-05:00,4.200087611283217,4.302528756100806,4.180659007942989,4.29193115234375,13888000,0.0,0.0
2013-03-06 00:00:00-05:00,4.3396194861084245,4.373177891896322,4.256606942192097,4.311359882354736,8697600,0.0,0.0
2013-03-07 00:00:00-05:00,4.304295150927796,4.373177892984418,4.270736745131549,4.334321022033691,5027600,0.0,0.0
2013-03-08 00:00:00-05:00,4.357281684875488,4.412034623306563,4.291931142711143,4.357281684875488,5762400,0.0,0.0
2013-03-11 00:00:00-04:00,4.355515518960099,4.463255467922028,4.302528846584653,4.461489200592041,8355600,0.0,0.0
2013-03-12 00:00:00-04:00,4.463255579562496,4.510943788021863,4.415567371103129,4.5003461837768555,6461200,0.0,0.0
2013-03-13 00:00:00-04:00,4.491513852211436,4.567461642379534,4.487981318510372,4.530370712280273,5648400,0.0,0.0
2013-03-14 00:00:00-04:00,4.539202047460519,4.539202047460519,4.436760928275417,4.48798131942749,6496000,0.0,0.0
2013-03-15 00:00:00-04:00,4.473852223780936,4.50034555694119,4.408501687563367,4.495047092437744,10422800,0.0,0.0
2013-03-18 00:00:00-04:00,4.445592296225295,4.556864422059344,4.445592296225295,4.542734622955322,5818000,0.0,0.0
2013-03-19 00:00:00-04:00,4.5533322340534506,4.5533322340534506,4.396137839715618,4.457955837249756,5177200,0.0,0.0
2013-03-20 00:00:00-04:00,4.484449489668836,4.507410625453796,4.422631824588579,4.495047092437744,7318400,0.0,0.0
2013-03-21 00:00:00-04:00,4.477384437387023,4.533903633916183,4.417332706854546,4.457955837249756,7572000,0.0,0.0
2013-03-22 00:00:00-04:00,4.475617726194449,4.555098048976024,4.429695799351867,4.532136917114258,4812800,0.0,0.0
2013-03-25 00:00:00-04:00,4.558630983177283,4.622215251688288,4.452657314619278,4.482683181762695,8667600,0.0,0.0
2013-03-26 00:00:00-04:00,4.526838835915316,4.6628383712259875,4.491514504418145,4.655773639678955,14184000,0.0,0.0
2013-03-27 00:00:00-04:00,4.641645038881898,4.710527789446228,4.616917629876399,4.671670913696289,12135200,0.0,0.0
2013-03-28 00:00:00-04:00,4.459722414961196,5.063771959492567,4.459722414961196,4.940135955810547,39372800,0.0,0.0
2013-04-01 00:00:00-04:00,4.945434063131317,5.311042884611856,4.933070531874442,5.256289958953857,28086000,0.0,0.0
2013-04-02 00:00:00-04:00,5.252758360060601,5.358732033364572,5.132654886108169,5.34106969833374,16349200,0.0,0.0
2013-04-03 00:00:00-04:00,5.346368437508866,5.406420173784207,5.298680234546503,5.342835903167725,18020400,0.0,0.0
2013-04-04 00:00:00-04:00,5.335770294850929,5.492964688323671,5.208602103360167,5.2792510986328125,17995200,0.0,0.0
2013-04-05 00:00:00-04:00,5.235096280789933,5.311044089316219,5.17681080815737,5.2916154861450195,11217200,0.0,0.0
2013-04-08 00:00:00-04:00,5.305746188086223,5.394057540056651,5.2686552450804855,5.344603061676025,11594000,0.0,0.0
2013-04-09 00:00:00-04:00,5.334004909507485,5.365796707966368,5.270420638827685,5.277485370635986,9748000,0.0,0.0
2013-04-10 00:00:00-04:00,5.296913785135353,5.341069452237396,5.210368718041069,5.2827839851379395,11600000,0.0,0.0
2013-04-11 00:00:00-04:00,5.2986803772600695,5.607770065933574,5.28455057639595,5.595406532287598,25042000,0.0,0.0
2013-04-12 00:00:00-04:00,5.572444163311761,5.710210280819777,5.501795174611069,5.655457019805908,11446800,0.0,0.0
2013-04-15 00:00:00-04:00,5.651925641118061,5.681951172680722,5.533588434531911,5.54241943359375,11366800,0.0,0.0
2013-04-16 00:00:00-04:00,5.568914380314751,5.710212755841127,5.52299243353476,5.70491361618042,11226800,0.0,0.0
2013-04-17 00:00:00-04:00,5.643095166112212,5.796756720096789,5.575978354237642,5.787925720214844,18656400,0.0,0.0
2013-04-18 00:00:00-04:00,5.76496480702222,5.874470692118548,5.740237736880674,5.772029876708984,18770400,0.0,0.0
2013-04-19 00:00:00-04:00,5.763196998829777,5.84267732250583,5.699612739888934,5.780858993530273,12038000,0.0,0.0
2013-04-22 00:00:00-04:00,5.7808597669442525,5.858573497290333,5.623665702288545,5.74376916885376,12639600,0.0,0.0
2013-04-23 00:00:00-04:00,5.782626658738454,5.867405461634593,5.742002850698813,5.8621063232421875,11824000,0.0,0.0
2013-04-24 00:00:00-04:00,5.860339876231681,6.102312730272514,5.830313673862308,6.045793533325195,12242400,0.0,0.0
2013-04-25 00:00:00-04:00,6.047561168670654,6.105846305692611,5.9733792889238755,6.047561168670654,11951200,0.0,0.0
2013-04-26 00:00:00-04:00,6.029897206924397,6.176494330893189,6.012235211301095,6.114675998687744,7236800,0.0,0.0
2013-04-29 00:00:00-04:00,6.121742474250643,6.234780889263732,6.066989197207761,6.105846405029297,9066000,0.0,0.0
2013-04-30 00:00:00-04:00,6.111144299754673,6.2559748396916515,6.084651302700077,6.1641316413879395,12765600,0.0,0.0
2013-05-01 00:00:00-04:00,6.172961526976265,6.210052120419815,6.063455676625916,6.135870933532715,7445200,0.0,0.0
2013-05-02 00:00:00-04:00,6.132340223939268,6.4184688029559025,6.112911619567143,6.413170337677002,8562800,0.0,0.0
2013-05-03 00:00:00-04:00,6.459091963601457,6.575662916458235,6.437897428653529,6.561533451080322,10840400,0.0,0.0
2013-05-06 00:00:00-04:00,6.533273319267075,6.616285521847491,6.47322158029291,6.568597316741943,8249600,0.0,0.0
2013-05-07 00:00:00-04:00,6.658676559381736,6.658676559381736,6.519144451380212,6.58626127243042,12170000,0.0,0.0
2013-05-08 00:00:00-04:00,6.623349121428164,6.812335295791961,6.5491679346738865,6.559764862060547,12584800,0.0,0.0
2013-05-09 00:00:00-04:00,6.554467802875251,6.625116471052113,6.460857997503932,6.5509352684021,13998400,0.0,0.0
2013-05-10 00:00:00-04:00,6.561533663585436,6.782312041582764,6.554468593786608,6.77877950668335,9331200,0.0,0.0
2013-05-13 00:00:00-04:00,6.757582742236642,6.819401078107585,6.743453279652588,6.759349346160889,11100800,0.0,0.0
2013-05-14 00:00:00-04:00,6.748752076494754,6.888284147859405,6.748752076494754,6.824699878692627,9750800,0.0,0.0
2013-05-15 00:00:00-04:00,6.8176345962788165,6.934205528173342,6.7876090666487405,6.8865180015563965,7657600,0.0,0.0
2013-05-16 00:00:00-04:00,6.852959363588331,6.863556966191633,6.679869230306423,6.720492362976074,9675600,0.0,0.0
2013-05-17 00:00:00-04:00,6.782310013149624,7.041944849865411,6.764647343935053,7.022516250610352,15209200,0.0,0.0
2013-05-20 00:00:00-04:00,7.022519450951803,7.029584521857365,6.842364859195695,6.8458967208862305,10988400,0.0,0.0
2013-05-21 00:00:00-04:00,6.902413655202683,6.935971716973901,6.314259892828576,6.496181011199951,34144800,0.0,0.0
2013-05-22 00:00:00-04:00,6.4272982650587,6.605687522733331,6.307194806553587,6.402571201324463,25998400,0.0,0.0
2013-05-23 00:00:00-04:00,6.354883820616859,6.499714361468647,6.146469008413155,6.360182285308838,33572800,0.0,0.0
2013-05-24 00:00:00-04:00,6.217118395355034,6.259507460734215,5.464705747254108,5.671354293823242,55468800,0.0,0.0
2013-05-28 00:00:00-04:00,5.7949899456074325,5.929222876043963,5.565380276427047,5.602470874786377,19694800,0.0,0.0
2013-05-29 00:00:00-04:00,5.572445197410384,5.669587532790769,5.558315397048128,5.620133399963379,8894400,0.0,0.0
2013-05-30 00:00:00-04:00,5.586574175056468,5.953949267254037,5.586574175056468,5.916858673095703,16263600,0.0,0.0
2013-05-31 00:00:00-04:00,5.828706572169626,6.028161055102798,5.809117165219851,5.905282974243164,13592000,0.06875,0.0
2013-06-03 00:00:00-04:00,5.908846203011168,6.16884951727697,5.90528443002056,6.126109600067139,19293600,0.0,0.0
2013-06-04 00:00:00-04:00,6.1154239054252715,6.418167797642105,6.102958040393286,6.320221424102783,26521200,0.0,0.0
2013-06-05 00:00:00-04:00,6.291727316569873,6.370084272002714,6.097615134863886,6.208027362823486,17047600,0.0,0.0
2013-06-06 00:00:00-04:00,6.218711285770384,6.370083539595592,6.051312076863141,6.165286064147949,16494400,0.0,0.0
2013-06-07 00:00:00-04:00,6.339810121721223,6.672828741063171,6.329125482801148,6.544607639312744,28413200,0.0,0.0
2013-06-10 00:00:00-04:00,6.544607272492676,6.5891284104007894,6.204465806048235,6.2311787605285645,17507200,0.0,0.0
2013-06-11 00:00:00-04:00,6.5196760303501025,6.8883110253837145,6.487620754317727,6.717350006103516,35602800,0.0,0.0
2013-06-12 00:00:00-04:00,6.770776702639281,6.804612532722548,6.492964476779425,6.516115665435791,14868800,0.0,0.0
2013-06-13 00:00:00-04:00,6.528579791125698,6.802830170211191,6.44666105846546,6.683513164520264,13186000,0.0,0.0
2013-06-14 00:00:00-04:00,6.881187604831318,7.082423357061786,6.872283512291291,6.947078704833984,24263600,0.0,0.0
2013-06-17 00:00:00-04:00,6.9488595836441895,7.011188907647908,6.7725555710728855,6.856255531311035,9991600,0.0,0.0
2013-06-18 00:00:00-04:00,6.818856112764005,6.852691925408918,6.754745579888591,6.849130153656006,6765600,0.0,0.0
2013-06-19 00:00:00-04:00,6.817076873952877,6.954202069379811,6.786802824237959,6.861598014831543,6960000,0.0,0.0
2013-06-20 00:00:00-04:00,7.180369732765022,7.367358393436657,7.053929852432067,7.2907819747924805,34425600,0.0,0.0
2013-06-21 00:00:00-04:00,7.374481071669773,7.395851027116901,7.2017388435140095,7.262287616729736,24414800,0.0,0.0
2013-06-24 00:00:00-04:00,7.176808991411757,7.251604874034129,7.077082053700346,7.1055755615234375,16722400,0.0,0.0
2013-06-25 00:00:00-04:00,7.1518761972361515,7.199959111938835,7.027216864229794,7.134068012237549,12790000,0.0,0.0
2013-06-26 00:00:00-04:00,7.139409661456696,7.233794255895969,7.032559202821243,7.191054344177246,10692800,0.0,0.0
2013-06-27 00:00:00-04:00,7.212423976730999,7.31393211168605,7.192834568346934,7.27831506729126,8042400,0.0,0.0
2013-06-28 00:00:00-04:00,7.322837343793417,7.6291430222346825,7.322837343793417,7.484894275665283,13968400,0.0,0.0
2013-07-01 00:00:00-04:00,7.479548735130949,7.540097490160308,7.41899998010159,7.516946315765381,7224400,0.0,0.0
2013-07-02 00:00:00-04:00,7.531196343196683,7.611334532530252,7.481332203534298,7.509825706481934,10888400,0.0,0.0
2013-07-03 00:00:00-04:00,7.506261830929388,7.614892803609136,7.495576516532396,7.5472211837768555,2504000,0.0,0.0
2013-07-05 00:00:00-04:00,7.588184749440519,7.659418180285912,7.419004247257124,7.655857086181641,4302400,0.0,0.0
2013-07-08 00:00:00-04:00,7.671881159256013,7.712840515795511,7.545440638512296,7.591742992401123,9387200,0.0,0.0
2013-07-09 00:00:00-04:00,7.60777477440235,7.700378853339852,7.524074790117924,7.602431774139404,6728800,0.0,0.0
2013-07-10 00:00:00-04:00,7.598868659856253,7.64695157770696,7.51516936967651,7.554347515106201,7175200,0.0,0.0
2013-07-11 00:00:00-04:00,7.655854525620567,7.70037565976055,7.522291123200616,7.586400985717773,8972000,0.0,0.0
2013-07-12 00:00:00-04:00,7.589961354639603,7.68968892123614,7.499138556695509,7.687907695770264,7475200,0.0,0.0
2013-07-15 00:00:00-04:00,7.687911342421062,7.7484601295503985,7.652294968271045,7.743117809295654,7650800,0.0,0.0
2013-07-16 00:00:00-04:00,7.723526702421901,7.821473068535962,7.5632510158730675,7.807226657867432,14174000,0.0,0.0
2013-07-17 00:00:00-04:00,7.819694236528016,7.8606536102715685,7.718186075655126,7.743117809295654,7836800,0.0,0.0
2013-07-18 00:00:00-04:00,7.746677140180197,7.83571940615928,7.74489659376959,7.7698283195495605,3755200,0.0,0.0
2013-07-19 00:00:00-04:00,7.812568081105859,7.915857433798034,7.714621726223028,7.739553451538086,6703200,0.0,0.0
2013-07-22 00:00:00-04:00,7.746680096138882,7.800105340244487,7.654076022664378,7.661199569702148,4352000,0.0,0.0
2013-07-23 00:00:00-04:00,7.679006856274098,7.72887100034451,7.5383205551613885,7.554347515106201,7554400,0.0,0.0
2013-07-24 00:00:00-04:00,7.614895325808069,7.910515661988835,7.6077724598559575,7.700376510620117,10179600,0.0,0.0
2013-07-25 00:00:00-04:00,7.679006956007621,7.91407854899386,7.627362943724273,7.908736228942871,7434800,0.0,0.0
2013-07-26 00:00:00-04:00,7.8464052100817865,8.16517602579262,7.812568712131017,8.156271934509277,10391600,0.0,0.0
2013-07-29 00:00:00-04:00,8.133123051263295,8.145589597788048,7.937230270336667,8.083259582519531,7770800,0.0,0.0
2013-07-30 00:00:00-04:00,8.093942467134863,8.414494502802473,8.092161241307824,8.3539457321167,10822800,0.0,0.0
2013-07-31 00:00:00-04:00,8.394906093765458,8.81874753900477,8.394906093765458,8.736828804016113,18825200,0.0,0.0
2013-08-01 00:00:00-04:00,8.818748447127406,9.146424100163568,8.772446076086682,8.900667190551758,16776400,0.0,0.0
2013-08-02 00:00:00-04:00,8.720799830823774,9.021762448150914,8.544495843589269,8.973679542541504,15702000,0.0,0.0
2013-08-05 00:00:00-04:00,8.961213900784669,9.10724316764601,8.877513950508561,8.95587158203125,10920400,0.0,0.0
2013-08-06 00:00:00-04:00,8.939844515068401,9.01998269816004,8.681621782590295,8.72436237335205,14586400,0.0,0.0
2013-08-07 00:00:00-04:00,8.656689249514898,8.708333927076586,8.402028313222253,8.526687622070312,14761600,0.0,0.0
2013-08-08 00:00:00-04:00,8.526687089172833,8.674496888927136,8.482165958748032,8.635318756103516,11133200,0.0,0.0
2013-08-09 00:00:00-04:00,8.58901753736362,8.804499674111899,8.567647582144762,8.720800399780273,6906000,0.0,0.0
2013-08-12 00:00:00-04:00,8.64600675668429,8.832995441355761,8.617513249299483,8.811625480651855,5619600,0.0,0.0
2013-08-13 00:00:00-04:00,8.832992613048706,8.84367792964864,8.681621030911831,8.768882751464844,6287600,0.0,0.0
2013-08-14 00:00:00-04:00,8.740389169021109,8.83833552589211,8.642442132811528,8.67093563079834,5108000,0.0,0.0
2013-08-15 00:00:00-04:00,8.585456261420234,8.629977400314973,8.432303434928142,8.492852210998535,5038800,0.0,0.0
2013-08-16 00:00:00-04:00,8.455455828501883,8.644225729016322,8.37709885738545,8.473264694213867,6299200,0.0,0.0
2013-08-19 00:00:00-04:00,8.49819640142763,8.587238691704655,8.471483442609019,8.494634628295898,6885600,0.0,0.0
2013-08-20 00:00:00-04:00,8.576552241017376,8.612169288297864,8.499975827132863,8.590799331665039,7826000,0.0,0.0
2013-08-21 00:00:00-04:00,8.54806001972075,8.66381527088998,8.425181901499224,8.480387687683105,6636000,0.0,0.0
2013-08-22 00:00:00-04:00,9.607663164389061,9.986983507537191,9.183821676530451,9.244370460510254,40547600,0.0,0.0
2013-08-23 00:00:00-04:00,9.367247004380717,9.406425822543714,9.046694952092379,9.192724227905273,9461200,0.0,0.0
2013-08-26 00:00:00-04:00,9.183818128176204,9.474096069748612,9.183818128176204,9.3280668258667,9117600,0.0,0.0
2013-08-27 00:00:00-04:00,9.271083034852722,9.274644807802602,8.786692783088784,8.792035102844238,10185200,0.0,0.0
2013-08-28 00:00:00-04:00,8.788470364193726,8.952308467906784,8.77956627449311,8.886417388916016,8990400,0.0,0.0
2013-08-29 00:00:00-04:00,8.928501268351553,9.21680636894528,8.89984986796913,9.071758270263672,5702000,0.06875,0.0
2013-08-30 00:00:00-04:00,9.150550073393937,9.150550073393937,8.894477866188168,8.99117660522461,8118800,0.0,0.0
2013-09-03 00:00:00-04:00,9.091457243617846,9.16845801876065,8.941037204164854,8.948200225830078,5745200,0.0,0.0
2013-09-04 00:00:00-04:00,8.92671159138946,9.021619925272962,8.844338887576392,8.889106750488281,7009600,0.0,0.0
2013-09-05 00:00:00-04:00,8.892685024792312,9.218594893520057,8.892685024792312,9.168455123901367,6313200,0.0,0.0
2013-09-06 00:00:00-04:00,9.17382828983241,9.227549576431391,8.85687181086423,8.883732795715332,7304800,0.0,0.0
2013-09-09 00:00:00-04:00,8.964316124103926,9.098619697988067,8.903431809952318,8.971478462219238,7003600,0.0,0.0
2013-09-10 00:00:00-04:00,9.000128800868776,9.075339148573544,8.971477402482012,9.01445484161377,4505600,0.0,0.0
2013-09-11 00:00:00-04:00,8.994758189689612,9.041317145801674,8.815686752865762,8.874780654907227,5350000,0.0,0.0
2013-09-12 00:00:00-04:00,8.890897892708296,8.92671163673704,8.763756642234087,8.855083465576172,4783200,0.0,0.0
2013-09-13 00:00:00-04:00,8.885523405924378,9.408412292049073,8.874779558228717,9.392295837402344,11580000,0.0,0.0
2013-09-16 00:00:00-04:00,9.469295090721372,9.540923235318289,9.329618945016598,9.333200454711914,7050000,0.0,0.0
2013-09-17 00:00:00-04:00,9.410205035121532,9.515857223270176,9.28664597431179,9.42273998260498,8488400,0.0,0.0
2013-09-18 00:00:00-04:00,9.394086085037051,9.426318993761114,9.01266447030768,9.200689315795898,8842400,0.0,0.0
2013-09-19 00:00:00-04:00,9.324247365887167,9.356480271230568,9.23650276597703,9.283061027526855,5529200,0.0,0.0
2013-09-20 00:00:00-04:00,9.286645125131813,9.286645125131813,8.803152093355816,8.85150146484375,14769200,0.0,0.0
2013-09-23 00:00:00-04:00,8.864034698580337,8.958942326254936,8.711824274977312,8.919547080993652,8452400,0.0,0.0
2013-09-24 00:00:00-04:00,8.948199062362393,9.195317129751619,8.933873020894653,9.141595840454102,7662000,0.0,0.0
2013-09-25 00:00:00-04:00,9.180991288456772,9.257992049537412,8.975058893361435,9.096827507019043,6532000,0.0,0.0
2013-09-26 00:00:00-04:00,9.084292268617883,9.157711517141223,8.880150976777536,9.030570983886719,5015200,0.0,0.0
2013-09-27 00:00:00-04:00,8.967896605006358,9.046687780054281,8.872988292515497,8.89089584350586,5275200,0.0,0.0
2013-09-30 00:00:00-04:00,8.819267005750858,8.94282603361985,8.783452586873356,8.89089584350586,7489200,0.0,0.0
2013-10-01 00:00:00-04:00,8.880151574388377,9.17203817464528,8.874779650484703,9.170247077941895,10804400,0.0,0.0
2013-10-02 00:00:00-04:00,9.11115499990258,9.129061870546142,8.921339028805514,9.01087474822998,5959600,0.0,0.0
2013-10-03 00:00:00-04:00,8.987595276185612,9.075340581848314,8.54707970025448,8.92133903503418,5899200,0.0,0.0
2013-10-04 00:00:00-04:00,8.908804264726143,9.114736696850596,8.84791994694961,9.078922271728516,5106800,0.0,0.0
2013-10-07 00:00:00-04:00,8.992966340266324,9.098618498450413,8.876569651670845,8.878360748291016,4756000,0.0,0.0
2013-10-08 00:00:00-04:00,8.899850659965887,9.08787553440181,8.751221037622033,8.831803321838379,7138400,0.0,0.0
2013-10-09 00:00:00-04:00,8.864036091520093,8.994758157968091,8.686755069124231,8.9571533203125,6132800,0.0,0.0
2013-10-10 00:00:00-04:00,9.071758261059635,9.460343604149227,9.053851392002514,9.29201602935791,12719200,0.0,0.0
2013-10-11 00:00:00-04:00,9.229341996989648,9.338575682501883,9.177411116483288,9.23292350769043,6244000,0.0,0.0
2013-10-14 00:00:00-04:00,9.148758852771595,9.288434341437293,9.09861907388714,9.272317886352539,4960000,0.0,0.0
2013-10-15 00:00:00-04:00,9.274110437474963,9.326041321236795,9.132643829890673,9.186365127563477,7324400,0.0,0.0
2013-10-16 00:00:00-04:00,9.218597736177303,9.306343043170383,9.138015450796585,9.25083065032959,7542800,0.0,0.0
2013-10-17 00:00:00-04:00,9.250828404433276,9.437062822521044,9.206060554879668,9.431690216064453,6847200,0.0,0.0
2013-10-18 00:00:00-04:00,9.49615677152451,9.669856259972605,9.317085359302794,9.648367881774902,6705600,0.0,0.0
2013-10-21 00:00:00-04:00,9.719997008160501,9.818486841207516,9.557042034078117,9.786253929138184,6783600,0.0,0.0
2013-10-22 00:00:00-04:00,9.802373151010379,9.899071231399413,9.705674387517858,9.805953979492188,7547600,0.0,0.0
2013-10-23 00:00:00-04:00,9.771927560089592,9.820276926576906,9.594647232739383,9.754020690917969,5396000,0.0,0.0
2013-10-24 00:00:00-04:00,9.777298793668432,9.863253672310563,9.761182339310936,9.81311321258545,4599200,0.0,0.0
2013-10-25 00:00:00-04:00,9.83639369671303,9.915184879933083,9.736113450075722,9.82744026184082,3676400,0.0,0.0
2013-10-28 00:00:00-04:00,9.827441349686149,9.85430165727607,9.703881612221059,9.743277549743652,4799600,0.0,0.0
2013-10-29 00:00:00-04:00,9.831020030552228,9.972485915916142,9.438853231462536,9.929509162902832,7617600,0.0,0.0
2013-10-30 00:00:00-04:00,9.99755745664118,10.027999269390849,9.831020985554824,9.888323783874512,5788000,0.0,0.0
2013-10-31 00:00:00-04:00,9.884742544350138,9.91339394429479,9.680601234356594,9.816695213317871,7030800,0.0,0.0
2013-11-01 00:00:00-04:00,9.865044566773747,9.915184345839915,9.800578746201099,9.857881546020508,9355600,0.0,0.0
2013-11-04 00:00:00-05:00,9.92950991076504,9.979649687424676,9.843555715161425,9.90264892578125,5709600,0.0,0.0
2013-11-05 00:00:00-05:00,9.913392913506975,10.162302052726588,9.768344832123597,10.128278732299805,10962800,0.0,0.0
2013-11-06 00:00:00-05:00,10.153351598330339,10.24467773948393,9.999350038291816,10.036954879760742,6945600,0.0,0.0
2013-11-07 00:00:00-05:00,10.019045112057588,10.085301339750476,9.605389926135803,9.637622833251953,9811600,0.0,0.0
2013-11-08 00:00:00-05:00,9.651947826447783,9.942043275924636,9.632249865001883,9.934880256652832,5989600,0.0,0.0
2013-11-11 00:00:00-05:00,9.882950065378823,9.988602215980075,9.677018370548016,9.916974067687988,6014000,0.0,0.0
2013-11-12 00:00:00-05:00,9.913394248298042,10.226769243660264,9.84892842566986,10.199908256530762,9398800,0.0,0.0
2013-11-13 00:00:00-05:00,10.124699240700625,10.316305624186933,10.124699240700625,10.312724113464355,7041600,0.0,0.0
2013-11-14 00:00:00-05:00,10.32883977824711,10.339584309591054,10.192745113636894,10.284071922302246,6816000,0.0,0.0
2013-11-15 00:00:00-05:00,10.29660423274175,10.305557665019167,9.959949850906717,10.122904777526855,11509600,0.0,0.0
2013-11-18 00:00:00-05:00,10.223188777003067,10.241095648182254,9.802371156362018,9.85609245300293,10570400,0.0,0.0
2013-11-19 00:00:00-05:00,9.899066208276292,9.908020324247651,9.488993244845485,9.52480697631836,12419200,0.0,0.0
2013-11-20 00:00:00-05:00,9.537344312531191,9.549879941416519,9.277691278672306,9.39050579071045,16545600,0.0,0.0
2013-11-21 00:00:00-05:00,8.987596746866181,8.998341280879993,8.35547468244423,8.738687515258789,58424000,0.0,0.0
2013-11-22 00:00:00-05:00,8.942826487566627,8.955361432344555,8.699289929664554,8.92850112915039,20955200,0.0,0.0
2013-11-25 00:00:00-05:00,9.08071257399206,9.08250367093299,8.731523128773938,8.756593704223633,22014000,0.0,0.0
2013-11-26 00:00:00-05:00,8.769130015845807,8.838967779143264,8.595430473108635,8.641988754272461,18137200,0.0,0.0
2013-11-27 00:00:00-05:00,8.649149771637353,8.701080649317023,8.538125678369626,8.554242134094238,14298800,0.0,0.0
2013-11-29 00:00:00-05:00,8.633035684603543,8.729734445482956,8.584686304163837,8.640198707580566,9180800,0.0,0.0
2013-12-02 00:00:00-05:00,8.73474656141232,8.75095539694518,8.424978009903834,8.459197044372559,16794000,0.06875,0.0
2013-12-03 00:00:00-05:00,8.421376274574278,8.446590553996062,8.089996159381224,8.275497436523438,32862800,0.0,0.0
2013-12-04 00:00:00-05:00,8.291707609028244,8.408770833626011,8.221469536865788,8.243081092834473,18393600,0.0,0.0
2013-12-05 00:00:00-05:00,8.221469094455067,8.309716677339516,8.117011986692646,8.12781810760498,17945200,0.0,0.0
2013-12-06 00:00:00-05:00,8.228671688044722,8.381755294501303,8.080991485028456,8.118812561035156,15780800,0.0,0.0
2013-12-09 00:00:00-05:00,8.120612147856455,8.304312038743669,8.104403313748207,8.208860397338867,17645600,0.0,0.0
2013-12-10 00:00:00-05:00,8.192653899901218,8.270095366040584,8.136823302711559,8.243081092834473,13598000,0.0,0.0
2013-12-11 00:00:00-05:00,8.24307839806901,8.363743623717747,8.109805691289523,8.142223358154297,11872800,0.0,0.0
2013-12-12 00:00:00-05:00,8.127817021327335,8.369148193297544,8.120612941681932,8.214263916015625,11870000,0.0,0.0
2013-12-13 00:00:00-05:00,8.284503044739807,8.608679113434533,8.284503044739807,8.516829490661621,19215600,0.0,0.0
2013-12-16 00:00:00-05:00,8.53303839333475,8.734747841853483,8.53303839333475,8.664509773254395,14051600,0.0,0.0
2013-12-17 00:00:00-05:00,8.653704490148016,8.850011240709557,8.612282053041142,8.821195602416992,11594800,0.0,0.0
2013-12-18 00:00:00-05:00,8.826597220985299,9.03190939115469,8.741951680487517,8.992287635803223,14142000,0.0,0.0
2013-12-19 00:00:00-05:00,8.94726225042348,9.093141772676278,8.864417394979652,8.981480598449707,9278400,0.0,0.0
2013-12-20 00:00:00-05:00,8.98868613462552,9.03190993278454,8.855413386735918,8.869821548461914,11484000,0.0,0.0
2013-12-23 00:00:00-05:00,8.886031381694504,9.105751063481026,8.832002143211321,9.098546981811523,7376000,0.0,0.0
2013-12-24 00:00:00-05:00,9.069728511267773,9.222811420359031,9.069728511267773,9.179588317871094,4603200,0.0,0.0
2013-12-26 00:00:00-05:00,9.197598174249377,9.284045069485227,9.03911185614089,9.06972885131836,6075200,0.0,0.0
2013-12-27 00:00:00-05:00,9.064328155270372,9.11475535030886,8.808588765391605,8.832001686096191,8428800,0.0,0.0
2013-12-30 00:00:00-05:00,8.822997332677817,8.893235410994247,8.675316407398842,8.873424530029297,7888400,0.0,0.0
2013-12-31 00:00:00-05:00,8.904038804766591,8.96707347402146,8.846407539002577,8.871621131896973,6984400,0.0,0.0
2014-01-02 00:00:00-05:00,8.851811257140097,8.961670389082323,8.664509293239776,8.94186019897461,11337200,0.0,0.0
2014-01-03 00:00:00-05:00,8.952664632704506,9.00489317802155,8.837402109948844,8.868019104003906,5271200,0.0,0.0
2014-01-06 00:00:00-05:00,8.868019299909035,8.878824732269317,8.641095602079334,8.675313949584961,11595600,0.0,0.0
2014-01-07 00:00:00-05:00,8.725743248262663,8.839205115753689,7.852268035480278,7.949521064758301,60224000,0.0,0.0
2014-01-08 00:00:00-05:00,7.909898486118583,8.217866380182986,7.855869260025859,8.167438507080078,29900800,0.0,0.0
2014-01-09 00:00:00-05:00,8.169241871636213,8.17824663035422,7.978337826526816,8.099003791809082,15887200,0.0,0.0
2014-01-10 00:00:00-05:00,8.014355354298804,8.210662063491597,8.014355354298804,8.198055267333984,8870000,0.0,0.0
2014-01-13 00:00:00-05:00,8.189049942304067,8.25568595836874,8.120612562902641,8.16203498840332,17146000,0.0,0.0
2014-01-14 00:00:00-05:00,6.9157594284259885,7.041827405048667,6.483524206517259,6.5393548011779785,94026800,0.0,0.0
2014-01-15 00:00:00-05:00,6.616797378302878,6.66902524898402,6.528549101946827,6.658219814300537,33702400,0.0,0.0
2014-01-16 00:00:00-05:00,6.616795599620431,6.946374322232325,6.575372487738863,6.798694133758545,34463600,0.0,0.0
2014-01-17 00:00:00-05:00,6.822106895066716,6.9157578614953685,6.660018551821203,6.780684471130371,25863200,0.0,0.0
2014-01-21 00:00:00-05:00,6.937371853801644,7.09405684941873,6.867133776008434,6.8815412521362305,24843200,0.0,0.0
2014-01-22 00:00:00-05:00,6.865330670178105,7.094055049457464,6.843719117960353,7.068841457366943,15303200,0.0,0.0
2014-01-23 00:00:00-05:00,7.095856222065183,7.115666410304341,6.8022965070087915,6.8887434005737305,19949200,0.0,0.0
2014-01-24 00:00:00-05:00,6.831114132740191,6.831114132740191,6.551962495280911,6.577176094055176,21522400,0.0,0.0
2014-01-27 00:00:00-05:00,6.591582223030063,6.757272632138104,6.512339402076852,6.721252918243408,15472400,0.0,0.0
2014-01-28 00:00:00-05:00,6.7158501121242535,6.76807866222465,6.44750396855444,6.492528438568115,18165200,0.0,0.0
2014-01-29 00:00:00-05:00,6.42949474847761,6.544757287044421,6.305226765882392,6.316032886505127,19112000,0.0,0.0
2014-01-30 00:00:00-05:00,6.393475575567141,6.440300728198436,6.2493973901412545,6.359257221221924,16910800,0.0,0.0
2014-01-31 00:00:00-05:00,6.30882880608997,6.380868236203688,6.2692077378444555,6.316032886505127,17035200,0.0,0.0
2014-02-03 00:00:00-05:00,6.298023409409776,6.325037680596607,5.961239861725433,6.092711925506592,26290000,0.0,0.0
2014-02-04 00:00:00-05:00,6.117926133454817,6.191766247998772,5.964842499972669,6.11432409286499,22790000,0.0,0.0
2014-02-05 00:00:00-05:00,6.063894754802343,6.303425243837195,6.042283203474459,6.260201454162598,17794800,0.0,0.0
2014-02-06 00:00:00-05:00,6.2295857586239025,6.415086357022361,6.224183042016226,6.366459846496582,10514400,0.0,0.0
2014-02-07 00:00:00-05:00,6.377266693841744,6.442102048601721,6.303426581369319,6.393475532531738,13534000,0.0,0.0
2014-02-10 00:00:00-05:00,6.393473873040751,6.6077900738525335,6.373662999004097,6.559163570404053,17729600,0.0,0.0
2014-02-11 00:00:00-05:00,6.562766745202146,6.591582379598575,6.431295370329758,6.438499450683594,23831200,0.0,0.0
2014-02-12 00:00:00-05:00,6.4583099651745295,6.623999681887102,6.424090928926458,6.57537317276001,13958800,0.0,0.0
2014-02-13 00:00:00-05:00,6.523145956012414,6.533951389985942,6.370062333537617,6.458310604095459,15523200,0.0,0.0
2014-02-14 00:00:00-05:00,6.429494569242072,6.434897285893366,6.307027953674116,6.413285732269287,13072400,0.0,0.0
2014-02-18 00:00:00-05:00,6.451106767488493,6.566369314359652,6.362859180611063,6.508738040924072,10734000,0.0,0.0
2014-02-19 00:00:00-05:00,6.503335028516744,6.503335028516744,6.34845073055742,6.411484718322754,14306800,0.0,0.0
2014-02-20 00:00:00-05:00,6.413285104312283,6.445702775083677,6.368260637909663,6.41868782043457,8972800,0.0,0.0
2014-02-21 00:00:00-05:00,6.406081815963983,6.431295410340353,6.362858707609897,6.404281139373779,10791600,0.0,0.0
2014-02-24 00:00:00-05:00,6.411484255139722,6.550159705224107,6.375465228743895,6.492528438568115,11340800,0.0,0.0
2014-02-25 00:00:00-05:00,6.530348867938208,7.0238173645569315,6.5141400311546285,6.928365707397461,27935600,0.0,0.0
2014-02-26 00:00:00-05:00,6.903153376111039,6.9499785314811335,6.769880617410121,6.856327533721924,13794400,0.0,0.0
2014-02-27 00:00:00-05:00,6.780686209091976,6.823909320356793,6.647413460817695,6.708646774291992,11474800,0.0,0.0
2014-02-28 00:00:00-05:00,6.7338598547795225,6.796894527157918,6.647412951849842,6.719452381134033,8571200,0.0,0.0
2014-03-03 00:00:00-05:00,6.672627094396771,6.784287600647285,6.633006023351152,6.697840690612793,6933200,0.0,0.0
2014-03-04 00:00:00-05:00,6.753671397317026,6.813104035382527,6.703244204063133,6.726656436920166,6133200,0.0,0.0
2014-03-05 00:00:00-05:00,6.795092287867878,7.022015979955717,6.753669861824282,6.978792190551758,15731200,0.0,0.0
2014-03-06 00:00:00-05:00,6.984195897996839,7.085050962909831,6.917559871599841,6.967987060546875,11832800,0.0,0.0
2014-03-07 00:00:00-05:00,7.022017970243733,7.056236326582224,6.919361527190222,6.937371730804443,8106400,0.0,0.0
2014-03-10 00:00:00-04:00,6.937372080819728,7.020216960567907,6.85632787801431,6.93557071685791,9502000,0.0,0.0
2014-03-11 00:00:00-04:00,6.926563855227424,6.987797157976979,6.892345507551056,6.931967258453369,8839200,0.0,0.0
2014-03-12 00:00:00-04:00,6.840117764207691,6.944574869939308,6.840117764207691,6.9337687492370605,8959200,0.0,0.0
2014-03-13 00:00:00-04:00,6.955567660222423,6.986448666697759,6.726682052987511,6.743031024932861,12641200,0.0825,0.0
2014-03-14 00:00:00-04:00,6.699434167519095,7.111790951320107,6.6776350764842825,7.080909252166748,16728400,0.0,0.0
2014-03-17 00:00:00-04:00,7.088176158352652,7.238949404944301,7.062744576490829,7.2207841873168945,11348800,0.0,0.0
2014-03-18 00:00:00-04:00,6.881089705468934,7.0245965894338305,6.784812110680936,6.973733425140381,30610000,0.0,0.0
2014-03-19 00:00:00-04:00,6.980999208540436,7.0082477259779825,6.77209575607547,6.832042217254639,11680800,0.0,0.0
2014-03-20 00:00:00-04:00,6.799344555410142,7.0227800516023535,6.799344555410142,6.982815742492676,8980000,0.0,0.0
2014-03-21 00:00:00-04:00,7.0245951110155005,7.060926231989592,6.859289168893954,6.8701887130737305,11760000,0.0,0.0
2014-03-24 00:00:00-04:00,6.901070333473427,7.004613576701814,6.833857517865992,6.922868728637695,12948000,0.0,0.0
2014-03-25 00:00:00-04:00,6.980998452991318,7.002796848806978,6.861106236567424,6.864739418029785,12698400,0.0,0.0
2014-03-26 00:00:00-04:00,6.921052662329987,7.084542379029482,6.908336872470979,7.06637716293335,22553600,0.0,0.0
2014-03-27 00:00:00-04:00,6.743030414700392,6.857473207960975,6.40696909096386,6.7811784744262695,42473200,0.0,0.0
2014-03-28 00:00:00-04:00,6.788444740411298,7.38427339960714,6.788444740411298,7.378823280334473,29237200,0.0,0.0
2014-03-31 00:00:00-04:00,7.396988400268622,7.551394801664383,7.307977186538888,7.46601676940918,16544000,0.0,0.0
2014-04-01 00:00:00-04:00,7.4569345874435164,7.758481737440606,7.436952434673342,7.734867095947266,17088400,0.0,0.0
2014-04-02 00:00:00-04:00,7.738499720837541,7.891089889361931,7.70761871543738,7.878374099731445,18085600,0.0,0.0
2014-04-03 00:00:00-04:00,7.903806925440591,8.07637927430181,7.883825462126252,8.063663482666016,21476000,0.0,0.0
2014-04-04 00:00:00-04:00,8.254401404496415,8.261667769445554,7.696720714385972,7.782098770141602,27134000,0.0,0.0
2014-04-07 00:00:00-04:00,7.753034186896669,7.941955522295758,7.64585772671437,7.9056243896484375,16592400,0.0,0.0
2014-04-08 00:00:00-04:00,7.914705933912509,8.010982833450006,7.885641170299757,7.945587635040283,15609600,0.0,0.0
2014-04-09 00:00:00-04:00,7.954668803469255,7.954668803469255,7.774830134767844,7.8438591957092285,13522800,0.0,0.0
2014-04-10 00:00:00-04:00,7.843860022118021,7.9019895449429844,7.473283794389948,7.485999584197998,23130400,0.0,0.0
2014-04-11 00:00:00-04:00,7.398804101526415,7.485998371640417,7.3116098314124125,7.36065673828125,13264400,0.0,0.0
2014-04-14 00:00:00-04:00,7.422420951732019,7.560478401089965,7.395172433576263,7.478733539581299,13408800,0.0,0.0
2014-04-15 00:00:00-04:00,7.502348764657529,7.604075778912443,7.40425493230014,7.529597282409668,14148800,0.0,0.0
2014-04-16 00:00:00-04:00,7.600442519474001,7.633140463259541,7.380640214105659,7.400622367858887,8252000,0.0,0.0
2014-04-17 00:00:00-04:00,7.3751904806709465,7.555029180899731,7.2898131278386815,7.533230781555176,9644000,0.0,0.0
2014-04-21 00:00:00-04:00,7.524147005285514,7.613158227511619,7.406071714405937,7.4424028396606445,7421200,0.0,0.0
2014-04-22 00:00:00-04:00,7.422420631697314,7.778464132073868,7.422420631697314,7.678554058074951,11579600,0.0,0.0
2014-04-23 00:00:00-04:00,7.698536273121768,7.753032614561388,7.2443989395273025,7.249848365783691,14692800,0.0,0.0
2014-04-24 00:00:00-04:00,7.307977835880606,7.373373722315818,7.169920392374048,7.304344654083252,8976800,0.0,0.0
2014-04-25 00:00:00-04:00,7.211700838618232,7.2607477527306195,7.079092823258918,7.151754379272461,6581200,0.0,0.0
2014-04-28 00:00:00-04:00,7.195352933016484,7.353392551037149,7.122690673281712,7.327960968017578,7139200,0.0,0.0
2014-04-29 00:00:00-04:00,7.322510140025327,7.355208081353868,7.1989847378860645,7.329775810241699,7624000,0.0,0.0
2014-04-30 00:00:00-04:00,7.2934449704184825,7.317059609972067,7.097257333472281,7.208066940307617,8044800,0.0,0.0
2014-05-01 00:00:00-04:00,7.244398109236964,7.298894444430685,7.12632213885182,7.131771564483643,8942000,0.0,0.0
2014-05-02 00:00:00-04:00,7.146305606961804,7.3552090721505925,7.131772878654336,7.251665115356445,7522800,0.0,0.0
2014-05-05 00:00:00-04:00,7.1517552503392965,7.171737405888333,6.924686560843242,6.930136680603027,11861600,0.0,0.0
2014-05-06 00:00:00-04:00,6.962834181560548,6.968283608012809,6.833858647535341,6.841125011444092,9692000,0.0,0.0
2014-05-07 00:00:00-04:00,6.882904294798622,6.902886445382295,6.479630180716418,6.510511875152588,22162400,0.0,0.0
2014-05-08 00:00:00-04:00,6.499613966692285,6.683085856435083,6.4832649932791515,6.543211460113525,11555200,0.0,0.0
2014-05-09 00:00:00-04:00,6.54139513603427,6.681269545474258,6.495981393733963,6.641305923461914,7016400,0.0,0.0
2014-05-12 00:00:00-04:00,6.646754658063609,6.775729506444575,6.639488293742773,6.688535213470459,7760800,0.0,0.0
2014-05-13 00:00:00-04:00,6.7103329998810715,6.902887479024203,6.69580096552685,6.875638961791992,10346400,0.0,0.0
2014-05-14 00:00:00-04:00,6.839308232909493,6.846573903292312,6.608606394010188,6.623138427734375,8714400,0.0,0.0
2014-05-15 00:00:00-04:00,6.565008557539891,6.579541283449215,6.376087278469755,6.515961647033691,9629600,0.0,0.0
2014-05-16 00:00:00-04:00,6.437849902238135,6.581357450597993,6.434216720803373,6.579541206359863,7777600,0.0,0.0
2014-05-19 00:00:00-04:00,6.595889982095828,6.752112621439027,6.497796165121495,6.7175984382629395,14664400,0.0,0.0
2014-05-20 00:00:00-04:00,6.699433506775127,6.752112905850534,6.588623896965335,6.6176886558532715,13653200,0.0,0.0
2014-05-21 00:00:00-04:00,6.6213228132760005,6.777546175184454,6.6213228132760005,6.710333347320557,10674800,0.0,0.0
2014-05-22 00:00:00-04:00,6.68490107699133,6.80116011769332,6.548659883738958,6.69943380355835,16339200,0.0,0.0
2014-05-23 00:00:00-04:00,7.000981624231166,7.180819628580725,6.9065209713273275,6.98099946975708,24071600,0.0,0.0
2014-05-27 00:00:00-04:00,7.030046840244357,7.093625796796772,6.750298045496423,6.773913383483887,12504400,0.0,0.0
2014-05-28 00:00:00-04:00,6.773913054186719,6.951934816838043,6.681268644332705,6.941035270690918,11018400,0.0,0.0
2014-05-29 00:00:00-04:00,6.957384085540593,7.011880429122232,6.853840824847897,6.9337687492370605,9859200,0.0,0.0
2014-05-30 00:00:00-04:00,6.933768485126036,6.959200757923436,6.85747374560957,6.875638961791992,9635600,0.0,0.0
2014-06-02 00:00:00-04:00,6.904961780092259,6.936114403493162,6.696053814298806,6.699718952178955,8949200,0.0825,0.0
2014-06-03 00:00:00-04:00,6.67955940718852,6.732702844852683,6.576937668842557,6.701549530029297,11521600,0.0,0.0
2014-06-04 00:00:00-04:00,6.6850574841569435,6.937946370788294,6.650239727649303,6.827994346618652,7606400,0.0,0.0
2014-06-05 00:00:00-04:00,6.826161570292272,6.838989200540359,6.672229308261799,6.72353982925415,6580400,0.0,0.0
2014-06-06 00:00:00-04:00,6.72720347280741,6.864642936997962,6.723538336542604,6.831657409667969,7308000,0.0,0.0
2014-06-09 00:00:00-04:00,6.835323465487663,6.8939642555069724,6.685056353681513,6.692386627197266,7674000,0.0,0.0
2014-06-10 00:00:00-04:00,6.696052775607845,6.8481521292457215,6.653904745104494,6.833492279052734,8293200,0.0,0.0
2014-06-11 00:00:00-04:00,6.842652786162997,7.159679731513014,6.833490295070862,6.915954113006592,13596800,0.0,0.0
2014-06-12 00:00:00-04:00,6.881135823201282,6.89029831449983,6.63007992654402,6.652070045471191,10489600,0.0,0.0
2014-06-13 00:00:00-04:00,6.657567221654389,6.798671106963883,6.611754072149099,6.7785139083862305,7460400,0.0,0.0
2014-06-16 00:00:00-04:00,6.752859789434579,6.915955233124075,6.741865077964604,6.912290096282959,7273600,0.0,0.0
2014-06-17 00:00:00-04:00,7.139521083470633,7.392409865620205,7.029569803781178,7.383247375488281,20228400,0.0,0.0
2014-06-18 00:00:00-04:00,7.3887470525352,7.3887470525352,7.227484519115614,7.330106258392334,11353600,0.0,0.0
2014-06-19 00:00:00-04:00,7.350264975564771,7.407072857957427,7.273298487829564,7.322776794433594,9364800,0.0,0.0
2014-06-20 00:00:00-04:00,7.330105217547112,7.40707098678577,7.309947316350328,7.3502631187438965,11714800,0.0,0.0
2014-06-23 00:00:00-04:00,7.346597106031606,7.4327260557623775,7.297118817827963,7.403405666351318,6448000,0.0,0.0
2014-06-24 00:00:00-04:00,7.392409451894516,7.465710766953875,7.330103543810004,7.37408447265625,7699200,0.0,0.0
2014-06-25 00:00:00-04:00,7.357593260497551,7.418066263955943,7.297119557985863,7.368587970733643,8234800,0.0,0.0
2014-06-26 00:00:00-04:00,7.374087285126529,7.441890573032003,7.2769629007717525,7.434560298919678,7635600,0.0,0.0
2014-06-27 00:00:00-04:00,7.408904263885309,7.511525993567222,7.375918732882313,7.3942437171936035,11698400,0.0,0.0
2014-06-30 00:00:00-04:00,7.408904219953229,7.4748752815680355,7.381416044595946,7.416234493255615,6017600,0.0,0.0
2014-07-01 00:00:00-04:00,7.4235627368115615,7.491366704124596,7.381414721457986,7.4217305183410645,6431600,0.0,0.0
2014-07-02 00:00:00-04:00,7.440055613115432,7.551839815963194,7.42356285041571,7.4895339012146,6895200,0.0,0.0
2014-07-03 00:00:00-04:00,7.504195195379089,7.663624784707525,7.487702431031092,7.652629375457764,4632400,0.0,0.0
2014-07-07 00:00:00-04:00,7.614147806650377,7.663626108239421,7.595822820455951,7.621478080749512,5614000,0.0,0.0
2014-07-08 00:00:00-04:00,7.597653548314059,7.639801567531863,7.513357509878453,7.63063907623291,10330000,0.0,0.0
2014-07-09 00:00:00-04:00,7.6379689318656325,7.85420707017019,7.5921557788189595,7.6581268310546875,10606400,0.0,0.0
2014-07-10 00:00:00-04:00,7.522520015290849,7.705772637826818,7.469376586982631,7.656294345855713,8253200,0.0,0.0
2014-07-11 00:00:00-04:00,7.625143434824357,7.656296052052222,7.484038800140267,7.557340145111084,7210400,0.0,0.0
2014-07-14 00:00:00-04:00,7.667289754867051,7.70943777416393,7.597653562568465,7.656294345855713,5525600,0.0,0.0
2014-07-15 00:00:00-04:00,7.639802499688837,7.685615660826689,7.489535387080955,7.51702356338501,7142000,0.0,0.0
2014-07-16 00:00:00-04:00,7.562838300205097,7.645302147244861,7.5225224863071,7.612316608428955,5677600,0.0,0.0
2014-07-17 00:00:00-04:00,7.630640578348098,7.700276784224137,7.535349112163363,7.5591721534729,9124000,0.0,0.0
2014-07-18 00:00:00-04:00,7.645300933250343,7.947667392312142,7.6049851257540775,7.8487114906311035,15965200,0.0,0.0
2014-07-21 00:00:00-04:00,7.801063569622908,7.923843182111481,7.769910961397188,7.852374076843262,10919200,0.0,0.0
2014-07-22 00:00:00-04:00,7.865202965149528,8.12358985837448,7.790069410789085,8.079608917236328,10909600,0.0,0.0
2014-07-23 00:00:00-04:00,8.158406253596054,8.372811471028049,8.079607575637313,8.195056915283203,16192400,0.0,0.0
2014-07-24 00:00:00-04:00,8.204219971029275,8.466271276420017,8.204219971029275,8.447945594787598,17061600,0.0,0.0
2014-07-25 00:00:00-04:00,8.403965792350267,8.444281594976902,8.352655279227864,8.370980262756348,5972800,0.0,0.0
2014-07-28 00:00:00-04:00,8.403968622881553,8.53041272954353,8.403968622881553,8.444284439086914,6551600,0.0,0.0
2014-07-29 00:00:00-04:00,8.440617672660387,8.537741357628747,7.674621506884078,7.958662986755371,50204800,0.0,0.0
2014-07-30 00:00:00-04:00,8.041125303747268,8.154741734424556,7.896355563610539,7.905518054962158,21596000,0.0,0.0
2014-07-31 00:00:00-04:00,7.870701462043608,7.8871942285156615,7.6856158939624155,7.6911139488220215,9102800,0.0,0.0
2014-08-01 00:00:00-04:00,7.694778355278465,7.799232300001643,7.524353350929423,7.55367374420166,9872000,0.0,0.0
2014-08-04 00:00:00-04:00,7.577496529149587,7.718601148531846,7.571999173541629,7.6398024559021,10934000,0.0,0.0
2014-08-05 00:00:00-04:00,7.6049851274808455,7.700276591277857,7.540846978316221,7.5738325119018555,6903200,0.0,0.0
2014-08-06 00:00:00-04:00,7.518854850645427,7.663624589676575,7.489534459112194,7.604983806610107,6443600,0.0,0.0
2014-08-07 00:00:00-04:00,7.648964173662994,7.687447053611272,7.485868765164303,7.4895339012146,4842000,0.0,0.0
2014-08-08 00:00:00-04:00,7.50236140979987,7.50236140979987,7.379582499786606,7.458381175994873,7065200,0.0,0.0
2014-08-11 00:00:00-04:00,7.511525291239974,7.643466703862099,7.458381863031462,7.63063907623291,5984000,0.0,0.0
2014-08-12 00:00:00-04:00,7.626975276404896,7.628808194417841,7.441890403141173,7.500531196594238,6754400,0.0,0.0
2014-08-13 00:00:00-04:00,7.55184195555097,7.581162353207175,7.407072186287594,7.57566499710083,5554000,0.0,0.0
2014-08-14 00:00:00-04:00,7.603152277323245,7.678285831130052,7.474875290589997,7.6654582023620605,8917600,0.0,0.0
2014-08-15 00:00:00-04:00,7.672788206666159,7.6764533435272,7.220154639654871,7.264134883880615,17036400,0.0,0.0
2014-08-18 00:00:00-04:00,7.341101563633506,7.465713424154446,7.320943659864913,7.449220657348633,10640800,0.0,0.0
2014-08-19 00:00:00-04:00,7.476706794866482,7.566500886714427,7.465712085003698,7.491367340087891,8368000,0.0,0.0
2014-08-20 00:00:00-04:00,7.487703540977877,7.582995004774888,7.341101557849167,7.5738325119018555,9188000,0.0,0.0
2014-08-21 00:00:00-04:00,7.636136438068593,7.647131847069191,7.386913458867893,7.419898986816406,19876000,0.0,0.0
2014-08-22 00:00:00-04:00,8.004474272395251,8.154741360644667,7.766246012906169,7.861537456512451,34313200,0.0,0.0
2014-08-25 00:00:00-04:00,7.98614921852106,7.98614921852106,7.674619636281354,7.771743297576904,13844400,0.0,0.0
2014-08-26 00:00:00-04:00,7.777241444863403,7.870700678586476,7.678285554934633,7.837715148925781,9614800,0.0,0.0
2014-08-27 00:00:00-04:00,7.874367070380967,7.900022331083868,7.801065726326887,7.878032207489014,4411200,0.0,0.0
2014-08-28 00:00:00-04:00,7.834048326768732,7.91651213317693,7.742422030549214,7.911014080047607,7231600,0.0,0.0
2014-08-29 00:00:00-04:00,7.929481114589545,7.936867852232407,7.776210182909559,7.792829990386963,7246400,0.0825,0.0
2014-09-02 00:00:00-04:00,7.809450931350668,8.115993543641192,7.798370823278175,8.079060554504395,12292800,0.0,0.0
2014-09-03 00:00:00-04:00,8.125228373566575,8.140001854194367,8.018122752330072,8.038435935974121,6695600,0.0,0.0
2014-09-04 00:00:00-04:00,8.05136107333158,8.215712848684568,8.040281669096203,8.2064790725708,9081200,0.0,0.0
2014-09-05 00:00:00-04:00,8.182471179180322,8.35605527832575,8.082752339390423,8.354208946228027,11084800,0.0,0.0
2014-09-08 00:00:00-04:00,8.328355984252868,8.385602145665851,8.160311573359758,8.176931381225586,7970000,0.0,0.0
2014-09-09 00:00:00-04:00,8.152925439664015,8.17693128061187,7.951641415515964,7.970107555389404,10428400,0.0,0.0
2014-09-10 00:00:00-04:00,8.019966765184698,8.043973309932488,7.894395044956658,7.966413974761963,8990400,0.0,0.0
2014-09-11 00:00:00-04:00,7.951642420061207,8.123380219444849,7.93686894274563,8.117839813232422,7767600,0.0,0.0
2014-09-12 00:00:00-04:00,8.130767963713843,8.1990942540114,8.027356418508147,8.05320930480957,6821600,0.0,0.0
2014-09-15 00:00:00-04:00,8.047669502776534,8.084601794501912,7.975649843260102,8.03474235534668,4722400,0.0,0.0
2014-09-16 00:00:00-04:00,8.023660826999013,8.392989282055924,7.994114578771986,8.282190322875977,10979200,0.0,0.0
2014-09-17 00:00:00-04:00,8.282192491461899,8.302505674518875,8.115995065832498,8.128921508789062,8987600,0.0,0.0
2014-09-18 00:00:00-04:00,8.125227120246798,8.197246066102506,8.036588363467601,8.167699813842773,7438400,0.0,0.0
2014-09-19 00:00:00-04:00,8.186166693442216,8.204632837011642,7.9904223311904845,8.010735511779785,9978400,0.0,0.0
2014-09-22 00:00:00-04:00,8.001502439995074,8.025508285747682,7.944256267828698,8.010735511779785,5281200,0.0,0.0
2014-09-23 00:00:00-04:00,8.00519315827332,8.00519315827332,7.826069355010986,7.826069355010986,5280000,0.0,0.0
2014-09-24 00:00:00-04:00,7.82052786471839,7.992265611185328,7.776208855303798,7.971952438354492,8474800,0.0,0.0
2014-09-25 00:00:00-04:00,8.001500461772343,8.066132652724443,7.766976833343506,7.766976833343506,8304000,0.0,0.0
2014-09-26 00:00:00-04:00,7.766979483687723,7.870391024498439,7.6949598263453165,7.763286113739014,6391200,0.0,0.0
2014-09-29 00:00:00-04:00,7.707884343205001,7.82422228691878,7.6487911486284474,7.766976833343506,5400000,0.0,0.0
2014-09-30 00:00:00-04:00,7.755896970954506,7.781749848147597,7.606318704345536,7.608165740966797,8336000,0.0,0.0
2014-10-01 00:00:00-04:00,7.5933924600793485,7.5970858289783205,7.438274488512951,7.4567413330078125,9305600,0.0,0.0
2014-10-02 00:00:00-04:00,7.445662417410736,7.593393674812099,7.314550970494413,7.549074649810791,10038000,0.0,0.0
2014-10-03 00:00:00-04:00,7.595240104322839,7.6617193409461155,7.467821332648842,7.471514701843262,7416400,0.0,0.0
2014-10-06 00:00:00-04:00,7.478902993968324,7.495522806576896,7.303471795197458,7.305318832397461,9934400,0.0,0.0
2014-10-07 00:00:00-04:00,7.283157242165367,7.392109170000607,7.201905231611589,7.203751564025879,10106400,0.0,0.0
2014-10-08 00:00:00-04:00,7.229605682540803,7.336710581429459,7.1280397813038725,7.3200907707214355,10581600,0.0,0.0
2014-10-09 00:00:00-04:00,7.3053177614151386,7.360716893842597,7.035707429241979,7.072640419006348,9502400,0.0,0.0
2014-10-10 00:00:00-04:00,7.056020362862541,7.288697697160237,7.052326993571036,7.074487209320068,12431200,0.0,0.0
2014-10-13 00:00:00-04:00,7.041248958491594,7.089261359735299,6.851044277425652,6.869511127471924,9831200,0.0,0.0
2014-10-14 00:00:00-04:00,6.886130940294418,6.934143341538122,6.808571578976679,6.869511127471924,12075200,0.0,0.0
2014-10-15 00:00:00-04:00,6.732856834435543,7.166818144597729,6.614671854379848,7.102185249328613,14822800,0.0,0.0
2014-10-16 00:00:00-04:00,6.976615258779406,7.416116378531243,6.9322962325075865,7.244378566741943,15447600,0.0,0.0
2014-10-17 00:00:00-04:00,7.3219374978980625,7.4530489410257665,7.275771437266771,7.360716819763184,16314400,0.0,0.0
2014-10-20 00:00:00-04:00,7.331170153389065,7.573079846537997,7.297930535264486,7.508447647094727,12018000,0.0,0.0
2014-10-21 00:00:00-04:00,7.541687192166032,7.604473058633374,7.48259469483655,7.517680644989014,9868400,0.0,0.0
2014-10-22 00:00:00-04:00,7.536149322553237,7.602627869879801,7.489983253765223,7.497369289398193,6621200,0.0,0.0
2014-10-23 00:00:00-04:00,7.543534170138408,7.691266130544067,7.523221694798916,7.619246482849121,5678800,0.0,0.0
2014-10-24 00:00:00-04:00,7.630326918483732,7.827917613897249,7.582314522399328,7.761438369750977,7592800,0.0,0.0
2014-10-27 00:00:00-04:00,7.755898752591298,7.83899780868528,7.676493066150186,7.720812797546387,8297200,0.0,0.0
2014-10-28 00:00:00-04:00,7.60631893671952,7.624785781305942,7.259150711751887,7.576772689819336,16464800,0.0,0.0
2014-10-29 00:00:00-04:00,7.576772940278022,7.724504884100476,7.53799362202178,7.669105052947998,6072400,0.0,0.0
2014-10-30 00:00:00-04:00,7.641407668627958,7.820531531012624,7.641407668627958,7.770672798156738,5934800,0.0,0.0
2014-10-31 00:00:00-04:00,7.855617439028257,8.104913897131912,7.8537704020252335,7.896243095397949,11985200,0.0,0.0
2014-11-03 00:00:00-05:00,7.896244601476659,7.9664172277732614,7.826072679618408,7.887011528015137,6033600,0.0,0.0
2014-11-04 00:00:00-05:00,7.853771160162979,7.905477634665688,7.778058837809376,7.890704154968262,5909600,0.0,0.0
2014-11-05 00:00:00-05:00,8.036589610529886,8.09752845707993,7.887011289007964,7.947950839996338,5540000,0.0,0.0
2014-11-06 00:00:00-05:00,7.949795708204879,8.280344880054614,7.949795708204879,8.260031700134277,12739600,0.0,0.0
2014-11-07 00:00:00-05:00,8.248949695227607,8.269262870477862,8.05874578958983,8.067978858947754,9416400,0.0,0.0
2014-11-10 00:00:00-05:00,8.066135586992019,8.127074431423802,7.826072170420246,7.892551422119141,15391600,0.0,0.0
2014-11-11 00:00:00-05:00,7.916555453917168,7.979341321175504,7.822377005248735,7.848229885101318,7190000,0.0,0.0
2014-11-12 00:00:00-05:00,7.850076358124873,8.067980212841055,7.850076358124873,8.016274452209473,9143200,0.0,0.0
2014-11-13 00:00:00-05:00,8.152927184675201,8.254492384593782,8.10676112067237,8.210172653198242,12180400,0.0,0.0
2014-11-14 00:00:00-05:00,8.042128767480055,8.21571363103848,7.922097415391266,8.19909381866455,11161200,0.0,0.0
2014-11-17 00:00:00-05:00,8.191706068741615,8.25449194058575,8.088293837340041,8.143692970275879,8082800,0.0,0.0
2014-11-18 00:00:00-05:00,8.143694284551577,8.199094130866353,8.040282740899054,8.128921508789062,8024400,0.0,0.0
2014-11-19 00:00:00-05:00,8.195400883905723,8.210173659890113,8.001503532206723,8.05320930480957,15128400,0.0,0.0
2014-11-20 00:00:00-05:00,8.156618302653131,8.2544908187916,7.990420926432018,8.101219177246094,23846000,0.0,0.0
2014-11-21 00:00:00-05:00,7.332777139185149,7.433251800028822,6.904830377171438,7.044378280639648,75044400,0.0825,0.0
2014-11-24 00:00:00-05:00,7.0201889758434,7.113220900850247,6.862034987242664,7.025770664215088,31472800,0.0,0.0
2014-11-25 00:00:00-05:00,7.090894046268218,7.1206642364347905,6.893666092803852,6.958788871765137,20687200,0.0,0.0
2014-11-26 00:00:00-05:00,6.97925632947541,7.016469250112726,6.897388471895254,6.921576976776123,10280000,0.0,0.0
2014-11-28 00:00:00-05:00,6.9234355011576945,7.066704746961393,6.9234355011576945,7.035074234008789,7681600,0.0,0.0
2014-12-01 00:00:00-05:00,6.999722684227906,7.009025735896793,6.629455975453844,6.666668891906738,27137200,0.0,0.0
2014-12-02 00:00:00-05:00,6.698300173518274,6.837848093799905,6.5680553059666,6.612710952758789,14692400,0.0,0.0
2014-12-03 00:00:00-05:00,6.597824370670663,6.8304041979766845,6.540145027756245,6.811798095703125,18127200,0.0,0.0
2014-12-04 00:00:00-05:00,6.813658622330509,6.910411918507487,6.724348051192682,6.897387504577637,12595600,0.0,0.0
2014-12-05 00:00:00-05:00,6.88994436495146,6.973673242160389,6.806216197519814,6.9625091552734375,11269200,0.0,0.0
2014-12-08 00:00:00-05:00,6.902968356110993,6.902968356110993,6.4694399669404135,6.547586441040039,18082800,0.0,0.0
2014-12-09 00:00:00-05:00,6.441531034914216,6.633177305276888,6.32617163328029,6.618291854858398,20448400,0.0,0.0
2014-12-10 00:00:00-05:00,6.463858027707031,6.497348865465391,6.199647009346106,6.201508045196533,21374000,0.0,0.0
2014-12-11 00:00:00-05:00,6.261049536731995,6.5103751520110595,6.23872136119488,6.3094258308410645,20112000,0.0,0.0
2014-12-12 00:00:00-05:00,6.272212929867427,6.326171622879728,6.002420174583265,6.009862899780273,23647600,0.0,0.0
2014-12-15 00:00:00-05:00,6.067543392074813,6.236861498717281,5.955904635417018,6.127083778381348,17962400,0.0,0.0
2014-12-16 00:00:00-05:00,6.063820753484729,6.242441874825515,5.918690826228874,5.939157962799072,17685600,0.0,0.0
2014-12-17 00:00:00-05:00,5.974509892125194,6.089869271796411,5.93543630199303,6.08242654800415,14442400,0.0,0.0
2014-12-18 00:00:00-05:00,6.18662272403165,6.261048544472244,6.028468742816918,6.158712863922119,13588800,0.0,0.0
2014-12-19 00:00:00-05:00,6.227557729405395,6.419203281402588,6.1270830729151475,6.419203281402588,18333200,0.0,0.0
2014-12-22 00:00:00-05:00,6.787610162320303,6.809937628870449,6.296401639552908,6.348499298095703,20784800,0.0,0.0
2014-12-23 00:00:00-05:00,6.380129585709781,6.53456221209809,6.348498362131242,6.4433913230896,15212400,0.0,0.0
2014-12-24 00:00:00-05:00,6.486185839798647,6.486185839798647,6.181041243350838,6.212671756744385,10998400,0.0,0.0
2014-12-26 00:00:00-05:00,6.248024381163561,6.335473907419766,6.175458883944607,6.261048793792725,15397600,0.0,0.0
2014-12-29 00:00:00-05:00,6.238720620905083,6.292679307384335,6.121500907242609,6.261048793792725,9599600,0.0,0.0
2014-12-30 00:00:00-05:00,6.223835943321482,6.391292982962731,6.17731998068048,6.2945404052734375,8536400,0.0,0.0
2014-12-31 00:00:00-05:00,6.368965586021034,6.402457136253843,6.272212297545949,6.2889580726623535,6459200,0.0,0.0
2015-01-02 00:00:00-05:00,6.33733507178853,6.355941173127971,6.18662309574089,6.2889580726623535,6450800,0.0,0.0
2015-01-05 00:00:00-05:00,6.2368615167394665,6.489908514162143,6.201509634073243,6.460138320922852,19739600,0.0,0.0
2015-01-06 00:00:00-05:00,6.543865699311281,6.7038807345248905,6.236860752245984,6.268491268157959,19540400,0.0,0.0
2015-01-07 00:00:00-05:00,6.3801287349549485,6.452693513201547,6.136384868480459,6.195925235748291,10233200,0.0,0.0
2015-01-08 00:00:00-05:00,6.251745492152411,6.357801836928443,6.199647837813955,6.268491268157959,18189600,0.0,0.0
2015-01-09 00:00:00-05:00,6.249885290467411,6.2722127556609655,5.970789491327355,6.004281044006348,16299600,0.0,0.0
2015-01-12 00:00:00-05:00,6.056378555361023,6.296401107260212,5.896363875650217,6.283376693725586,14482000,0.0,0.0
2015-01-13 00:00:00-05:00,6.363385305658612,6.530842384100134,6.084289465145317,6.09731388092041,11729200,0.0,0.0
2015-01-14 00:00:00-05:00,6.92157593749527,6.949485091449604,6.668528966889658,6.737372398376465,29746400,0.0,0.0
2015-01-15 00:00:00-05:00,6.703880528376178,6.837846732301011,6.367105402076775,6.411760330200195,20556800,0.0,0.0
2015-01-16 00:00:00-05:00,6.6406184706934255,6.774584668202463,6.497349222752316,6.763420581817627,17027200,0.0,0.0
2015-01-20 00:00:00-05:00,6.759700741802144,6.83784722655537,6.55130869623887,6.7113237380981445,18146400,0.0,0.0
2015-01-21 00:00:00-05:00,6.636897247784539,6.902968612431116,6.599685045275667,6.854592323303223,11862400,0.0,0.0
2015-01-22 00:00:00-05:00,6.929018772785943,6.929018772785943,6.726209127801739,6.90669059753418,8621200,0.0,0.0
2015-01-23 00:00:00-05:00,6.87505999011624,6.977394974452749,6.778306694630549,6.958788871765137,7202000,0.0,0.0
2015-01-26 00:00:00-05:00,6.956926647196847,7.156014893009336,6.934599185830389,7.10019588470459,9706000,0.0,0.0
2015-01-27 00:00:00-05:00,7.096475909996265,7.256490952251309,6.994140923137932,7.122524738311768,8028000,0.0,0.0
2015-01-28 00:00:00-05:00,7.1634590715244055,7.312310027159055,6.966231111697656,6.997862339019775,11009200,0.0,0.0
2015-01-29 00:00:00-05:00,7.0369344461707675,7.0369344461707675,6.599684701474059,6.748535633087158,13562400,0.0,0.0
2015-01-30 00:00:00-05:00,6.668528327925665,6.716904616010923,6.523398753892639,6.558750629425049,12139200,0.0,0.0
2015-02-02 00:00:00-05:00,6.5327021209619565,6.871338283304343,6.422924417140373,6.852732181549072,9705200,0.0,0.0
2015-02-03 00:00:00-05:00,6.8452884781722485,7.055540095097968,6.7708626622382635,6.977393627166748,5846400,0.0,0.0
2015-02-04 00:00:00-05:00,6.915993760871756,6.962509728732698,6.635037627293696,6.8155198097229,8152400,0.0,0.0
2015-02-05 00:00:00-05:00,6.835986387617847,6.936460330513475,6.746675112057072,6.828543663024902,5452400,0.0,0.0
2015-02-06 00:00:00-05:00,6.8769193307167775,6.956926838404184,6.78016604909998,6.8397064208984375,5929200,0.0,0.0
2015-02-09 00:00:00-05:00,6.798774490580454,6.992281100254976,6.795053127727784,6.917855262756348,6226000,0.0,0.0
2015-02-10 00:00:00-05:00,6.919714708181384,7.094615191099225,6.886223156549342,7.077869415283203,9737600,0.0,0.0
2015-02-11 00:00:00-05:00,7.085312314704369,7.105778743626434,6.93273929252097,6.98111629486084,5919200,0.0,0.0
2015-02-12 00:00:00-05:00,6.996001186258033,7.027632413053115,6.884363148836481,6.93087911605835,4923600,0.0,0.0
2015-02-13 00:00:00-05:00,6.891805010426456,7.051820031184895,6.860173787594622,6.949484348297119,6658800,0.0,0.0
2015-02-17 00:00:00-05:00,6.9494853611976515,7.109500405278584,6.847150373171602,6.951346397399902,5420400,0.0,0.0
2015-02-18 00:00:00-05:00,6.882501386139242,6.9866966767142005,6.809935896203873,6.977393627166748,4199600,0.0,0.0
2015-02-19 00:00:00-05:00,7.012746146945097,7.012746146945097,6.893665398276038,6.982975959777832,3096000,0.0,0.0
2015-02-20 00:00:00-05:00,7.0071649546635735,7.0778694203571595,6.96064898956098,6.975534439086914,5183600,0.0,0.0
2015-02-23 00:00:00-05:00,7.059262045577171,7.06856580567769,6.886222612410695,6.949484348297119,4601600,0.0,0.0
2015-02-24 00:00:00-05:00,7.0071651297206135,7.0313536309158975,6.867617230926568,6.910411834716797,3007200,0.0,0.0
2015-02-25 00:00:00-05:00,6.94948443072047,7.036934666306399,6.869476919392333,6.936460018157959,4074000,0.0,0.0
2015-02-26 00:00:00-05:00,6.930878829969573,6.973673432873961,6.852732348955639,6.889944553375244,4559200,0.0,0.0
2015-02-27 00:00:00-05:00,6.90482966756673,7.0183287309543605,6.826682480571449,6.878780841827393,5850800,0.0,0.0
2015-03-02 00:00:00-05:00,6.878781336593098,7.237884653891005,6.878781336593098,7.195089340209961,9590000,0.0,0.0
2015-03-03 00:00:00-05:00,7.24904665042681,7.303005331502909,7.170900182477024,7.196949005126953,4709600,0.0,0.0
2015-03-04 00:00:00-05:00,7.289982327444829,7.526283522463476,7.204393119422197,7.448136329650879,8379200,0.0,0.0
2015-03-05 00:00:00-05:00,7.438832634868004,7.546750008518165,7.3551037604458545,7.442553997039795,4857200,0.0,0.0
2015-03-06 00:00:00-05:00,7.409063105191513,7.550472041167567,7.409063105191513,7.472324848175049,4742000,0.0,0.0
2015-03-09 00:00:00-04:00,7.464882313169842,7.716068965134829,7.407202967360258,7.596988201141357,6152400,0.0,0.0
2015-03-10 00:00:00-04:00,7.541167463390769,7.658387885297095,7.46302098863805,7.563495635986328,5972400,0.0,0.0
2015-03-11 00:00:00-04:00,7.6844380320239045,7.939345346563524,7.278818720537719,7.345801830291748,7636400,0.0,0.0
2015-03-12 00:00:00-04:00,7.43325105063787,7.48162733999438,7.267654335448107,7.383013725280762,4531600,0.0,0.0
2015-03-13 00:00:00-04:00,7.555759933376681,7.6778083046012995,7.503184578190386,7.642132759094238,7166400,0.09,0.0
2015-03-16 00:00:00-04:00,7.647767115068256,7.751039055303425,7.632746093569483,7.715363502502441,4221200,0.0,0.0
2015-03-17 00:00:00-04:00,7.728506181211775,7.754793502695617,7.606457084293033,7.6815643310546875,3508000,0.0,0.0
2015-03-18 00:00:00-04:00,7.653398573696736,7.764181363496595,7.540738425140433,7.72099494934082,4463200,0.0,0.0
2015-03-19 00:00:00-04:00,7.713483621522827,7.730381996580629,7.625232731639743,7.659030914306641,3588400,0.0,0.0
2015-03-20 00:00:00-04:00,7.670297978291774,7.73413892273308,7.610212467791226,7.683441638946533,9629200,0.0,0.0
2015-03-23 00:00:00-04:00,7.711608443497915,7.835534921068645,7.651522922025798,7.762305736541748,7013600,0.0,0.0
2015-03-24 00:00:00-04:00,7.751038068729955,7.797979918887043,7.679686972209752,7.6815643310546875,10312000,0.0,0.0
2015-03-25 00:00:00-04:00,7.6815647509383345,7.737894830950751,7.473142810244145,7.475020885467529,8285200,0.0,0.0
2015-03-26 00:00:00-04:00,7.414934651649881,7.473142084960705,7.244066352972358,7.283497333526611,19414000,0.0,0.0
2015-03-27 00:00:00-04:00,7.073196929832712,7.283496913204068,6.973680446669509,7.202756881713867,21983200,0.0,0.0
2015-03-30 00:00:00-04:00,7.210269302129151,7.2290457578469764,7.0431556946266705,7.076953887939453,11960400,0.0,0.0
2015-03-31 00:00:00-04:00,7.018744603373154,7.238432085973203,6.988701852343857,7.127649307250977,8458800,0.0,0.0
2015-04-01 00:00:00-04:00,7.108874256600134,7.2290452843857915,7.009357758516853,7.093852519989014,9859600,0.0,0.0
2015-04-02 00:00:00-04:00,7.146426439074737,7.2872519681317955,7.112628254798989,7.172713756561279,4690400,0.0,0.0
2015-04-06 00:00:00-04:00,7.135160931613322,7.2083901002547055,7.075075423175481,7.204634666442871,5935600,0.0,0.0
2015-04-07 00:00:00-04:00,7.20463403897265,7.229043998485772,7.12013857625469,7.131404876708984,5328400,0.0,0.0
2015-04-08 00:00:00-04:00,7.097606304145109,7.281618237198703,7.08634072058153,7.268474578857422,6596800,0.0,0.0
2015-04-09 00:00:00-04:00,7.277864094535024,7.5106959852387725,7.200879489337359,7.508818626403809,7646400,0.0,0.0
2015-04-10 00:00:00-04:00,7.544494450122201,7.587680867662101,7.428078858654827,7.585803508758545,5076000,0.0,0.0
2015-04-13 00:00:00-04:00,7.585804359988111,7.660910901247108,7.409302519663889,7.589559078216553,7375600,0.0,0.0
2015-04-14 00:00:00-04:00,7.557638111274526,7.608335396980273,7.450610746876555,7.585803508758545,5990400,0.0,0.0
2015-04-15 00:00:00-04:00,7.619602746512,7.690953855067022,7.503186422767871,7.677810192108154,9188400,0.0,0.0
2015-04-16 00:00:00-04:00,7.687195301055909,7.754791663857601,7.638376103630031,7.687195301055908,5828800,0.0,0.0
2015-04-17 00:00:00-04:00,7.644010695292041,7.6515215632111975,7.409301444886789,7.446855068206787,6248400,0.0,0.0
2015-04-20 00:00:00-04:00,7.471264741812308,7.593313117536647,7.465631232952954,7.570781230926514,5238400,0.0,0.0
2015-04-21 00:00:00-04:00,7.593313878734267,7.602702822349139,7.459999188202746,7.5257182121276855,5508000,0.0,0.0
2015-04-22 00:00:00-04:00,7.51069494509974,7.578291314209747,7.435587709138468,7.555759429931641,3904400,0.0,0.0
2015-04-23 00:00:00-04:00,7.557637570714289,7.612090286608226,7.520083948846891,7.570781230926514,3466400,0.0,0.0
2015-04-24 00:00:00-04:00,7.567024995797188,7.655275890398822,7.536982244739819,7.644009590148926,3487200,0.0,0.0
2015-04-27 00:00:00-04:00,7.647766041276724,7.700340683554464,7.557637776110979,7.563270568847656,4195200,0.0,0.0
2015-04-28 00:00:00-04:00,7.544493790346538,7.598946505373248,7.428078209059856,7.583924770355225,3791200,0.0,0.0
2015-04-29 00:00:00-04:00,7.523838972180031,7.61208987131231,7.352970682467479,7.384891510009766,4985200,0.0,0.0
2015-04-30 00:00:00-04:00,7.366114335661023,7.384891503692105,7.2140224978500065,7.236555099487305,4542800,0.0,0.0
2015-05-01 00:00:00-04:00,7.2534540675034345,7.35860334156148,7.221533240538879,7.3548479080200195,3079200,0.0,0.0
2015-05-04 00:00:00-04:00,7.381137251490791,7.540739265783986,7.3417055504520485,7.533228397369385,3512000,0.0,0.0
2015-05-05 00:00:00-04:00,7.497551457416039,7.5651478280692634,7.461875913471594,7.514450550079346,4387600,0.0,0.0
2015-05-06 00:00:00-04:00,7.491919662646967,7.491919662646967,7.275986862789351,7.347338676452637,5807600,0.0,0.0
2015-05-07 00:00:00-04:00,7.349215989694779,7.439344256579279,7.223412174338017,7.418689727783203,6820400,0.0,0.0
2015-05-08 00:00:00-04:00,7.480654102608327,7.604580572170439,7.458122212581362,7.546372413635254,4222000,0.0,0.0
2015-05-11 00:00:00-04:00,7.527595551394583,7.6027028024620975,7.461877243917382,7.46563196182251,4075600,0.0,0.0
2015-05-12 00:00:00-04:00,7.416812349274274,7.476897860371395,7.326684082628593,7.332316875457764,5334400,0.0,0.0
2015-05-13 00:00:00-04:00,7.336071778092784,7.394279926122832,7.232799858141709,7.3604817390441895,6279200,0.0,0.0
2015-05-14 00:00:00-04:00,7.3942796020674955,7.398035035608956,7.275985952476486,7.3548479080200195,2988800,0.0,0.0
2015-05-15 00:00:00-04:00,7.354846716209394,7.527593049745461,7.3417030590819925,7.521960258483887,5546800,0.0,0.0
2015-05-18 00:00:00-04:00,7.529471395952214,7.56890308878351,7.454364876266629,7.555759429931641,4638800,0.0,0.0
2015-05-19 00:00:00-04:00,7.58204901633085,7.591437244566227,7.516329986131413,7.568905353546143,4007600,0.0,0.0
2015-05-20 00:00:00-04:00,7.548250747201404,7.572660713393307,7.450611598709689,7.536984443664551,4026000,0.0,0.0
2015-05-21 00:00:00-04:00,7.591436778169809,7.683442412010194,7.557638585578198,7.655277729034424,5148000,0.0,0.0
2015-05-22 00:00:00-04:00,7.653398784925377,7.69470784146481,7.582047689799163,7.660909652709961,4556400,0.0,0.0
2015-05-26 00:00:00-04:00,7.640254727545577,7.694707441741443,7.4825300936416586,7.544493675231934,4948400,0.0,0.0
2015-05-27 00:00:00-04:00,7.613967473160285,7.627111133075219,7.398035405789412,7.411179065704346,7198800,0.0,0.0
2015-05-28 00:00:00-04:00,7.429955936289581,7.758548885210111,7.418689634467309,7.683441638946533,15432800,0.0,0.0
2015-05-29 00:00:00-04:00,8.258008285730078,8.353770039039935,8.096528243894339,8.150980949401855,34731200,0.0,0.0
2015-06-01 00:00:00-04:00,8.21294685192181,8.280542518042383,7.963215852099093,8.162249565124512,13171200,0.0,0.0
2015-06-02 00:00:00-04:00,8.147226699029751,8.340626875860764,8.0308111211944,8.256132125854492,9230000,0.0,0.0
2015-06-03 00:00:00-04:00,8.259888608534608,8.319974121904954,8.186658717605916,8.20919132232666,7961200,0.0,0.0
2015-06-04 00:00:00-04:00,8.289930055611912,8.348137484588925,8.237354702511624,8.265520095825195,7472000,0.0,0.0
2015-06-05 00:00:00-04:00,8.280541691321242,8.308707086599679,8.184780636670917,8.288052558898926,5970000,0.0,0.0
2015-06-08 00:00:00-04:00,8.333488877696798,8.38270952963195,8.14417745581954,8.149856567382812,5908000,0.09,0.0
2015-06-09 00:00:00-04:00,8.163107022438732,8.225580128450527,8.119565488930048,8.121459007263184,5136800,0.0,0.0
2015-06-10 00:00:00-04:00,8.168786831174682,8.231259214836534,8.08359656057611,8.111992835998535,7138800,0.0,0.0
2015-06-11 00:00:00-04:00,8.180145617756184,8.278587634787728,8.093062544977943,8.140390396118164,7231600,0.0,0.0
2015-06-12 00:00:00-04:00,8.125245592119635,8.191505020725828,8.081704053292231,8.132818222045898,5338800,0.0,0.0
2015-06-15 00:00:00-04:00,8.115780152560436,8.191505007368105,8.011659018824192,8.049521446228027,7436800,0.0,0.0
2015-06-16 00:00:00-04:00,8.030588442170298,8.074130695342847,7.945398898380756,8.047626495361328,5532000,0.0,0.0
2015-06-17 00:00:00-04:00,8.04952008549676,8.183930994001429,7.985154186440695,8.146068572998047,8661200,0.0,0.0
2015-06-18 00:00:00-04:00,8.178252695064877,8.214221601395879,8.11388678962235,8.176359176635742,8083200,0.0,0.0
2015-06-19 00:00:00-04:00,8.216115538935231,8.295625985038287,8.140390685552177,8.157428741455078,9357200,0.0,0.0
2015-06-22 00:00:00-04:00,8.1877178143062,8.352418525358692,8.142282761861207,8.308876991271973,10163600,0.0,0.0
2015-06-23 00:00:00-04:00,8.335382635602008,8.433824672992808,8.299413721276192,8.397855758666992,7034000,0.0,0.0
2015-06-24 00:00:00-04:00,8.365670413046852,8.613668604270321,8.359991302202985,8.433822631835938,9687600,0.0,0.0
2015-06-25 00:00:00-04:00,8.43950095986559,8.46789723118681,8.263441333444964,8.265334129333496,6468400,0.0,0.0
2015-06-26 00:00:00-04:00,8.2880512849893,8.356203491577123,8.210433654634404,8.337272644042969,7603600,0.0,0.0
2015-06-29 00:00:00-04:00,8.278587254565725,8.316449678172082,8.094954969482572,8.096848487854004,4458800,0.0,0.0
2015-06-30 00:00:00-04:00,8.155536111824686,8.178253279437737,8.096849313144757,8.132818222045898,4470800,0.0,0.0
2015-07-01 00:00:00-04:00,8.187718181105264,8.407319379734986,8.170680125945816,8.352418899536133,6925600,0.0,0.0
2015-07-02 00:00:00-04:00,8.293732496701388,8.424357099614651,8.235045704117692,8.246404647827148,4818400,0.0,0.0
2015-07-06 00:00:00-04:00,8.163107839626505,8.395960788482723,8.134711561277632,8.390281677246094,6026800,0.0,0.0
2015-07-07 00:00:00-04:00,8.384602129373588,8.71778987760973,8.33538076066697,8.714003562927246,9638800,0.0,0.0
2015-07-08 00:00:00-04:00,8.664782504225432,8.75186557128322,8.611775545523415,8.659103393554688,9792000,0.0,0.0
2015-07-09 00:00:00-04:00,8.78404932391057,8.914673931046885,8.685607308409676,8.878705024719238,10862400,0.0,0.0
2015-07-10 00:00:00-04:00,8.95253543490027,8.962000859574337,8.784048420338781,8.89006233215332,5966000,0.0,0.0
2015-07-13 00:00:00-04:00,8.937390411733176,9.022580680361893,8.867345400712068,8.96389389038086,6607200,0.0,0.0
2015-07-14 00:00:00-04:00,8.9392862059621,8.982827749421217,8.755653882627977,8.84652328491211,10610800,0.0,0.0
2015-07-15 00:00:00-04:00,8.869239083519846,8.897636083290246,8.77458338050612,8.787835121154785,5383200,0.0,0.0
2015-07-16 00:00:00-04:00,8.799192879112608,9.041511215063263,8.742399609394875,8.941176414489746,10452000,0.0,0.0
2015-07-17 00:00:00-04:00,8.941177765535507,9.001757358676976,8.780263356659551,8.835163116455078,5317200,0.0,0.0
2015-07-20 00:00:00-04:00,8.802980607849136,8.888170887196951,8.736721902892905,8.865453720092773,5273200,0.0,0.0
2015-07-21 00:00:00-04:00,8.844629180257673,8.890063513597434,8.751866272926621,8.886277198791504,5106000,0.0,0.0
2015-07-22 00:00:00-04:00,8.854094277716568,8.996077827925943,8.784049261819666,8.935498237609863,6506800,0.0,0.0
2015-07-23 00:00:00-04:00,8.941177680228948,9.015009013530342,8.820018495101973,8.886277198791504,3849200,0.0,0.0
2015-07-24 00:00:00-04:00,8.897634292391293,8.912779548464618,8.581484654598984,8.611774444580078,8122800,0.0,0.0
2015-07-27 00:00:00-04:00,8.59473796361468,8.674248406036698,8.500082262350931,8.57959270477295,6295200,0.0,0.0
2015-07-28 00:00:00-04:00,8.61366735594631,8.659102402609646,8.467897514031966,8.57201862335205,4929600,0.0,0.0
2015-07-29 00:00:00-04:00,8.602309006608012,8.687499273619578,8.5549811607311,8.68371295928955,4004800,0.0,0.0
2015-07-30 00:00:00-04:00,8.660996438224753,8.793514560947665,8.600416848779822,8.738614082336426,3734400,0.0,0.0
2015-07-31 00:00:00-04:00,8.757543550435175,8.79729948649067,8.638277908765355,8.679925918579102,4383200,0.0,0.0
2015-08-03 00:00:00-04:00,8.704537736678143,8.742400159594691,8.488722864869159,8.509547233581543,4821200,0.0,0.0
2015-08-04 00:00:00-04:00,8.464113711299388,8.64206691451752,8.426251281540269,8.626921653747559,7212400,0.0,0.0
2015-08-05 00:00:00-04:00,8.647744126860468,8.82759008709116,8.640171498138717,8.78215503692627,4967600,0.0,0.0
2015-08-06 00:00:00-04:00,8.749973275860828,8.768904127290458,8.503867874281497,8.585271835327148,4446800,0.0,0.0
2015-08-07 00:00:00-04:00,8.583380371025383,8.596632113515676,8.45275574269286,8.551197052001953,3788400,0.0,0.0
2015-08-10 00:00:00-04:00,8.685607392323455,8.715897187988238,8.583379061142677,8.672355651855469,4864800,0.0,0.0
2015-08-11 00:00:00-04:00,8.60041777566489,8.670462798103427,8.519013808169126,8.655318260192871,4988800,0.0,0.0
2015-08-12 00:00:00-04:00,8.581485212567763,8.68749912331184,8.44896710197206,8.636384963989258,5104400,0.0,0.0
2015-08-13 00:00:00-04:00,8.642065319030504,8.87302472580672,8.630706375550107,8.727254867553711,4406400,0.0,0.0
2015-08-14 00:00:00-04:00,8.812445211273328,9.054764285703744,8.812445211273328,8.980932235717773,9747600,0.0,0.0
2015-08-17 00:00:00-04:00,8.980933386145294,8.986613219742953,8.795408283656734,8.888171195983887,4342400,0.0,0.0
2015-08-18 00:00:00-04:00,8.905208796012777,9.032047092596118,8.878705314467943,8.895743370056152,6476000,0.0,0.0
2015-08-19 00:00:00-04:00,8.865452782457126,8.929817962083893,8.659103337490183,8.793514251708984,7016000,0.0,0.0
2015-08-20 00:00:00-04:00,8.643958317536976,8.708324221101307,8.554981730271841,8.562554359436035,6032000,0.0,0.0
2015-08-21 00:00:00-04:00,8.475471766979927,8.729149080915224,8.450861081895674,8.486830711364746,8100800,0.0,0.0
2015-08-24 00:00:00-04:00,7.924575954233836,8.358099268274922,7.31877928128183,8.132818222045898,9250800,0.0,0.0
2015-08-25 00:00:00-04:00,8.344846618422576,8.458433166286571,8.191504128857089,8.308876991271973,18920400,0.0,0.0
2015-08-26 00:00:00-04:00,8.458433074179478,8.619347468928824,8.335380380195401,8.587164878845215,15134400,0.0,0.0
2015-08-27 00:00:00-04:00,8.748080960294274,8.897637162515927,8.60231107331231,8.746188163757324,11679600,0.0,0.0
2015-08-28 00:00:00-04:00,8.454649743044033,8.50765672055239,7.863998192262944,8.043844223022461,33722000,0.0,0.0
2015-08-31 00:00:00-04:00,8.002194046102872,8.06655995968812,7.865889588589218,8.041949272155762,9861200,0.0,0.0
2015-09-01 00:00:00-04:00,7.862101822247911,7.979475404404896,7.708760058014319,7.795843124389648,9354400,0.0,0.0
2015-09-02 00:00:00-04:00,7.8904984756456304,7.966223317466505,7.7844838415295285,7.915109157562256,10147600,0.0,0.0
2015-09-03 00:00:00-04:00,7.951080644951823,8.098743340122143,7.863997554065011,7.896180152893066,8372800,0.0,0.0
2015-09-04 00:00:00-04:00,7.867534991216168,7.9362805578751825,7.773964474718509,7.877082824707031,6127600,0.09,0.0
2015-09-08 00:00:00-04:00,8.014573070201756,8.014573070201756,7.783511445982178,7.980200290679932,8708000,0.0,0.0
2015-09-09 00:00:00-04:00,8.026030177740417,8.066132239484492,7.953466068485829,7.980200290679932,5874800,0.0,0.0
2015-09-10 00:00:00-04:00,7.955375385727115,8.19025556140168,7.924821884707324,8.087137222290039,5733200,0.0,0.0
2015-09-11 00:00:00-04:00,8.064223807812535,8.186437835066467,7.959196173669503,8.169251441955566,6061600,0.0,0.0
2015-09-14 00:00:00-04:00,8.180706646829615,8.24945219714418,8.069949764999961,8.243722915649414,5638800,0.0,0.0
2015-09-15 00:00:00-04:00,8.260911877835687,8.272369715943357,8.165432078964269,8.211262702941895,4498400,0.0,0.0
2015-09-16 00:00:00-04:00,8.201715011725609,8.430866678702417,8.19216717736263,8.39840316772461,6159200,0.0,0.0
2015-09-17 00:00:00-04:00,8.400312188854963,8.48433414125312,8.186436936191141,8.327747344970703,6796400,0.0,0.0
2015-09-18 00:00:00-04:00,8.23990979001351,8.3220225037802,8.064226520401066,8.07186508178711,8250400,0.0,0.0
2015-09-21 00:00:00-04:00,8.157793652075746,8.17879932284374,7.913364889492625,7.96683406829834,6620000,0.0,0.0
2015-09-22 00:00:00-04:00,7.878993757612626,7.974473569514371,7.831253851661754,7.896180152893066,4002800,0.0,0.0
2015-09-23 00:00:00-04:00,7.8713554105162675,7.9401009871334916,7.762508490356698,7.844621181488037,3140800,0.0,0.0
2015-09-24 00:00:00-04:00,7.7796943507867455,7.92291404942937,7.754869399055168,7.867535591125488,5456800,0.0,0.0
2015-09-25 00:00:00-04:00,7.888540094172152,7.993567711918042,7.724314747519002,7.829342365264893,6662800,0.0,0.0
2015-09-28 00:00:00-04:00,7.798789431624943,7.842710048485117,7.626925514821652,7.695671081542969,6852800,0.0,0.0
2015-09-29 00:00:00-04:00,7.676572715233998,7.81215379723061,7.573454401411473,7.720493316650391,8432000,0.0,0.0
2015-09-30 00:00:00-04:00,7.831251358303931,7.890449085078444,7.754867970173801,7.869443416595459,6866400,0.0,0.0
2015-10-01 00:00:00-04:00,7.886631069255624,7.94964808479522,7.602101682751798,7.737682819366455,7833600,0.0,0.0
2015-10-02 00:00:00-04:00,7.691852805269209,7.9343715957306316,7.640293623506251,7.924823760986328,5966400,0.0,0.0
2015-10-05 00:00:00-04:00,7.943918629418652,8.142516777267375,7.930551516433933,8.111963272094727,7671600,0.0,0.0
2015-10-06 00:00:00-04:00,8.104323990192016,8.302922120311313,8.09859543612512,8.276187896728516,7518000,0.0,0.0
2015-10-07 00:00:00-04:00,8.293374042417668,8.365938881751143,8.138696531103585,8.295283317565918,4901600,0.0,0.0
2015-10-08 00:00:00-04:00,8.218901404960196,8.467148740662958,8.218901404960196,8.39840316772461,4536400,0.0,0.0
2015-10-09 00:00:00-04:00,8.348753623362418,8.490063313982938,8.299103721342101,8.480515480041504,3824800,0.0,0.0
2015-10-12 00:00:00-04:00,8.455691488124835,8.524437065825543,8.3716695200757,8.390765190124512,2991600,0.0,0.0
2015-10-13 00:00:00-04:00,8.346843238818655,8.432775197278447,8.287646234009802,8.310561180114746,3242000,0.0,0.0
2015-10-14 00:00:00-04:00,8.299103336739737,8.348753236459148,8.159702927986473,8.220809936523438,3027600,0.0,0.0
2015-10-15 00:00:00-04:00,8.260912613466479,8.396494493561724,8.182619200558044,8.388855934143066,3522000,0.0,0.0
2015-10-16 00:00:00-04:00,8.455689931102064,8.4957919963452,8.323928083740286,8.490062713623047,3594000,0.0,0.0
2015-10-19 00:00:00-04:00,8.490064901925813,8.581725436122817,8.404132923474505,8.539714813232422,3046400,0.0,0.0
2015-10-20 00:00:00-04:00,8.551169074837906,8.71157513833672,8.541621242292736,8.612276077270508,6144800,0.0,0.0
2015-10-21 00:00:00-04:00,8.646649824770059,8.824242298104243,8.618006323929292,8.791779518127441,4631600,0.0,0.0
2015-10-22 00:00:00-04:00,8.818513532123275,9.026659505100572,8.705847349897892,8.971281051635742,6262000,0.0,0.0
2015-10-23 00:00:00-04:00,9.093495365180118,9.093495365180118,8.610367841251445,8.660017013549805,9208400,0.0,0.0
2015-10-26 00:00:00-04:00,8.663834642948284,8.694388142033807,8.469055813108252,8.530162811279297,5856400,0.0,0.0
2015-10-27 00:00:00-04:00,8.539712900624053,8.57599495964279,8.316289806689907,8.44996166229248,4584000,0.0,0.0
2015-10-28 00:00:00-04:00,8.49006283551267,8.72494303380951,8.457600056250675,8.698208808898926,3632000,0.0,0.0
2015-10-29 00:00:00-04:00,8.715395513712128,8.818513866462476,8.663836337336955,8.72876262664795,2984400,0.0,0.0
2015-10-30 00:00:00-04:00,8.768864009908114,8.889168755393392,8.702028444890196,8.797508239746094,4879200,0.0,0.0
2015-11-02 00:00:00-05:00,8.78986868995762,8.87771064494203,8.702027463426154,8.818512916564941,3821200,0.0,0.0
2015-11-03 00:00:00-05:00,8.8414285763442,8.93690836815883,8.79750795952383,8.927360534667969,5713200,0.0,0.0
2015-11-04 00:00:00-05:00,8.92354101006716,8.996105853816639,8.90253533989339,8.946455955505371,5235600,0.0,0.0
2015-11-05 00:00:00-05:00,8.965553077908051,9.005654417792115,8.841429050511046,8.963643074035645,3947600,0.0,0.0
2015-11-06 00:00:00-05:00,8.927360121926915,9.06676052411698,8.850976000625499,8.940727233886719,7676800,0.0,0.0
2015-11-09 00:00:00-05:00,8.931181328753755,8.94072916386422,8.675295414146424,8.6886625289917,6093200,0.0,0.0
2015-11-10 00:00:00-05:00,8.677203350343424,8.824242319397126,8.640921291143036,8.772683143615723,6072800,0.0,0.0
2015-11-11 00:00:00-05:00,8.799415956543326,8.841426560012996,8.484332424030207,8.51297664642334,7525200,0.0,0.0
2015-11-12 00:00:00-05:00,8.490062301227706,8.554988584118842,8.377396125871115,8.503429412841797,7546000,0.0,0.0
2015-11-13 00:00:00-05:00,7.626925486286087,7.657478990442025,7.078871686790766,7.09987735748291,38060800,0.0,0.0
2015-11-16 00:00:00-05:00,7.065504668722737,7.2927463133926285,7.055956835131282,7.273650646209717,10280000,0.0,0.0
2015-11-17 00:00:00-05:00,7.313751202824407,7.313751202824407,7.046408248566636,7.096057415008545,10395200,0.0,0.0
2015-11-18 00:00:00-05:00,7.174350374900233,7.267920876741209,7.109424097498077,7.220180988311768,9136800,0.0,0.0
2015-11-19 00:00:00-05:00,7.189628716574751,7.439785308452567,7.160984487244568,7.344305515289307,8218800,0.0,0.0
2015-11-20 00:00:00-05:00,7.466519668299206,7.594462972235084,7.365311318830502,7.497073173522949,11176800,0.0,0.0
2015-11-23 00:00:00-05:00,6.328400984202174,7.1972670125741365,6.301666756937354,7.181990623474121,67735200,0.0,0.0
2015-11-24 00:00:00-05:00,6.872635786044713,7.300384848596632,6.861177948699337,7.2392778396606445,21452000,0.0,0.0
2015-11-25 00:00:00-05:00,7.216361763965595,7.262191649268091,6.9891194271266635,6.996757984161377,8231600,0.0,0.0
2015-11-27 00:00:00-05:00,7.04258922884605,7.055956340627882,6.836352541149868,6.876453876495361,4770000,0.0,0.0
2015-11-30 00:00:00-05:00,6.79052296181611,6.8420821360944934,6.664489667508835,6.689313888549805,12892400,0.0,0.0
2015-12-01 00:00:00-05:00,6.7626317683506505,6.785784652989633,6.608277977395885,6.695102214813232,8725200,0.09,0.0
2015-12-02 00:00:00-05:00,6.695102849230033,6.7221146732045955,6.533031169365653,6.5349602699279785,11470800,0.0,0.0
2015-12-03 00:00:00-05:00,6.53110150713001,6.53110150713001,6.210817075993109,6.324653148651123,14872000,0.0,0.0
2015-12-04 00:00:00-05:00,6.322722829703301,6.434629044167113,6.22046358848375,6.424982070922852,14113200,0.0,0.0
2015-12-07 00:00:00-05:00,6.405689375453343,6.442348175347681,6.270629515606115,6.380606651306152,11792400,0.0,0.0
2015-12-08 00:00:00-05:00,6.289922701059797,6.538818603598091,6.226252084141241,6.509877681732178,11211200,0.0,0.0
2015-12-09 00:00:00-05:00,6.388323603075593,6.565830275051376,6.251334662396423,6.25905179977417,10329200,0.0,0.0
2015-12-10 00:00:00-05:00,6.280275992173807,6.3478062847450305,6.071898181071492,6.176086902618408,16325600,0.0,0.0
2015-12-11 00:00:00-05:00,5.830720059472514,6.048745209862681,5.776696414993057,5.788272857666016,26372000,0.0,0.0
2015-12-14 00:00:00-05:00,5.788272301328566,5.915614262517119,5.734248294033127,5.840366840362549,11758000,0.0,0.0
2015-12-15 00:00:00-05:00,5.931050520499096,6.010156890912374,5.865450061911233,5.892462253570557,10153200,0.0,0.0
2015-12-16 00:00:00-05:00,5.94648589804564,5.981215595870765,5.811426411847204,5.896320819854736,8740400,0.0,0.0
2015-12-17 00:00:00-05:00,5.896320729683077,5.925262021425254,5.604977607727051,5.604977607727051,9117600,0.0,0.0
2015-12-18 00:00:00-05:00,5.579895342664595,5.583754279761147,5.383093966842448,5.54902458190918,22410000,0.0,0.0
2015-12-21 00:00:00-05:00,5.504647620123432,5.61462474553773,5.4120349747143335,5.547094821929932,13672800,0.0,0.0
2015-12-22 00:00:00-05:00,5.576036732090891,5.576036732090891,5.433259363234179,5.518154144287109,12263600,0.0,0.0
2015-12-23 00:00:00-05:00,5.5567417961559835,5.581824517957283,5.4525530760824035,5.547094821929932,11113200,0.0,0.0
2015-12-24 00:00:00-05:00,5.5220119430450785,5.5567412677615176,5.456411494122179,5.473776340484619,3476000,0.0,0.0
2015-12-28 00:00:00-05:00,5.473777605016661,5.5837547453796725,5.4294005607228,5.493071556091309,9301600,0.0,0.0
2015-12-29 00:00:00-05:00,5.522012635433527,5.556741964504572,5.4660591528035045,5.485353469848633,8161600,0.0,0.0
2015-12-30 00:00:00-05:00,5.473776945170836,5.5837540722764665,5.44869422298379,5.49500036239624,5753200,0.0,0.0
2015-12-31 00:00:00-05:00,5.485354099236072,5.5683194144435895,5.408177190208798,5.410106658935547,6784000,0.0,0.0
2016-01-04 00:00:00-05:00,5.217163555037592,5.491141456088159,5.2113751495755505,5.462200164794922,17321600,0.0,0.0
2016-01-05 00:00:00-05:00,5.516224168359301,5.597260004637731,5.413964546767227,5.5509538650512695,13666400,0.0,0.0
2016-01-06 00:00:00-05:00,5.446764152805022,5.545164826189371,5.294339840078361,5.473776340484619,15025600,0.0,0.0
2016-01-07 00:00:00-05:00,5.425541523096181,5.5509540343011,5.352223190509093,5.489212512969971,10651200,0.0,0.0
2016-01-08 00:00:00-05:00,5.5374473211440876,5.554812167506529,5.410105359825151,5.473776340484619,10796800,0.0,0.0
2016-01-11 00:00:00-05:00,5.466058845391475,5.701448469679921,5.400458391932513,5.6686482429504395,13026800,0.0,0.0
2016-01-12 00:00:00-05:00,5.585683500195142,5.637777676650589,5.076315234339765,5.379234790802002,32357600,0.0,0.0
2016-01-13 00:00:00-05:00,5.346434205608282,5.3676579892694996,5.1091151207014995,5.197868824005127,11686400,0.0,0.0
2016-01-14 00:00:00-05:00,5.290481336535315,5.290481336535315,4.858290346383219,4.93546724319458,18357600,0.0,0.0
2016-01-15 00:00:00-05:00,4.835136832541618,5.0049263643771065,4.794619101904246,4.947043418884277,12750800,0.0,0.0
2016-01-19 00:00:00-05:00,5.008785663247646,5.012644600444797,4.833208068870858,4.921961784362793,11138000,0.0,0.0
2016-01-20 00:00:00-05:00,4.864079478821651,4.910385995343189,4.69429026760738,4.860220909118652,8945200,0.0,0.0
2016-01-21 00:00:00-05:00,4.860220375781917,5.004927212008778,4.85250250120573,4.879514694213867,8473200,0.0,0.0
2016-01-22 00:00:00-05:00,4.964408664810656,5.022291614956585,4.906526082673209,4.952832221984863,7054400,0.0,0.0
2016-01-25 00:00:00-05:00,4.939325972740393,5.010714461291647,4.806195601322803,4.835136890411377,5780800,0.0,0.0
2016-01-26 00:00:00-05:00,4.8910910280042845,5.109115827756081,4.850572923408123,5.028079986572266,11076000,0.0,0.0
2016-01-27 00:00:00-05:00,5.062809336726736,5.166998425934808,4.981773501123285,5.045444488525391,8011600,0.0,0.0
2016-01-28 00:00:00-05:00,5.111045063300387,5.134198317443653,4.952832325348285,4.960549831390381,5595600,0.0,0.0
2016-01-29 00:00:00-05:00,4.97019679580282,5.064738537678469,4.941255506332063,5.057020664215088,9271200,0.0,0.0
2016-02-01 00:00:00-05:00,5.05509254049629,5.182434533176726,4.987562606678838,5.172787189483643,11149200,0.0,0.0
2016-02-02 00:00:00-05:00,5.138056582617757,5.1534919617976565,4.937396653279077,5.001067638397217,7362400,0.0,0.0
2016-02-03 00:00:00-05:00,5.037727564349131,5.070527796071375,4.775325710571179,5.049304008483887,8893600,0.0,0.0
2016-02-04 00:00:00-05:00,5.0280802353146195,5.246105413860768,4.896879308049419,5.211375713348389,8000800,0.0,0.0
2016-02-05 00:00:00-05:00,5.211375934591772,5.244176167800571,5.099469321527966,5.1766462326049805,6183200,0.0,0.0
2016-02-08 00:00:00-05:00,5.122621196999395,5.39466998470847,5.112974223027258,5.381164073944092,11779200,0.0,0.0
2016-02-09 00:00:00-05:00,5.33485851851483,5.379235192441858,5.153492517584942,5.232599258422852,13147200,0.0,0.0
2016-02-10 00:00:00-05:00,5.248034357809757,5.265399206329648,5.136127760686285,5.141915798187256,5480400,0.0,0.0
2016-02-11 00:00:00-05:00,5.103326691581838,5.199797892798823,5.04351428186124,5.145773887634277,5918800,0.0,0.0
2016-02-12 00:00:00-05:00,5.165068701620168,5.282763328255693,5.074385528169831,5.2055864334106445,10327200,0.0,0.0
2016-02-16 00:00:00-05:00,5.273117117125951,5.412035547940701,5.188222336512678,5.402388572692871,5744000,0.0,0.0
2016-02-17 00:00:00-05:00,5.44483491603721,5.59533013490742,5.394669843080473,5.545165061950684,6689600,0.0,0.0
2016-02-18 00:00:00-05:00,5.556741602942943,5.749684024823024,5.5316592500222574,5.641636371612549,11048000,0.0,0.0
2016-02-19 00:00:00-05:00,5.637777314510222,5.637777314510222,5.359940497899641,5.439046859741211,8530000,0.0,0.0
2016-02-22 00:00:00-05:00,5.504647971498129,5.716884362086652,5.485353653805944,5.635848522186279,6722400,0.0,0.0
2016-02-23 00:00:00-05:00,5.711095652952026,5.761260725850577,5.5914711917311015,5.680224895477295,5059600,0.0,0.0
2016-02-24 00:00:00-05:00,5.676365561188175,5.768977827125314,5.452552401169206,5.767048358917236,6416800,0.0,0.0
2016-02-25 00:00:00-05:00,5.711096221037461,5.799849565603534,5.655142737543506,5.780555248260498,6115600,0.0,0.0
2016-02-26 00:00:00-05:00,5.809496946061876,5.90596816539597,5.774767248220243,5.892462253570557,6775600,0.0,0.0
2016-02-29 00:00:00-05:00,5.8731675593423045,5.9985800628298,5.792131725579719,5.94648551940918,9401600,0.0,0.0
2016-03-01 00:00:00-05:00,5.990862719826351,6.027521887111427,5.882815054574476,5.969639301300049,8520400,0.0,0.0
2016-03-02 00:00:00-05:00,5.958061771982656,6.112415928899297,5.626200941825839,6.037168502807617,16452400,0.0,0.0
2016-03-03 00:00:00-05:00,6.0506752060745415,6.3574537237300115,6.035239825161433,6.311147212982178,14196000,0.0,0.0
2016-03-04 00:00:00-05:00,6.297487126324102,6.354080773868234,6.086725257111497,6.094531059265137,10121600,0.0925,0.0
2016-03-07 00:00:00-05:00,6.055500250090163,6.186250670321527,5.928652544146905,5.99890661239624,11321200,0.0,0.0
2016-03-08 00:00:00-05:00,6.028179550339874,6.047694612383029,5.817417699155274,5.8779144287109375,9314000,0.0,0.0
2016-03-09 00:00:00-05:00,5.92865306617131,6.160881522717725,5.885720227471332,6.1062397956848145,10378000,0.0,0.0
2016-03-10 00:00:00-05:00,6.1140457276102875,6.1140457276102875,5.8427875134271945,5.940362453460693,8197200,0.0,0.0
2016-03-11 00:00:00-05:00,5.959877014185711,6.067209290299371,5.940361953378092,6.000858306884766,6477200,0.0,0.0
2016-03-14 00:00:00-04:00,6.002810053583688,6.2506501059160025,5.99500388010861,6.178444862365723,6921600,0.0,0.0
2016-03-15 00:00:00-04:00,6.149172224084679,6.192105059919988,5.848641256581041,6.006712913513184,8111600,0.0,0.0
2016-03-16 00:00:00-04:00,6.078918041662424,6.246746667521569,6.014518602993712,6.227231979370117,6249600,0.0,0.0
2016-03-17 00:00:00-04:00,6.279923554562097,6.287729728870424,6.0515981671078265,6.119900703430176,12200800,0.0,0.0
2016-03-18 00:00:00-04:00,6.162833322125644,6.301389933326073,6.008665107312089,6.016470909118652,22170800,0.0,0.0
2016-03-21 00:00:00-04:00,6.034034253187387,6.178445118493343,5.864253695254565,6.020373821258545,13434800,0.0,0.0
2016-03-22 00:00:00-04:00,6.000859017865878,6.00866519200133,5.856448146329841,5.889623641967773,8700000,0.0,0.0
2016-03-23 00:00:00-04:00,5.889623914965314,6.012568185546474,5.8642542200680206,5.926702499389648,7876800,0.0,0.0
2016-03-24 00:00:00-04:00,5.920847417125795,5.952071368296728,5.778388093381055,5.907186985015869,17952400,0.0,0.0
2016-03-28 00:00:00-04:00,5.649588164120442,6.039887854291974,5.542255525991997,5.872058868408203,32988800,0.0,0.0
2016-03-29 00:00:00-04:00,5.889623913276939,6.231136230838681,5.854496872486996,6.149173259735107,15210000,0.0,0.0
2016-03-30 00:00:00-04:00,6.160881320476572,6.238941193831748,6.049645954418092,6.197959899902344,10088400,0.0,0.0
2016-03-31 00:00:00-04:00,6.2194270071569475,6.328710838683803,6.180396881216494,6.192105770111084,8376000,0.0,0.0
2016-04-01 00:00:00-04:00,6.19210661465097,6.1979612460062095,5.9930536151998295,6.115998268127441,8540400,0.0,0.0
2016-04-04 00:00:00-04:00,6.125754230329313,6.131608860361325,5.993052260687687,6.035985469818115,5967200,0.0,0.0
2016-04-05 00:00:00-04:00,6.01061649079875,6.065258594249239,5.897429568966139,5.91109037399292,7004000,0.0,0.0
2016-04-06 00:00:00-04:00,5.903282813844422,6.069160256611081,5.813514063769989,5.872058868408203,9206000,0.0,0.0
2016-04-07 00:00:00-04:00,5.875962861983395,5.895477551730314,5.659346381379195,5.682764530181885,14695600,0.0,0.0
2016-04-08 00:00:00-04:00,5.712037232926259,5.829127238567717,5.682764824570611,5.754970073699951,8490400,0.0,0.0
2016-04-11 00:00:00-04:00,5.803757189358975,5.9754892863671705,5.799854102559052,5.831078052520752,8181200,0.0,0.0
2016-04-12 00:00:00-04:00,5.854495352572981,5.946215645764526,5.7979017188330895,5.872058868408203,7840400,0.0,0.0
2016-04-13 00:00:00-04:00,5.9032837663596665,6.166736174178165,5.891574877986512,6.141366481781006,8691600,0.0,0.0
2016-04-14 00:00:00-04:00,6.119900372910947,6.192105620268971,5.9735379625043565,6.1764936447143555,10259600,0.0,0.0
2016-04-15 00:00:00-04:00,6.1960088093525005,6.272117144908526,6.149172881916572,6.20381498336792,10342000,0.0,0.0
2016-04-18 00:00:00-04:00,6.217475407367803,6.320904607401862,6.1725906512768445,6.285777568817139,7128800,0.0,0.0
2016-04-19 00:00:00-04:00,6.311146388011308,6.35212767920494,6.26821318136791,6.332612991333008,6650800,0.0,0.0
2016-04-20 00:00:00-04:00,6.340419937155611,6.4965396924749745,6.309195986091738,6.4184794425964355,11016000,0.0,0.0
2016-04-21 00:00:00-04:00,6.418479629936967,6.457509756015436,6.285777647932816,6.305293083190918,10325600,0.0,0.0
2016-04-22 00:00:00-04:00,6.297486429256016,6.420431056482322,6.281874082239104,6.400915622711182,88882000,0.0,0.0
2016-04-25 00:00:00-04:00,6.377497846623492,6.439945745815782,6.328710378852161,6.400915622711182,8251200,0.0,0.0
2016-04-26 00:00:00-04:00,6.391157885564347,6.506296332211561,6.361885108924113,6.5023932456970215,7961200,0.0,0.0
2016-04-27 00:00:00-04:00,6.478975425010231,6.580453440354306,6.4594599925762,6.514102458953857,11343200,0.0,0.0
2016-04-28 00:00:00-04:00,6.473120947834313,6.502393726639677,6.397012616265594,6.420431137084961,8579200,0.0,0.0
2016-04-29 00:00:00-04:00,6.420431056482322,6.443848832570011,6.317001118589476,6.400915622711182,8473600,0.0,0.0
2016-05-02 00:00:00-04:00,6.402868685405175,6.412626031819971,6.235039647094561,6.315051078796387,10590000,0.0,0.0
2016-05-03 00:00:00-04:00,6.285777862681625,6.317001815723596,6.10819149017334,6.10819149017334,10560800,0.0,0.0
2016-05-04 00:00:00-04:00,6.08867574096137,6.115996602072193,5.918895200098416,5.99890661239624,11483200,0.0,0.0
2016-05-05 00:00:00-04:00,5.98915061654488,6.002811050175345,5.848642448416899,5.8759636878967285,8590800,0.0,0.0
2016-05-06 00:00:00-04:00,5.895476641375972,5.899379727610198,5.7315511139452155,5.872058868408203,7822800,0.0,0.0
2016-05-09 00:00:00-04:00,5.874010865589092,5.950119191945737,5.8623019782001045,5.891574382781982,7538400,0.0,0.0
2016-05-10 00:00:00-04:00,5.905235564096909,5.983295443644288,5.856448092852439,5.955974578857422,5274800,0.0,0.0
2016-05-11 00:00:00-04:00,5.883767833893771,5.883767833893771,5.6437336105478355,5.698375701904297,11997200,0.0,0.0
2016-05-12 00:00:00-04:00,5.717890890840967,5.735454408453816,5.630073674995546,5.678861141204834,8598800,0.0,0.0
2016-05-13 00:00:00-04:00,5.678860729379358,5.721793562531306,5.544207228185394,5.606655120849609,11854400,0.0,0.0
2016-05-16 00:00:00-04:00,5.612510952767949,5.682765033175508,5.573480825381776,5.663249969482422,12104400,0.0,0.0
2016-05-17 00:00:00-04:00,5.6769092301949495,5.737405580154826,5.544207271145824,5.553964614868164,12189200,0.0,0.0
2016-05-18 00:00:00-04:00,5.528596585852695,5.53640276042421,5.421264291026597,5.4700517654418945,15548800,0.0,0.0
2016-05-19 00:00:00-04:00,5.472002332265462,5.577383064636931,5.370524314264177,5.571528434753418,12570000,0.0,0.0
2016-05-20 00:00:00-04:00,5.596899085668689,5.60860797522588,5.503227224773378,5.557868957519531,9317200,0.0,0.0
2016-05-23 00:00:00-04:00,5.583238021699114,5.633977033673071,5.524692836089697,5.555916786193848,8022800,0.0,0.0
2016-05-24 00:00:00-04:00,5.540305683031046,5.651541069309781,5.493469750504153,5.600802421569824,14090400,0.0,0.0
2016-05-25 00:00:00-04:00,5.614461801280915,5.823272100842508,5.59494674000382,5.80180549621582,18447200,0.0,0.0
2016-05-26 00:00:00-04:00,5.852544633449248,5.936459138205652,5.833029571749342,5.850593090057373,13702000,0.0,0.0
2016-05-27 00:00:00-04:00,5.47200199276555,5.645685240793532,5.395893297877193,5.6203155517578125,30238400,0.0,0.0
2016-05-31 00:00:00-04:00,5.637879476035241,5.727648607414121,5.587140466511324,5.678861141204834,39743200,0.0,0.0
2016-06-01 00:00:00-04:00,5.6632494935084505,5.6983765307599406,5.5520141236913,5.6495890617370605,14889200,0.0,0.0
2016-06-02 00:00:00-04:00,5.6554433672533415,5.7217943554587025,5.6105589847082005,5.637879848480225,7872400,0.0,0.0
2016-06-03 00:00:00-04:00,5.651540001736969,5.669103519644178,5.524692661910663,5.5871405601501465,8838800,0.0,0.0
2016-06-06 00:00:00-04:00,5.589118014930253,5.654360621532496,5.543645975166428,5.628658771514893,7820800,0.0925,0.0
2016-06-07 00:00:00-04:00,5.632612610630798,5.691924307464009,5.614819139290052,5.626681327819824,7284000,0.0,0.0
2016-06-08 00:00:00-04:00,5.6286587939221935,5.658314832843979,5.5713245646639535,5.581209659576416,7681600,0.0,0.0
2016-06-09 00:00:00-04:00,5.549576504778721,5.589117635773149,5.367687980970261,5.391412734985352,13588000,0.0,0.0
2016-06-10 00:00:00-04:00,5.328147543804822,5.328147543804822,5.171960481893531,5.245111465454102,18088400,0.0,0.0
2016-06-13 00:00:00-04:00,5.229295875562315,5.272790827122511,5.144282690024079,5.146259784698486,9326800,0.0,0.0
2016-06-14 00:00:00-04:00,5.134396094805465,5.148235754502399,5.011819268512838,5.086946964263916,12596000,0.0,0.0
2016-06-15 00:00:00-04:00,5.08101618446402,5.223363579614008,5.063222712933749,5.16602897644043,14506400,0.0,0.0
2016-06-16 00:00:00-04:00,5.152190638764138,5.175915397521335,5.086948023547157,5.126489162445068,8923200,0.0,0.0
2016-06-17 00:00:00-04:00,5.13637353678123,5.258950748464524,5.096832780532441,5.169983386993408,10379200,0.0,0.0
2016-06-20 00:00:00-04:00,5.229295415128583,5.302446026179546,5.209524847217542,5.219409942626953,9122400,0.0,0.0
2016-06-21 00:00:00-04:00,5.213478770842678,5.229295148947984,5.082993180108655,5.108695030212402,6278400,0.0,0.0
2016-06-22 00:00:00-04:00,5.1324186004230095,5.195684479971498,5.102762943283114,5.140326976776123,7146800,0.0,0.0
2016-06-23 00:00:00-04:00,5.22534126584574,5.249065645845542,5.173937939723207,5.205570697784424,6074000,0.0,0.0
2016-06-24 00:00:00-04:00,4.997981158311863,5.086948157537181,4.994026968899469,5.009843349456787,7372000,0.0,0.0
2016-06-27 00:00:00-04:00,5.003911256856501,5.13439646964495,4.978209784013041,5.041475296020508,12242800,0.0,0.0
2016-06-28 00:00:00-04:00,5.106717820208076,5.175914614261904,5.065199970031094,5.15021276473999,11523200,0.0,0.0
2016-06-29 00:00:00-04:00,5.233248621184157,5.332101072202996,5.213478432654129,5.221386432647705,9941200,0.0,0.0
2016-06-30 00:00:00-04:00,5.24115749246799,5.276744438525077,5.144282126586038,5.2549967765808105,7436800,0.0,0.0
2016-07-01 00:00:00-04:00,5.314308054716956,5.4131605141782195,5.284652392297018,5.349895000457764,10530400,0.0,0.0
2016-07-05 00:00:00-04:00,5.34396322050603,5.349894125765006,5.132418675088415,5.199638366699219,8564400,0.0,0.0
2016-07-06 00:00:00-04:00,5.185800051097071,5.23522628195486,5.086947589381494,5.233249187469482,9961200,0.0,0.0
2016-07-07 00:00:00-04:00,5.243134739391702,5.343964297121414,5.177892128753914,5.205570697784424,9082800,0.0,0.0
2016-07-08 00:00:00-04:00,5.272789774398876,5.415137168705945,5.2708126801191995,5.4111833572387695,8416400,0.0,0.0
2016-07-11 00:00:00-04:00,5.557485138262026,5.691924537336118,5.545622572161001,5.624704837799072,14266800,0.0,0.0
2016-07-12 00:00:00-04:00,5.678085548533342,5.727511781857563,5.634590598961232,5.682039737701416,12093200,0.0,0.0
2016-07-13 00:00:00-04:00,5.701810232254434,5.772984127984674,5.670177473505935,5.703787326812744,11811200,0.0,0.0
2016-07-14 00:00:00-04:00,5.723556827946409,5.753212486606264,5.626681098116235,5.658314228057861,7988400,0.0,0.0
2016-07-15 00:00:00-04:00,5.6939014238399075,5.6939014238399075,5.531783453229001,5.5337605476379395,9874000,0.0,0.0
2016-07-18 00:00:00-04:00,5.535737072722167,6.010228746394206,5.510035602233651,5.968710899353027,31168800,0.0,0.0
2016-07-19 00:00:00-04:00,6.10315028859674,6.1881630768847,5.933123957836496,5.968710899353027,17436800,0.0,0.0
2016-07-20 00:00:00-04:00,5.9528953817357015,6.192118158748379,5.93905609739179,6.1525774002075195,15084400,0.0,0.0
2016-07-21 00:00:00-04:00,6.158507422134644,6.296900999882814,6.118966669272425,6.130828857421875,17460400,0.0,0.0
2016-07-22 00:00:00-04:00,6.128853087289277,6.166417131152039,6.059656283465949,6.091289043426514,10361600,0.0,0.0
2016-07-25 00:00:00-04:00,6.033953824819694,6.120943711999421,5.9410322776114555,6.105127334594727,9008800,0.0,0.0
2016-07-26 00:00:00-04:00,6.093265744718956,6.1881640184746365,6.018138038935431,6.178278923034668,10084400,0.0,0.0
2016-07-27 00:00:00-04:00,6.211887779003617,6.24352053184793,6.148622273314989,6.192117214202881,8732800,0.0,0.0
2016-07-28 00:00:00-04:00,6.168393517718418,6.194094990826523,6.087334532487671,6.16246223449707,5687600,0.0,0.0
2016-07-29 00:00:00-04:00,6.178278859324198,6.178278859324198,6.0418623565245,6.118967533111572,6389200,0.0,0.0
2016-08-01 00:00:00-04:00,6.12292062660683,6.126874815114996,5.966733951455999,6.0003437995910645,11550400,0.0,0.0
2016-08-02 00:00:00-04:00,6.041861336232791,6.053723901145852,5.776936753315519,5.780890941619873,13682800,0.0,0.0
2016-08-03 00:00:00-04:00,5.741350318740037,5.897536989346717,5.648428776962493,5.859972953796387,9440400,0.0,0.0
2016-08-04 00:00:00-04:00,5.840202512368179,5.931146578907193,5.8184548542427,5.863926887512207,4826400,0.0,0.0
2016-08-05 00:00:00-04:00,5.9093994058077275,6.047792988178022,5.893583028716167,5.939055442810059,10449200,0.0,0.0
2016-08-08 00:00:00-04:00,5.958826262270254,6.008252493051108,5.859973800708546,5.88962984085083,8176400,0.0,0.0
2016-08-09 00:00:00-04:00,5.883698313889572,5.974642393758089,5.832294990753898,5.857996463775635,8990400,0.0,0.0
2016-08-10 00:00:00-04:00,5.852065949104644,5.976619887928062,5.852065949104644,5.960803508758545,7001200,0.0,0.0
2016-08-11 00:00:00-04:00,6.035931122197589,6.162462145692004,6.016160555503538,6.150599956512451,9911200,0.0,0.0
2016-08-12 00:00:00-04:00,6.12885227381203,6.273176769112574,6.093265329306758,6.198049068450928,8584000,0.0,0.0
2016-08-15 00:00:00-04:00,6.190140593237161,6.342373840713099,6.190140593237161,6.273176670074463,5720400,0.0,0.0
2016-08-16 00:00:00-04:00,6.259337597892544,6.316672204422301,6.160485140089955,6.16246223449707,6347600,0.0,0.0
2016-08-17 00:00:00-04:00,6.103150050415174,6.116989332222142,6.029999076031299,6.093264579772949,7049600,0.0,0.0
2016-08-18 00:00:00-04:00,6.115013100002892,6.166416423311302,6.043839209715524,6.16246223449707,6320400,0.0,0.0
2016-08-19 00:00:00-04:00,6.140714490832855,6.310740836644665,6.107104640546618,6.271199703216553,8659200,0.0,0.0
2016-08-22 00:00:00-04:00,6.326557011294948,6.3463272002814985,6.180255425659815,6.219796180725098,6687600,0.0,0.0
2016-08-23 00:00:00-04:00,6.332488724242037,6.459019759925063,6.292947964137206,6.344351291656494,11361200,0.0,0.0
2016-08-24 00:00:00-04:00,6.3522591936651684,6.407616329079914,6.251429640755476,6.269222736358643,10861600,0.0,0.0
2016-08-25 00:00:00-04:00,6.2613137570621165,6.375982575901623,6.18420897216256,6.358189105987549,24669200,0.0,0.0
2016-08-26 00:00:00-04:00,5.97464294847867,6.0319775601390395,5.672154641873465,5.682039737701416,57973600,0.0,0.0
2016-08-29 00:00:00-04:00,5.68401645922741,5.727511405944824,5.602957472063196,5.727511405944824,17622400,0.0,0.0
2016-08-30 00:00:00-04:00,5.711695075442956,5.725534359647069,5.589118234984628,5.632613182067871,11436400,0.0,0.0
2016-08-31 00:00:00-04:00,5.6306360327871685,5.72355758655406,5.597026181293396,5.612842559814453,11312000,0.0,0.0
2016-09-01 00:00:00-04:00,5.6286592671452995,5.6504069302917665,5.529806801340971,5.5416693687438965,8379200,0.0,0.0
2016-09-02 00:00:00-04:00,5.577255613869023,5.6306360327871685,5.54364613946746,5.612842559814453,6760400,0.0,0.0
2016-09-06 00:00:00-04:00,5.610864866409911,5.668199468110975,5.585163395466373,5.608888149261475,7776400,0.0,0.0
2016-09-07 00:00:00-04:00,5.614898692938954,5.654961956775448,5.586853987970641,5.63493013381958,6064400,0.0925,0.0
2016-09-08 00:00:00-04:00,5.602878419137955,5.630923119347214,5.558808721773661,5.564818382263184,6915200,0.0,0.0
2016-09-09 00:00:00-04:00,5.5968695433546305,5.614898144044972,5.442625018370696,5.4446282386779785,9941600,0.0,0.0
2016-09-12 00:00:00-04:00,5.484691596175867,5.484691596175867,5.378523592527483,5.416584014892578,14428000,0.0,0.0
2016-09-13 00:00:00-04:00,5.398555074754218,5.4866944718547614,5.370510373790236,5.406567573547363,11301600,0.0,0.0
2016-09-14 00:00:00-04:00,5.534771473995474,5.534771473995474,5.396552696137973,5.414581298828125,7417200,0.0,0.0
2016-09-15 00:00:00-04:00,5.384532963337591,5.46265702974345,5.34647292239843,5.458650588989258,8842000,0.0,0.0
2016-09-16 00:00:00-04:00,5.45063738150058,5.460653482787037,5.388539081825334,5.426599502563477,7688000,0.0,0.0
2016-09-19 00:00:00-04:00,5.4866952213441005,5.644946201434282,5.4866952213441005,5.588857173919678,13399200,0.0,0.0
2016-09-20 00:00:00-04:00,5.624914107581209,5.64494592944805,5.534771100218039,5.552799701690674,7460400,0.0,0.0
2016-09-21 00:00:00-04:00,5.566822547090016,5.640939795328913,5.550796783065126,5.63493013381958,6654800,0.0,0.0
2016-09-22 00:00:00-04:00,5.666981275445287,5.699032039319984,5.586853983683301,5.662974834442139,7161200,0.0,0.0
2016-09-23 00:00:00-04:00,5.656964533692927,5.7250724947491785,5.64694881439209,5.64694881439209,5480800,0.0,0.0
2016-09-26 00:00:00-04:00,5.63092408881785,5.648952691315205,5.536774635314941,5.536774635314941,4299600,0.0,0.0
2016-09-27 00:00:00-04:00,5.538777765450941,5.560812808604901,5.462657297762633,5.494708061218262,5772000,0.0,0.0
2016-09-28 00:00:00-04:00,5.498714242343091,5.580844367576721,5.448634879050623,5.5067267417907715,4665600,0.0,0.0
2016-09-29 00:00:00-04:00,5.508729871286995,5.540780632699375,5.434612246723858,5.436615467071533,7032400,0.0,0.0
2016-09-30 00:00:00-04:00,5.484691806145506,5.54879371334738,5.458650704841015,5.526758670806885,7155200,0.0,0.0
2016-10-03 00:00:00-04:00,5.526757963313233,5.580843761493398,5.498713645179152,5.564818382263184,6501600,0.0,0.0
2016-10-04 00:00:00-04:00,5.564817946376722,5.576836884339156,5.414579884583263,5.4346113204956055,9382800,0.0,0.0
2016-10-05 00:00:00-04:00,5.462656784415918,5.504723264220068,5.398555263528525,5.448634624481201,7764400,0.0,0.0
2016-10-06 00:00:00-04:00,5.424595965673246,5.428602405953974,5.268348233401446,5.34446907043457,14990000,0.0,0.0
2016-10-07 00:00:00-04:00,5.368506947968585,5.3945484277181395,5.302402211637281,5.34446907043457,8581600,0.0,0.0
2016-10-10 00:00:00-04:00,5.376520184231634,5.436615264117638,5.338459763197058,5.37451696395874,6398400,0.0,0.0
2016-10-11 00:00:00-04:00,5.372513874228395,5.380526755514668,5.210256848933468,5.218269348144531,8568800,0.0,0.0
2016-10-12 00:00:00-04:00,5.236297279674536,5.300398793470603,5.2082529629075465,5.232291221618652,9787200,0.0,0.0
2016-10-13 00:00:00-04:00,5.208253982161385,5.23629830441664,5.078047709022397,5.102085590362549,10721200,0.0,0.0
2016-10-14 00:00:00-04:00,5.124120017597339,5.146155057907406,5.029970959856926,5.084056377410889,12544400,0.0,0.0
2016-10-17 00:00:00-04:00,5.072037772478289,5.122117134974442,4.937825065705592,4.947841167449951,21926000,0.0,0.0
2016-10-18 00:00:00-04:00,5.001926546260625,5.029971248832405,4.963866506179628,4.971879005432129,8277600,0.0,0.0
2016-10-19 00:00:00-04:00,4.983897739906934,5.009939221073328,4.897761561635925,5.007936000823975,9329600,0.0,0.0
2016-10-20 00:00:00-04:00,4.997920362384719,5.0479997232019,4.989907481257874,5.029971122741699,9061600,0.0,0.0
2016-10-21 00:00:00-04:00,5.025965051920163,5.025965051920163,4.951847424345083,5.009939670562744,7012800,0.0,0.0
2016-10-24 00:00:00-04:00,5.082054006519544,5.082054006519544,4.977888838117851,5.035980701446533,7494000,0.0,0.0
2016-10-25 00:00:00-04:00,5.011942455783852,5.037983554950188,4.937824834644716,4.95785665512085,7639600,0.0,0.0
2016-10-26 00:00:00-04:00,4.95385111212612,5.045997350180881,4.877730639015898,4.961863994598389,13295600,0.0,0.0
2016-10-27 00:00:00-04:00,4.975885328549291,4.989907488466326,4.7855836043390125,4.805615425109863,10813600,0.0,0.0
2016-10-28 00:00:00-04:00,4.805615288970872,4.851688207985981,4.745520210435965,4.787586688995361,7484400,0.0,0.0
2016-10-31 00:00:00-04:00,4.797602193209383,4.843675106492026,4.759541777766043,4.817633628845215,8604800,0.0,0.0
2016-11-01 00:00:00-04:00,4.809622090662815,4.809622090662815,4.671402941161074,4.719479084014893,9996800,0.0,0.0
2016-11-02 00:00:00-04:00,4.124536158464265,4.314837881061384,4.026380657801869,4.192644119262695,54613200,0.0,0.0
2016-11-03 00:00:00-04:00,4.160593251028318,4.190640790111573,4.110513891864497,4.172612190246582,22239600,0.0,0.0
2016-11-04 00:00:00-04:00,4.164599582208616,4.250735756767601,4.128542383424531,4.152580261230469,12305600,0.0,0.0
2016-11-07 00:00:00-05:00,4.206666008433821,4.312834383336595,4.156586651190562,4.25474214553833,11527200,0.0,0.0
2016-11-08 00:00:00-05:00,4.234711136073388,4.256746179738466,4.178622489762639,4.188638210296631,7536000,0.0,0.0
2016-11-09 00:00:00-05:00,4.124535777892735,4.328859641435032,4.106507179222817,4.3128342628479,6962000,0.0,0.0
2016-11-10 00:00:00-05:00,4.358907779628518,4.511149088238224,4.348891677833343,4.3809428215026855,10095200,0.0,0.0
2016-11-11 00:00:00-05:00,4.368923600183492,4.481101650427226,4.306825295921042,4.471085548400879,8789600,0.0,0.0
2016-11-14 00:00:00-05:00,4.495123599717246,4.665393505402597,4.487110718473132,4.605298042297363,8301600,0.0,0.0
2016-11-15 00:00:00-05:00,4.593279464216957,4.605298404954386,4.445044588204545,4.5371904373168945,8867200,0.0,0.0
2016-11-16 00:00:00-05:00,4.513152386278913,4.643358655255598,4.495123784812502,4.619320392608643,6833200,0.0,0.0
2016-11-17 00:00:00-05:00,4.669399614160658,4.707460036329058,4.609304532484414,4.699447154998779,4574000,0.0,0.0
2016-11-18 00:00:00-05:00,4.681418936156075,4.715472917659336,4.613310973149553,4.699447154998779,6716000,0.0,0.0
2016-11-21 00:00:00-05:00,4.713469697326767,4.721482196581834,4.639352073322535,4.699447154998779,8942000,0.0,0.0
2016-11-22 00:00:00-05:00,4.745520865950749,4.849685657661543,4.727492263484887,4.829654216766357,14966800,0.0,0.0
2016-11-23 00:00:00-05:00,4.963866907851733,5.290384206873274,4.9358222030105985,5.220273017883301,37507200,0.0,0.0
2016-11-25 00:00:00-05:00,5.236297427007148,5.3064086029724855,5.164183412995096,5.172195911407471,9253200,0.0,0.0
2016-11-28 00:00:00-05:00,5.208253313800263,5.208253313800263,4.959859740068042,5.037983417510986,11262800,0.0,0.0
2016-11-29 00:00:00-05:00,5.052214616233483,5.088810196063482,4.950560400163514,4.979023456573486,9284400,0.0925,0.0
2016-11-30 00:00:00-05:00,4.972924979364143,5.050182414954764,4.930230386890482,5.019686222076416,12769200,0.0,0.0
2016-12-01 00:00:00-05:00,5.013587270354779,5.08677844993899,4.970892674117433,5.009521007537842,5762800,0.0,0.0
2016-12-02 00:00:00-05:00,5.003421518065186,5.048149241393012,4.90583315878064,4.934296607971191,6291200,0.0,0.0
2016-12-05 00:00:00-05:00,4.968859447997972,5.058314901584499,4.934296990273128,4.985124111175537,9341200,0.0,0.0
2016-12-06 00:00:00-05:00,5.011553572123872,5.0684800817819315,4.999355172832903,5.060347557067871,6032000,0.0,0.0
2016-12-07 00:00:00-05:00,5.117274215474426,5.3083842862286845,5.115241084236812,5.273821830749512,11197200,0.0,0.0
2016-12-08 00:00:00-05:00,5.286020448804948,5.322616037033805,5.192498734691331,5.279921054840088,12400800,0.0,0.0
2016-12-09 00:00:00-05:00,5.265688608700093,5.353111301443366,5.2392586816703055,5.290085792541504,9806800,0.0,0.0
2016-12-12 00:00:00-05:00,5.298218248042196,5.381574683873758,5.239258997522848,5.3714094161987305,8584800,0.0,0.0
2016-12-13 00:00:00-05:00,5.389707378189676,5.458832286343849,5.353111792957453,5.365310192108154,9597200,0.0,0.0
2016-12-14 00:00:00-05:00,5.355144306701878,5.371408966287651,5.121339679738857,5.139637470245361,9493200,0.0,0.0
2016-12-15 00:00:00-05:00,5.137605340662012,5.2270607919289125,5.10304288383339,5.15183687210083,7859200,0.0,0.0
2016-12-16 00:00:00-05:00,5.153869779908345,5.220961559339004,5.141671380315533,5.1681013107299805,13533200,0.0,0.0
2016-12-19 00:00:00-05:00,5.166068267782388,5.267722504279925,5.166068267782388,5.265689373016357,5266800,0.0,0.0
2016-12-20 00:00:00-05:00,5.257556456775323,5.318548834525073,5.2534901948506505,5.3104166984558105,4126800,0.0,0.0
2016-12-21 00:00:00-05:00,5.3002515462642545,5.395806771655086,5.255523824191602,5.365310192108154,7517600,0.0,0.0
2016-12-22 00:00:00-05:00,5.361244519455868,5.361244519455868,5.090844270122652,5.094910144805908,9186000,0.0,0.0
2016-12-23 00:00:00-05:00,5.19656426935493,5.288053233937637,5.147770284170861,5.166068077087402,7910400,0.0,0.0
2016-12-27 00:00:00-05:00,5.166067835196236,5.286019855241431,5.164034704102915,5.275854587554932,6384400,0.0,0.0
2016-12-28 00:00:00-05:00,5.243325688985374,5.275855013544822,5.098976471945203,5.1376051902771,6864400,0.0,0.0
2016-12-29 00:00:00-05:00,5.131505946711027,5.237226448513889,5.131505946711027,5.15183687210083,6859200,0.0,0.0
2016-12-30 00:00:00-05:00,5.168101760402951,5.235193545671221,5.127439907848779,5.13557243347168,6991200,0.0,0.0
2017-01-03 00:00:00-05:00,5.17216714900873,5.178266154414879,5.086777583301743,5.157935619354248,7765600,0.0,0.0
2017-01-04 00:00:00-05:00,5.200631396357254,5.296186251423243,5.200631396357254,5.269756317138672,8977200,0.0,0.0
2017-01-05 00:00:00-05:00,5.196564817569015,5.196564817569015,5.062381247212033,5.082712173461914,12150800,0.0,0.0
2017-01-06 00:00:00-05:00,5.113208285226339,5.11727454796577,4.981057848436106,4.985124111175537,9334400,0.0,0.0
2017-01-09 00:00:00-05:00,5.001387508198499,5.013585905548478,4.946494138453501,4.979023456573486,6586800,0.0,0.0
2017-01-10 00:00:00-05:00,4.985124206196549,5.1030431134265735,4.968859542708965,5.009521007537842,8972400,0.0,0.0
2017-01-11 00:00:00-05:00,5.029851235691355,5.109141410715209,4.981057252001282,5.003421306610107,10173600,0.0,0.0
2017-01-12 00:00:00-05:00,5.0034213025194045,5.070513078510916,4.99732190914559,5.025784969329834,10572800,0.0,0.0
2017-01-13 00:00:00-05:00,4.5317455983441315,4.714723128279754,4.527679336221538,4.621201038360596,59295600,0.0,0.0
2017-01-17 00:00:00-05:00,4.623233619117497,4.82857517850544,4.611035221981792,4.745218753814697,19933600,0.0,0.0
2017-01-18 00:00:00-05:00,4.737087110757655,4.802146145723789,4.655763801775144,4.7757158279418945,8723600,0.0,0.0
2017-01-19 00:00:00-05:00,4.783848115115096,4.81637743709236,4.712690077872293,4.739120006561279,8009600,0.0,0.0
2017-01-20 00:00:00-05:00,4.769616314243172,4.8041787681629105,4.743186384906957,4.794013500213623,10264400,0.0,0.0
2017-01-23 00:00:00-05:00,4.812311658858218,4.8794034406560325,4.76758393358639,4.865171909332275,8745200,0.0,0.0
2017-01-24 00:00:00-05:00,4.867204035862652,4.909898621020187,4.822475932044207,4.852972507476807,11402400,0.0,0.0
2017-01-25 00:00:00-05:00,4.879403246880278,4.924130970375833,4.865171716121697,4.913965702056885,7550800,0.0,0.0
2017-01-26 00:00:00-05:00,4.93023031018829,5.019686143982512,4.903800380179608,4.924130916595459,12641200,0.0,0.0
2017-01-27 00:00:00-05:00,4.936330059452197,4.981057785681955,4.87127101978143,4.942429065704346,10677600,0.0,0.0
2017-01-30 00:00:00-05:00,4.90379958459865,4.926163248583883,4.848906214509322,4.9159979820251465,6925200,0.0,0.0
2017-01-31 00:00:00-05:00,4.875336109648511,4.989189110848519,4.850939314948551,4.979023456573486,6387600,0.0,0.0
2017-02-01 00:00:00-05:00,4.979025031805035,5.009521228718202,4.895668579278293,4.940396308898926,7011600,0.0,0.0
2017-02-02 00:00:00-05:00,4.958693878933785,4.997322600081909,4.934297077625617,4.956660747528076,6607200,0.0,0.0
2017-02-03 00:00:00-05:00,4.950561727744128,5.062381240295448,4.936330195722705,5.029851913452148,8970800,0.0,0.0
2017-02-06 00:00:00-05:00,5.029851865776569,5.072546849216317,4.985124138736027,5.017653465270996,6818400,0.0,0.0
2017-02-07 00:00:00-05:00,5.021719215271592,5.082711599351765,4.983090498538084,5.0074872970581055,8718400,0.0,0.0
2017-02-08 00:00:00-05:00,4.999355752106347,5.054249136946368,4.989190482816047,5.040017604827881,5553600,0.0,0.0
2017-02-09 00:00:00-05:00,5.040016845574378,5.164034740910058,5.031884321143129,5.162001609802246,5953200,0.0,0.0
2017-02-10 00:00:00-05:00,5.188432517102209,5.235193374565068,5.141671659639349,5.216895580291748,6084000,0.0,0.0
2017-02-13 00:00:00-05:00,5.235192660812904,5.255523583653634,5.143703701919668,5.157935619354248,5883200,0.0,0.0
2017-02-14 00:00:00-05:00,5.137605176751599,5.259590337418453,5.133538914247338,5.233160018920898,6170800,0.0,0.0
2017-02-15 00:00:00-05:00,5.235193559258206,5.302285344700599,5.192498962967667,5.241292953491211,8586800,0.0,0.0
2017-02-16 00:00:00-05:00,5.225027821796652,5.261623020575086,5.143704123764226,5.1681013107299805,7183200,0.0,0.0
2017-02-17 00:00:00-05:00,5.157935970513216,5.2067299559848665,5.141671308689332,5.198597431182861,4966800,0.0,0.0
2017-02-21 00:00:00-05:00,5.253490561312626,5.336846997682593,5.235192769155306,5.330747604370117,10881200,0.0,0.0
2017-02-22 00:00:00-05:00,5.326681663410787,5.347012198638227,5.290086079553231,5.3388800621032715,5510800,0.0,0.0
2017-02-23 00:00:00-05:00,5.35107916672665,5.355145429420613,5.188432536769669,5.196564674377441,9848800,0.0,0.0
2017-02-24 00:00:00-05:00,5.194530593589783,5.387673770669203,5.17420005939623,5.3429460525512695,7966800,0.0,0.0
2017-02-27 00:00:00-05:00,5.328714893096017,5.424270123619386,5.220961650546876,5.391740798950195,9205200,0.0,0.0
2017-02-28 00:00:00-05:00,5.353111572419713,5.353111572419713,4.791980193463414,4.96885871887207,31031600,0.0,0.0
2017-03-01 00:00:00-05:00,4.9952884910582505,5.068479656218987,4.936329242952172,4.976990699768066,13366000,0.0,0.0
2017-03-02 00:00:00-05:00,4.974958335479231,5.103042894250355,4.9708924606170894,5.078645706176758,9901600,0.0,0.0
2017-03-03 00:00:00-05:00,5.09490936554943,5.147769606148212,5.0847440987258485,5.139637470245361,7311600,0.0,0.0
2017-03-06 00:00:00-05:00,5.139637845961641,5.143703720320252,5.023751701688949,5.064413547515869,9102400,0.0,0.0
2017-03-07 00:00:00-05:00,5.0400174199223,5.0562820828581705,4.964793111481304,5.015620231628418,9258400,0.0,0.0
2017-03-08 00:00:00-05:00,5.031885051727294,5.117274631752662,5.00342198764556,5.082712173461914,9521600,0.0,0.0
2017-03-09 00:00:00-05:00,5.082712173461914,5.131506163793529,5.046116583768161,5.082712173461914,9594800,0.0,0.0
2017-03-10 00:00:00-05:00,5.099227615039234,5.223095173489284,5.084776032372387,5.19832181930542,12197600,0.095,0.0
2017-03-13 00:00:00-04:00,5.113678316911563,5.119871457985009,4.977423700581171,4.993939399719238,15760400,0.0,0.0
2017-03-14 00:00:00-04:00,4.991875886449387,5.086841077044373,4.954715457515555,5.0703253746032715,7399200,0.0,0.0
2017-03-15 00:00:00-04:00,5.090969755539855,5.115743504402661,5.016648902716816,5.093034267425537,11586000,0.0,0.0
2017-03-16 00:00:00-04:00,5.076518699263038,5.078583211202872,4.962973298929869,5.008391380310059,12534000,0.0,0.0
2017-03-17 00:00:00-04:00,5.0145851539211606,5.093034642527996,4.996004939346966,5.086841106414795,21716400,0.0,0.0
2017-03-20 00:00:00-04:00,5.090969554194358,5.128129979136201,4.905167823250512,4.929941177368164,16464800,0.0,0.0
2017-03-21 00:00:00-04:00,4.960908503624289,4.983617346134566,4.832911527023431,4.956779479980469,11402000,0.0,0.0
2017-03-22 00:00:00-04:00,4.95884449816549,4.9774247126945985,4.905168366610891,4.97329568862915,8168000,0.0,0.0
2017-03-23 00:00:00-04:00,4.985681846172535,5.045551507570322,4.913425507637932,4.9464569091796875,18648800,0.0,0.0
2017-03-24 00:00:00-04:00,4.411761424908663,4.4509859723668646,4.265184220212754,4.273442268371582,63778400,0.0,0.0
2017-03-27 00:00:00-04:00,4.197057231922486,4.3539566155359495,4.1784770158521125,4.304409503936768,27849200,0.0,0.0
2017-03-28 00:00:00-04:00,4.310601381864712,4.496403488046,4.279634495422939,4.484016418457031,17114400,0.0,0.0
2017-03-29 00:00:00-04:00,4.496403949431536,4.570724405764906,4.453049988952152,4.531499862670898,13033200,0.0,0.0
2017-03-30 00:00:00-04:00,4.521177039465526,4.642980472781774,4.512919386473333,4.636786937713623,8888000,0.0,0.0
2017-03-31 00:00:00-04:00,4.636786687147945,4.694591830030953,4.618206870478203,4.655366897583008,11736800,0.0,0.0
2017-04-03 00:00:00-04:00,4.649174206476841,4.6698189304873425,4.525306256179192,4.5418219566345215,10836400,0.0,0.0
2017-04-04 00:00:00-04:00,4.529434894202364,4.585175132391308,4.4881454496957955,4.537692546844482,8948000,0.0,0.0
2017-04-05 00:00:00-04:00,4.581046796950463,4.601691520528662,4.488145737731241,4.492274761199951,8675600,0.0,0.0
2017-04-06 00:00:00-04:00,4.533563846467219,4.576917805662801,4.488145769288119,4.508790493011475,13184800,0.0,0.0
2017-04-07 00:00:00-04:00,4.504661016729479,4.545950460025998,4.4551139210328445,4.471629619598389,15018000,0.0,0.0
2017-04-10 00:00:00-04:00,4.45924360228865,4.56659585569227,4.450985554904354,4.517048358917236,9381200,0.0,0.0
2017-04-11 00:00:00-04:00,4.5005326406078625,4.572788979881116,4.47575928608098,4.564531326293945,10873600,0.0,0.0
2017-04-12 00:00:00-04:00,4.578982697746663,4.578982697746663,4.514984403277314,4.556273460388184,7532400,0.0,0.0
2017-04-13 00:00:00-04:00,4.554209347399857,4.632659232183586,4.537693644355716,4.620272159576416,14654400,0.0,0.0
2017-04-17 00:00:00-04:00,4.634722610149886,4.737945827357988,4.624400052169881,4.725558757781982,14218000,0.0,0.0
2017-04-18 00:00:00-04:00,4.715236663818359,4.744139039062333,4.667754077698881,4.715236663818359,7945200,0.0,0.0
2017-04-19 00:00:00-04:00,4.73175271921627,4.7751062853453625,4.698721318232573,4.702850341796875,6722000,0.0,0.0
2017-04-20 00:00:00-04:00,4.737946128752469,4.837040329072238,4.737946128752469,4.7874932289123535,7626400,0.0,0.0
2017-04-21 00:00:00-04:00,4.797815393783656,4.804008928965648,4.7358816170251385,4.7874932289123535,7064800,0.0,0.0
2017-04-24 00:00:00-04:00,4.830847294169816,4.849427507874597,4.740010737587042,4.793686866760254,10865600,0.0,0.0
2017-04-25 00:00:00-04:00,4.814331561677945,4.849427476922371,4.768913480559141,4.830847263336182,5766800,0.0,0.0
2017-04-26 00:00:00-04:00,4.834976095662798,4.950586002690766,4.81226685912029,4.882458686828613,8846400,0.0,0.0
2017-04-27 00:00:00-04:00,4.886587687359351,4.894845340939523,4.756526591790026,4.768913269042969,11881200,0.0,0.0
2017-04-28 00:00:00-04:00,4.766848403593078,4.766848403593078,4.6388514355898165,4.684269905090332,12417200,0.0,0.0
2017-05-01 00:00:00-04:00,4.700785830014723,4.797815521183664,4.657431870120271,4.702850341796875,10979200,0.0,0.0
2017-05-02 00:00:00-04:00,4.713172198297839,4.861813492990627,4.694591987240574,4.839104652404785,7152800,0.0,0.0
2017-05-03 00:00:00-04:00,4.843233403198621,4.954714672333489,4.82671770337479,4.948521137237549,12509200,0.0,0.0
2017-05-04 00:00:00-04:00,4.950585486215608,4.983616884777562,4.857684825422108,4.865942478179932,5856000,0.0,0.0
2017-05-05 00:00:00-04:00,4.892781468779731,4.956779763862755,4.868007719263346,4.954715251922607,4682400,0.0,0.0
2017-05-08 00:00:00-04:00,4.9547154893691125,5.05174519261371,4.921684084274551,5.033164978027344,8862800,0.0,0.0
2017-05-09 00:00:00-04:00,5.022841520570828,5.107484523590433,4.97329442566413,5.055872917175293,7800000,0.0,0.0
2017-05-10 00:00:00-04:00,5.066196311761428,5.187999360761543,5.04555158703136,5.150839328765869,9637200,0.0,0.0
2017-05-11 00:00:00-04:00,5.1838711875161,5.2251602468483425,5.004262578436354,5.026971817016602,12190800,0.0,0.0
2017-05-12 00:00:00-04:00,5.012519544443473,5.02697073177826,4.90929632774891,4.960907936096191,7281200,0.0,0.0
2017-05-15 00:00:00-04:00,4.98361709794788,5.095098368186999,4.975359444836841,5.029035568237305,8557600,0.0,0.0
2017-05-16 00:00:00-04:00,5.022842084228598,5.060002508020049,4.934070048230208,5.05174446105957,8138800,0.0,0.0
2017-05-17 00:00:00-04:00,5.051745378255367,5.051745378255367,4.903104049867565,4.921684265136719,8830800,0.0,0.0
2017-05-18 00:00:00-04:00,4.94232791168856,4.965036752456024,4.855620390649626,4.90929651260376,6992800,0.0,0.0
2017-05-19 00:00:00-04:00,4.913425510036362,5.018713250164117,4.868007431335619,5.000133037567139,10678400,0.0,0.0
2017-05-22 00:00:00-04:00,5.026971039111464,5.078582650614116,4.9629727511024715,4.965036869049072,9823600,0.0,0.0
2017-05-23 00:00:00-04:00,5.031100394832429,5.031100394832429,4.671883208534672,4.67807674407959,22539200,0.0,0.0
2017-05-24 00:00:00-04:00,4.66775450740579,4.7214306333468965,4.630594082233841,4.688398838043213,9792400,0.0,0.0
2017-05-25 00:00:00-04:00,4.87213697857521,4.886588169089166,4.692528368757191,4.876266002655029,30954000,0.0,0.0
2017-05-26 00:00:00-04:00,4.566595888039979,4.6264651569387265,4.386987293812989,4.587240219116211,56848000,0.0,0.0
2017-05-30 00:00:00-04:00,4.578982786581416,4.733817639723175,4.576918274621012,4.659496784210205,22719600,0.0,0.0
2017-05-31 00:00:00-04:00,4.673947229448388,4.68633429923713,4.519112400977099,4.570724010467529,21626000,0.0,0.0
2017-06-01 00:00:00-04:00,4.572788855878877,4.740010372579515,4.564531202515632,4.702850341796875,14764000,0.0,0.0
2017-06-02 00:00:00-04:00,4.69252764871082,4.702850207326419,4.614078172059016,4.680140972137451,9402000,0.0,0.0
2017-06-05 00:00:00-04:00,4.671742997451042,4.73893204614684,4.610852671771525,4.720035076141357,7822800,0.095,0.0
2017-06-06 00:00:00-04:00,4.67174285051255,4.694839235454659,4.596154972868053,4.598254680633545,12421600,0.0,0.0
2017-06-07 00:00:00-04:00,4.610852598539812,4.6633440920595,4.583557198120032,4.627650260925293,8619200,0.0,0.0
2017-06-08 00:00:00-04:00,4.650746003792869,4.709536617648522,4.478573978082101,4.486972808837891,14475200,0.0,0.0
2017-06-09 00:00:00-04:00,4.4785738502804975,4.638148025782228,4.472274727393407,4.6213507652282715,11822800,0.0,0.0
2017-06-12 00:00:00-04:00,4.606653049433362,4.65074570664923,4.533164886928647,4.558360576629639,13127600,0.0,0.0
2017-06-13 00:00:00-04:00,4.5730583217777445,4.654944910303592,4.528965266086577,4.61505126953125,7673600,0.0,0.0
2017-06-14 00:00:00-04:00,4.610852261253116,4.610852261253116,4.461776622791768,4.541563510894775,9924400,0.0,0.0
2017-06-15 00:00:00-04:00,4.51846726189799,4.545762658715056,4.438679978011315,4.455477237701416,9284400,0.0,0.0
2017-06-16 00:00:00-04:00,4.434481867423791,4.444980006690819,4.304302777929596,4.32319974899292,14732000,0.0,0.0
2017-06-19 00:00:00-04:00,4.335797112571318,4.4029861575336975,4.272807483038662,4.3672919273376465,8533600,0.0,0.0
2017-06-20 00:00:00-04:00,4.350494101253337,4.3630923459068205,4.29800261663189,4.3336968421936035,7184800,0.0,0.0
2017-06-21 00:00:00-04:00,4.3378970381585065,4.398787363512836,4.260209851198252,4.29590368270874,8776800,0.0,0.0
2017-06-22 00:00:00-04:00,4.302202686471258,4.365192717893361,4.291704548140061,4.312701225280762,16845600,0.0,0.0
2017-06-23 00:00:00-04:00,4.298002897564029,4.337896540617821,4.2539102398295245,4.33579683303833,6991200,0.0,0.0
2017-06-26 00:00:00-04:00,4.339996506425294,4.444979488776677,4.3378967987208705,4.436580657958984,9228800,0.0,0.0
2017-06-27 00:00:00-04:00,4.423982983402804,4.514268415795239,4.4176842605240925,4.489072322845459,6988800,0.0,0.0
2017-06-28 00:00:00-04:00,4.514267727989565,4.568858920664503,4.499570176207515,4.516367435455322,12645600,0.0,0.0
2017-06-29 00:00:00-04:00,4.5268659446872395,4.57305871177723,4.468075732722936,4.537364482879639,6932800,0.0,0.0
2017-06-30 00:00:00-04:00,4.566759588861791,4.5772577265759065,4.4911717157896485,4.537364482879639,4604400,0.0,0.0
2017-07-03 00:00:00-04:00,4.5709596798836545,4.619251761273071,4.526866613913673,4.5352654457092285,5637600,0.0,0.0
2017-07-05 00:00:00-04:00,4.526865572305859,4.558360383335717,4.489071638878728,4.516367435455322,10736800,0.0,0.0
2017-07-06 00:00:00-04:00,4.486973115160947,4.522667347353295,4.4239830816271075,4.434481620788574,6033200,0.0,0.0
2017-07-07 00:00:00-04:00,4.440780756833591,4.4680765607138015,4.379890825947136,4.3903889656066895,7423600,0.0,0.0
2017-07-10 00:00:00-04:00,4.386188983917236,4.4134847842774345,4.365192707305767,4.386188983917236,6586000,0.0,0.0
2017-07-11 00:00:00-04:00,4.400886058807373,4.423982441140477,4.369391246839307,4.400886058807373,4670800,0.0,0.0
2017-07-12 00:00:00-04:00,4.440780076844877,4.46387646113332,4.405085846798327,4.4071855545043945,4348000,0.0,0.0
2017-07-13 00:00:00-04:00,4.459677416221728,4.499571064994692,4.417684460046587,4.442880153656006,6997600,0.0,0.0
2017-07-14 00:00:00-04:00,4.461777130082807,4.476474684787724,4.402986510784812,4.413485050201416,4919600,0.0,0.0
2017-07-17 00:00:00-04:00,4.415584262501651,4.531065379774968,4.405085724263349,4.468075752258301,6917200,0.0,0.0
2017-07-18 00:00:00-04:00,4.489071561802896,4.491171269232601,4.405085267005872,4.4281816482543945,4412800,0.0,0.0
2017-07-19 00:00:00-04:00,4.440780424371685,4.507969474310734,4.421883454016536,4.482773780822754,3891600,0.0,0.0
2017-07-20 00:00:00-04:00,4.472274107587978,4.480672936940117,4.430281162261963,4.430281162261963,7422800,0.0,0.0
2017-07-21 00:00:00-04:00,4.438679889341696,4.447078719258097,4.35049417761075,4.363092422485352,14301600,0.0,0.0
2017-07-24 00:00:00-04:00,4.346295651145626,4.409285280678283,4.335797112571318,4.3672919273376465,6337200,0.0,0.0
2017-07-25 00:00:00-04:00,4.407185814272763,4.486973109892954,4.3966876756019415,4.463876724243164,8422000,0.0,0.0
2017-07-26 00:00:00-04:00,4.4680758615582485,4.478573999575074,4.39878710940363,4.417684078216553,7079600,0.0,0.0
2017-07-27 00:00:00-04:00,4.428182174377445,4.568859385056001,4.415584328780673,4.5562615394592285,15353600,0.0,0.0
2017-07-28 00:00:00-04:00,4.543663026271577,4.562559993794969,4.493271246368622,4.514267921447754,4938800,0.0,0.0
2017-07-31 00:00:00-04:00,4.524766517171386,4.568859579352643,4.49537140936942,4.55416202545166,5477600,0.0,0.0
2017-08-01 00:00:00-04:00,4.554161565440665,4.554161565440665,4.438680052709319,4.484872817993164,12236400,0.0,0.0
2017-08-02 00:00:00-04:00,4.4764744766097255,4.539464508745017,4.465976338159665,4.489072322845459,4464400,0.0,0.0
2017-08-03 00:00:00-04:00,4.4764736040331945,4.581456569983234,4.4764736040331945,4.5478620529174805,4191600,0.0,0.0
2017-08-04 00:00:00-04:00,4.5730584111063495,4.642347156707434,4.554161444080758,4.60455322265625,4544400,0.0,0.0
2017-08-07 00:00:00-04:00,4.606653298597681,4.673842342072131,4.583556914723982,4.654945373535156,5110400,0.0,0.0
2017-08-08 00:00:00-04:00,4.661244892923022,4.696939125363974,4.598254858950464,4.606653690338135,5690000,0.0,0.0
2017-08-09 00:00:00-04:00,4.566759567128608,4.644447147469516,4.539464168914836,4.636048316955566,6014000,0.0,0.0
2017-08-10 00:00:00-04:00,4.600354521385843,4.600354521385843,4.505869671598858,4.507969379425049,6085200,0.0,0.0
2017-08-11 00:00:00-04:00,4.459676710698158,4.583556652701851,4.423982483333055,4.568859100341797,6477200,0.0,0.0
2017-08-14 00:00:00-04:00,4.6087533113538095,4.617151742104926,4.560460832741207,4.587756633758545,6135600,0.0,0.0
2017-08-15 00:00:00-04:00,4.556261398785039,4.570958951607204,4.363092703525989,4.394587516784668,15553600,0.0,0.0
2017-08-16 00:00:00-04:00,4.434481330999063,4.512168513325526,4.426082500218746,4.491171836853027,9757600,0.0,0.0
2017-08-17 00:00:00-04:00,4.486972058954221,4.547861969844322,4.409284489359842,4.430281162261963,7758400,0.0,0.0
2017-08-18 00:00:00-04:00,4.419783010800169,4.478573619954653,4.4029857511100685,4.455477237701416,8494000,0.0,0.0
2017-08-21 00:00:00-04:00,4.442879979911302,4.4848733349225665,4.402986332698432,4.405086040496826,6532400,0.0,0.0
2017-08-22 00:00:00-04:00,4.434481500763639,4.554162040616813,4.4281823774372535,4.543663501739502,9895200,0.0,0.0
2017-08-23 00:00:00-04:00,4.533165278049836,4.5814573545419295,4.453377985996698,4.510068893432617,9731600,0.0,0.0
2017-08-24 00:00:00-04:00,4.566759482425464,4.644447061325441,4.5457628070083125,4.573058605194092,16938400,0.0,0.0
2017-08-25 00:00:00-04:00,4.17832244017656,4.186721270637837,3.9305625482647986,4.073339462280273,82002800,0.0,0.0
2017-08-28 00:00:00-04:00,4.07543899156854,4.136329308313612,3.980954155404899,4.020847797393799,20913600,0.0,0.0
2017-08-29 00:00:00-04:00,3.974655690373523,4.004050796646334,3.9137653696903727,3.936861753463745,18670800,0.0,0.0
2017-08-30 00:00:00-04:00,3.9368619321501614,3.9830543013152,3.922164378346663,3.945260763168335,8840400,0.0,0.0
2017-08-31 00:00:00-04:00,3.9536595643146795,3.9620583961201388,3.878071679978913,3.884370803833008,10518400,0.0,0.0
2017-09-01 00:00:00-04:00,3.9053668963364596,3.964157108231833,3.9053668963364596,3.9200644493103027,9377200,0.0,0.0
2017-09-05 00:00:00-04:00,3.924264126085567,3.9809546341226376,3.896968325476691,3.9767556190490723,10584000,0.0,0.0
2017-09-06 00:00:00-04:00,3.989353439391384,4.062841609160045,3.9872537316290444,4.060741901397705,11683200,0.0,0.0
2017-09-07 00:00:00-04:00,4.073591467475927,4.1421271139037765,4.028614694192227,4.037181854248047,11212000,0.095,0.0
2017-09-08 00:00:00-04:00,4.03718262891281,4.11000186934131,4.013623342743369,4.101434707641602,8876800,0.0,0.0
2017-09-11 00:00:00-04:00,4.114284898386116,4.16568704978452,4.097150984088228,4.112143516540527,8818400,0.0,0.0
2017-09-12 00:00:00-04:00,4.124993685332265,4.270632155298002,4.114284734008476,4.182820796966553,13388000,0.0,0.0
2017-09-13 00:00:00-04:00,4.197813766707963,4.292050514834363,4.187104813224959,4.287766933441162,7023600,0.0,0.0
2017-09-14 00:00:00-04:00,4.296332683950853,4.347734423145628,4.259923067624799,4.300616264343262,7686800,0.0,0.0
2017-09-15 00:00:00-04:00,4.298474880690136,4.377719491425689,4.283482756403483,4.345593452453613,10021600,0.0,0.0
2017-09-18 00:00:00-04:00,4.367010570052738,4.418412314469432,4.304900282071848,4.319892406463623,8383600,0.0,0.0
2017-09-19 00:00:00-04:00,4.319891777614587,4.339167480027967,4.2663482505784645,4.3241753578186035,5441200,0.0,0.0
2017-09-20 00:00:00-04:00,4.311325131940975,4.322034083729569,4.285624464657829,4.304900169372559,4860000,0.0,0.0
2017-09-21 00:00:00-04:00,4.283482743912403,4.3241759443609,4.255640285819061,4.259923458099365,5662000,0.0,0.0
2017-09-22 00:00:00-04:00,4.255640729315871,4.292050352773704,4.253498938700141,4.285624980926514,4003600,0.0,0.0
2017-09-25 00:00:00-04:00,4.289908507547246,4.384144842411001,4.285624926370316,4.377719879150391,4635200,0.0,0.0
2017-09-26 00:00:00-04:00,4.4012781423681755,4.448396711707524,4.356301771822138,4.422695636749268,8520400,0.0,0.0
2017-09-27 00:00:00-04:00,4.45053874800093,4.49123154021911,4.39056984212002,4.465530872344971,8193600,0.0,0.0
2017-09-28 00:00:00-04:00,4.45696280553354,4.4826638766926905,4.4141282316078465,4.452679634094238,6883600,0.0,0.0
2017-09-29 00:00:00-04:00,4.454821837393909,4.465530789229437,4.394853341133924,4.424837589263916,6262800,0.0,0.0
2017-10-02 00:00:00-04:00,4.422696196080575,4.429121567758927,4.358444113316169,4.3841447830200195,6238800,0.0,0.0
2017-10-03 00:00:00-04:00,4.390569960814885,4.392711751279756,4.302758594278967,4.3284592628479,5561200,0.0,0.0
2017-10-04 00:00:00-04:00,4.302758291217389,4.345593280488242,4.289907957838026,4.337026119232178,4735200,0.0,0.0
2017-10-05 00:00:00-04:00,4.347734546438525,4.396994905338729,4.330600632887717,4.394853115081787,4584000,0.0,0.0
2017-10-06 00:00:00-04:00,4.3712947280845595,4.388428645152559,4.287766933441162,4.287766933441162,6607200,0.0,0.0
2017-10-09 00:00:00-04:00,4.298475062859923,4.337026474662127,4.281341147448362,4.315608978271484,7199600,0.0,0.0
2017-10-10 00:00:00-04:00,4.3241759379873095,4.345593433376253,4.272774194156694,4.332742691040039,7053200,0.0,0.0
2017-10-11 00:00:00-04:00,4.3306010907968275,4.3306010907968275,4.1678286906005635,4.195671558380127,9236000,0.0,0.0
2017-10-12 00:00:00-04:00,4.195671120092111,4.2170886141841315,4.137844008595073,4.176395416259766,7103200,0.0,0.0
2017-10-13 00:00:00-04:00,4.20637952786404,4.234222391841347,4.178537072391442,4.221371650695801,4371600,0.0,0.0
2017-10-16 00:00:00-04:00,4.217089137005184,4.219230927530391,4.112143852298703,4.157120227813721,6058800,0.0,0.0
2017-10-17 00:00:00-04:00,4.16782832968469,4.219230479825794,4.1442694534168085,4.210663318634033,5004400,0.0,0.0
2017-10-18 00:00:00-04:00,4.223513910336071,4.302758522189582,4.202096823055707,4.294191360473633,7648800,0.0,0.0
2017-10-19 00:00:00-04:00,4.285624607262438,4.315608856258751,4.268490692335295,4.294191360473633,5086400,0.0,0.0
2017-10-20 00:00:00-04:00,4.3113250732421875,4.352018272475327,4.292049777294633,4.3113250732421875,6760800,0.0,0.0
2017-10-23 00:00:00-04:00,4.313467317525417,4.401278687714014,4.313467317525417,4.343451976776123,6814400,0.0,0.0
2017-10-24 00:00:00-04:00,4.373435525497182,4.386285858253444,4.270632046437659,4.2749152183532715,6804800,0.0,0.0
2017-10-25 00:00:00-04:00,4.274915122893341,4.283482283542685,4.142127400866152,4.199954509735107,10313600,0.0,0.0
2017-10-26 00:00:00-04:00,4.18710412164104,4.227797321145546,4.12713562606044,4.178537368774414,8568400,0.0,0.0
2017-10-27 00:00:00-04:00,4.15497832502191,4.165687277358589,4.052174833618363,4.142127990722656,8920800,0.0,0.0
2017-10-30 00:00:00-04:00,4.161403514958692,4.169970267949704,3.9836389989691705,4.02004861831665,9008000,0.0,0.0
2017-10-31 00:00:00-04:00,4.045749489671206,4.077875938394493,3.9814974092341586,4.002914905548096,8775600,0.0,0.0
2017-11-01 00:00:00-04:00,3.9986311259699723,4.058600030969353,3.9686468777226547,3.9836390018463135,9954800,0.0,0.0
2017-11-02 00:00:00-04:00,3.983639041630245,3.983639041630245,3.902252640567955,3.9643633365631104,11618400,0.0,0.0
2017-11-03 00:00:00-04:00,3.9622214375338594,3.972929980719894,3.876551866531372,3.876551866531372,8081600,0.0,0.0
2017-11-06 00:00:00-05:00,3.870126614868443,3.9001108635178188,3.7930237943360474,3.8187248706817627,12196000,0.0,0.0
2017-11-07 00:00:00-05:00,3.829433071307358,3.8529923551393495,3.655952149147848,3.6645193099975586,11377600,0.0,0.0
2017-11-08 00:00:00-05:00,3.6773698427126984,3.703070918154532,3.636676643473436,3.683795213699341,8921600,0.0,0.0
2017-11-09 00:00:00-05:00,3.670944484803803,3.852992578359857,3.6645195222990075,3.760897636413574,11451600,0.0,0.0
2017-11-10 00:00:00-05:00,3.7309136786909636,3.7309136786909636,3.4739045374003688,3.518881320953369,23149600,0.0,0.0
2017-11-13 00:00:00-05:00,3.518881134938244,3.6066924983946125,3.407510485699278,3.469621181488037,17498800,0.0,0.0
2017-11-14 00:00:00-05:00,3.4482037619647707,3.508172260178489,3.3946602265569474,3.4674794673919678,14071200,0.0,0.0
2017-11-15 00:00:00-05:00,3.443919859281607,3.5338730067014694,3.394659909350537,3.426785945892334,15286000,0.0,0.0
2017-11-16 00:00:00-05:00,3.4289278961627283,3.595983865883452,3.4289278961627283,3.4653375148773193,19420400,0.0,0.0
2017-11-17 00:00:00-05:00,3.4931800365448,3.5510071511861874,3.458912207536143,3.4931800365448,12778000,0.0,0.0
2017-11-20 00:00:00-05:00,3.5124556353849634,3.5253059687490746,3.43321143638409,3.5210227966308594,15186800,0.0,0.0
2017-11-21 00:00:00-05:00,3.5338732671115856,3.595983963040068,3.482471523155987,3.5831332206726074,37409600,0.0,0.0
2017-11-22 00:00:00-05:00,3.8230088048831923,4.005056921021399,3.705212772791511,3.720205307006836,80569600,0.0,0.0
2017-11-24 00:00:00-05:00,3.7330551909933885,3.893685790203054,3.7159212767512138,3.7309134006500244,25896800,0.0,0.0
2017-11-27 00:00:00-05:00,3.76732288912022,3.895827445742365,3.76732288912022,3.8915438652038574,23387200,0.0,0.0
2017-11-28 00:00:00-05:00,3.8915440877251677,4.0821589390362645,3.8915440877251677,4.073592185974121,23533600,0.0,0.0
2017-11-29 00:00:00-05:00,4.088583909165094,4.217088460530301,4.082158538620186,4.180678844451904,25909200,0.0,0.0
2017-11-30 00:00:00-05:00,4.198153532472983,4.2243648730102,4.084572167785373,4.095493316650391,20098800,0.095,0.0
2017-12-01 00:00:00-05:00,4.091124845977597,4.185048229601586,4.036518266346454,4.099862098693848,15327600,0.0,0.0
2017-12-04 00:00:00-05:00,4.158836497056385,4.337945976805883,4.14791493328199,4.237469673156738,17445200,0.0,0.0
2017-12-05 00:00:00-05:00,4.265865379768923,4.292076299950124,4.139178154586277,4.2090744972229,12323600,0.0,0.0
2017-12-06 00:00:00-05:00,4.209074551800476,4.2265486376862125,4.134809582632331,4.152283668518066,9721200,0.0,0.0
2017-12-07 00:00:00-05:00,4.1479151753687065,4.182863348256351,4.064913368914322,4.069281578063965,13109200,0.0,0.0
2017-12-08 00:00:00-05:00,4.123888423559978,4.2331015752249845,4.078019099835929,4.193785190582275,12568400,0.0,0.0
2017-12-11 00:00:00-05:00,4.2112587960619265,4.228732881663218,4.078018632967662,4.165389060974121,14610000,0.0,0.0
2017-12-12 00:00:00-05:00,4.182863460209243,4.2156273210914375,4.141362347563746,4.174126625061035,10131600,0.0,0.0
2017-12-13 00:00:00-05:00,4.171942520215784,4.18504798189934,4.064913680467322,4.078019142150879,12346400,0.0,0.0
2017-12-14 00:00:00-05:00,4.108598514394408,4.1348098532460185,4.0059383051737205,4.014675140380859,11272400,0.0,0.0
2017-12-15 00:00:00-05:00,4.027781244134465,4.0583607939980775,3.9688060408702523,4.005938529968262,15500800,0.0,0.0
2017-12-18 00:00:00-05:00,4.0299649563357915,4.095492672448952,4.019043392573559,4.075834274291992,12825600,0.0,0.0
2017-12-19 00:00:00-05:00,4.08457198449559,4.106414281245482,4.012491322021672,4.016859531402588,9014800,0.0,0.0
2017-12-20 00:00:00-05:00,4.0474392361900335,4.0692815315337425,3.977542474598896,3.9862797260284424,9218000,0.0,0.0
2017-12-21 00:00:00-05:00,3.9950172260332497,4.034333610067291,3.933857712066233,4.029965400695801,11448400,0.0,0.0
2017-12-22 00:00:00-05:00,4.029964743825742,4.0474388283088025,3.98627932431057,3.995016574859619,8341600,0.0,0.0
2017-12-26 00:00:00-05:00,3.9950171579633946,4.189416428288414,3.9906485320512353,4.0430707931518555,12936800,0.0,0.0
2017-12-27 00:00:00-05:00,4.04307061047526,4.056176071004502,3.975358578356588,3.9862797260284424,7350400,0.0,0.0
2017-12-28 00:00:00-05:00,3.990648263001996,3.9928325758108096,3.9360416926268678,3.9688055515289307,7757600,0.0,0.0
2017-12-29 00:00:00-05:00,3.9819111426898086,4.00375385488105,3.9185677356117994,3.9207520484924316,8255600,0.0,0.0
2018-01-02 00:00:00-05:00,3.9229359798896124,3.9950170557507527,3.883619597531381,3.988464117050171,11330800,0.0,0.0
2018-01-03 00:00:00-05:00,3.9950173640162454,4.012491451951054,3.914199446933304,3.9753589630126953,15156800,0.0,0.0
2018-01-04 00:00:00-05:00,3.9753583515247453,4.014674730869097,3.922935679168832,4.0015692710876465,11125200,0.0,0.0
2018-01-05 00:00:00-05:00,4.014674921093219,4.091124203901617,3.979726748943392,4.080203056335449,12076000,0.0,0.0
2018-01-08 00:00:00-05:00,4.106413573485217,4.237469414471987,4.106413573485217,4.200336933135986,14673600,0.0,0.0
2018-01-09 00:00:00-05:00,4.217810902652505,4.313918572308029,4.217810902652505,4.270233154296875,14650400,0.0,0.0
2018-01-10 00:00:00-05:00,4.235285462334191,4.351051541438618,4.22218000210456,4.298629283905029,16051200,0.0,0.0
2018-01-11 00:00:00-05:00,4.351051107236144,4.436237215150405,4.318287251624123,4.359787940979004,16852400,0.0,0.0
2018-01-12 00:00:00-05:00,4.0408861613052025,4.049623412440012,3.8508551152737347,3.8792507648468018,61783200,0.0,0.0
2018-01-16 00:00:00-05:00,3.9316730415386303,3.9928325499439885,3.721984012631802,3.748194932937622,31410000,0.0,0.0
2018-01-17 00:00:00-05:00,3.765669522563907,3.868329737959617,3.7503797475704106,3.822460412979126,17038800,0.0,0.0
2018-01-18 00:00:00-05:00,3.815907183928662,3.9163834952221235,3.7591162978262864,3.9010937213897705,17062800,0.0,0.0
2018-01-19 00:00:00-05:00,3.907646439804528,3.9709902678516205,3.8770668906039245,3.960068702697754,12776000,0.0,0.0
2018-01-22 00:00:00-05:00,3.979727052691154,3.9906486177059715,3.815907327004851,3.833381414413452,20939200,0.0,0.0
2018-01-23 00:00:00-05:00,3.8268287951934146,3.837749943316799,3.750379508484435,3.8006174564361572,14514000,0.0,0.0
2018-01-24 00:00:00-05:00,3.800617336566654,3.8115389009606737,3.654271706607448,3.7088782787323,16295600,0.0,0.0
2018-01-25 00:00:00-05:00,3.7088782586845306,3.721984135886513,3.628060765681043,3.6782987117767334,10807200,0.0,0.0
2018-01-26 00:00:00-05:00,3.6826679157154167,3.732905869698818,3.6280613353121165,3.7263529300689697,13395200,0.0,0.0
2018-01-29 00:00:00-05:00,3.7241680680688463,3.756932344774828,3.6695614957123235,3.7460107803344727,12618800,0.0,0.0
2018-01-30 00:00:00-05:00,3.7307211572297256,3.761300705666126,3.6826675215989404,3.72853684425354,7544000,0.0,0.0
2018-01-31 00:00:00-05:00,3.743826435358336,3.7722220860447986,3.6477191687974444,3.671745777130127,10996800,0.0,0.0
2018-02-01 00:00:00-05:00,3.6477190703945293,3.7154311010574013,3.6193234204740836,3.638981819152832,11748400,0.0,0.0
2018-02-02 00:00:00-05:00,3.6171393891576047,3.6389821023466267,3.542874414283992,3.5450587272644043,13014000,0.0,0.0
2018-02-05 00:00:00-05:00,3.52540002782672,3.5428741135717505,3.4161870960740446,3.4183712005615234,16524400,0.0,0.0
2018-02-06 00:00:00-05:00,3.3550277151035512,3.5778224209695773,3.298237038428708,3.525400161743164,19848800,0.0,0.0
2018-02-07 00:00:00-05:00,3.529769209902683,3.641166680320278,3.5275848967633032,3.5974812507629395,17654000,0.0,0.0
2018-02-08 00:00:00-05:00,3.593112573912801,3.6149548692363416,3.442398319812915,3.457688093185425,17146800,0.0,0.0
2018-02-09 00:00:00-05:00,3.4904519849850564,3.566901269167925,3.4227399523042674,3.5319530963897705,22563600,0.0,0.0
2018-02-12 00:00:00-05:00,3.558164190730379,3.5669010250193547,3.4118183627007945,3.4511351585388184,9727200,0.0,0.0
2018-02-13 00:00:00-05:00,3.4423984552152946,3.464240959705522,3.3834232556458317,3.4030816555023193,9855600,0.0,0.0
2018-02-14 00:00:00-05:00,3.403081412485213,3.582190894729424,3.392160056866229,3.5428740978240967,12863600,0.0,0.0
2018-02-15 00:00:00-05:00,3.56034835628039,3.604033780876441,3.5472428955476083,3.5843753814697266,9052400,0.0,0.0
2018-02-16 00:00:00-05:00,3.6084025681200735,3.7066941529367017,3.5494273672610346,3.582191228866577,10824400,0.0,0.0
2018-02-20 00:00:00-05:00,3.56034826272269,3.564716888390515,3.446766703357227,3.464240789413452,9959200,0.0,0.0
2018-02-21 00:00:00-05:00,3.472978057172478,3.540690092945005,3.4205557956116412,3.4271085262298584,12124800,0.0,0.0
2018-02-22 00:00:00-05:00,3.453319855939022,3.479530986648254,3.400897386213008,3.411818742752075,9808800,0.0,0.0
2018-02-23 00:00:00-05:00,3.4489510998258894,3.492636316025789,3.4227399701059493,3.4882678985595703,10321200,0.0,0.0
2018-02-26 00:00:00-05:00,3.4948204453066,3.5166631564127786,3.459872274182739,3.5122945308685303,11084800,0.0,0.0
2018-02-27 00:00:00-05:00,3.5166635945546973,3.6236924340331518,3.40089750289917,3.40089750289917,17896000,0.0,0.0
2018-02-28 00:00:00-05:00,3.4183714826363856,3.483899413741207,3.4030817084246956,3.4271085262298584,18948000,0.0,0.0
2018-03-01 00:00:00-05:00,3.4489510998258894,3.545058575465669,3.44239836947279,3.4882678985595703,12530000,0.0,0.0
2018-03-02 00:00:00-05:00,3.4815553756285937,3.577767876487486,3.441280246245598,3.564342975616455,14215600,0.095,0.0
2018-03-05 00:00:00-05:00,3.550917806939759,3.604618049755737,3.5084053369864314,3.5911927223205566,16944400,0.0,0.0
2018-03-06 00:00:00-05:00,3.591192726110533,3.618042954239333,3.5352553554328887,3.593430280685425,10670400,0.0,0.0
2018-03-07 00:00:00-05:00,3.546442944376323,3.6180429842879116,3.544205389782848,3.566580295562744,11957600,0.0,0.0
2018-03-08 00:00:00-05:00,3.56881769586613,3.5911926006786956,3.463654981753753,3.499455213546753,11897600,0.0,0.0
2018-03-09 00:00:00-05:00,3.510642751778442,3.5553929906274857,3.4703678355532372,3.546442985534668,15879600,0.0,0.0
2018-03-12 00:00:00-04:00,3.5464428066019695,3.582242825166983,3.4681301059522953,3.4793176651000977,15514400,0.0,0.0
2018-03-13 00:00:00-04:00,3.4972176474307584,3.582242797559877,3.4860300883691746,3.4927425384521484,11566000,0.0,0.0
2018-03-14 00:00:00-04:00,3.517355253772083,3.5397301587819845,3.4524676664889666,3.4591801166534424,10072400,0.0,0.0
2018-03-15 00:00:00-04:00,3.4681301642693065,3.494980178644553,3.4144301355188142,3.4256176948547363,7468000,0.0,0.0
2018-03-16 00:00:00-04:00,3.432330349382286,3.5039303919776534,3.427855240027596,3.450230360031128,20336000,0.0,0.0
2018-03-19 00:00:00-04:00,3.409955138974799,3.447992713941384,3.3025550779291137,3.3137426376342773,15904400,0.0,0.0
2018-03-20 00:00:00-04:00,3.31598005350636,3.3450676240405333,3.2108175447116074,3.2376675605773926,17136000,0.0,0.0
2018-03-21 00:00:00-04:00,3.2018676507064687,3.233192563612795,3.134742502016539,3.1369800567626953,17644800,0.0,0.0
2018-03-22 00:00:00-04:00,3.1190793831771404,3.1526420593831355,3.040766898799688,3.0944669246673584,17769200,0.0,0.0
2018-03-23 00:00:00-04:00,3.1146048059569726,3.119079701877379,3.0183920897412393,3.020629644393921,15245600,0.0,0.0
2018-03-26 00:00:00-04:00,3.065379548570318,3.1526422560886402,3.04076708852487,3.1414546966552734,20062800,0.0,0.0
2018-03-27 00:00:00-04:00,3.1481674284969574,3.179492555034751,3.0810424926637765,3.1056549549102783,17923600,0.0,0.0
2018-03-28 00:00:00-04:00,3.132504894741986,3.2018675970149415,3.0899924222027275,3.166067361831665,30536000,0.0,0.0
2018-03-29 00:00:00-04:00,2.830441727136568,2.9087544318084695,2.729754116404804,2.8237292766571045,101847200,0.0,0.0
2018-04-02 00:00:00-04:00,2.7991167668918653,2.971404415409965,2.7968792123096295,2.8684792518615723,44520000,0.0,0.0
2018-04-03 00:00:00-04:00,2.8282043088454127,2.937841921691027,2.8192543039883207,2.910991907119751,22988800,0.0,0.0
2018-04-04 00:00:00-04:00,2.868479152197453,3.0161543353348965,2.84386669280286,2.9848294258117676,25535200,0.0,0.0
2018-04-05 00:00:00-04:00,2.9870671754257763,3.049717211949157,2.9691671649905245,3.034054756164551,20562400,0.0,0.0
2018-04-06 00:00:00-04:00,3.002729658006389,3.056429689791357,2.962454527475184,3.004967212677002,16953200,0.0,0.0
2018-04-09 00:00:00-04:00,3.0228669526565084,3.078804534104401,3.004966943663978,3.0161542892456055,22814400,0.0,0.0
2018-04-10 00:00:00-04:00,3.0609045028686523,3.1011794161167034,3.0228669306897045,3.0609045028686523,23154400,0.0,0.0
2018-04-11 00:00:00-04:00,3.0474795871937688,3.1280296322994143,3.0430046913803754,3.0967047214508057,17136000,0.0,0.0
2018-04-12 00:00:00-04:00,3.101179664130449,3.103417218763436,3.013917167293492,3.0497171878814697,12457600,0.0,0.0
2018-04-13 00:00:00-04:00,3.0720918460061837,3.1190794225802194,3.0318169327891087,3.0452418327331543,12754800,0.0,0.0
2018-04-16 00:00:00-04:00,3.0720920612867766,3.1101296361019988,3.0430047049080327,3.0899922847747803,12910800,0.0,0.0
2018-04-17 00:00:00-04:00,3.107892243752092,3.172779832654471,3.0967046842754855,3.11907958984375,17155600,0.0,0.0
2018-04-18 00:00:00-04:00,3.130267464210462,3.139217470015086,3.043004960961624,3.056429862976074,14293200,0.0,0.0
2018-04-19 00:00:00-04:00,3.0564296727982496,3.0832796885414533,3.009442091901404,3.0251047611236572,10029600,0.0,0.0
2018-04-20 00:00:00-04:00,3.0139170964877184,3.029579551780763,2.8662419083391577,2.881904363632202,24803200,0.0,0.0
2018-04-23 00:00:00-04:00,2.886379182040627,2.987067001611184,2.886379182040627,2.9535043239593506,14771600,0.0,0.0
2018-04-24 00:00:00-04:00,2.973642080120898,3.051954786319855,2.935604504353971,3.0004920959472656,14454400,0.0,0.0
2018-04-25 00:00:00-04:00,2.9870669517750255,3.049716983607609,2.9736418382612877,3.0116794109344482,14588400,0.0,0.0
2018-04-26 00:00:00-04:00,3.043004727313112,3.1056547631350715,3.009442048084061,3.0586671829223633,12848000,0.0,0.0
2018-04-27 00:00:00-04:00,3.0609046841289165,3.112367159309734,3.0430046742064625,3.101179599761963,10002400,0.0,0.0
2018-04-30 00:00:00-04:00,3.125792320341642,3.132504770817034,3.03405471476645,3.054192066192627,12607600,0.0,0.0
2018-05-01 00:00:00-04:00,3.0385295858743153,3.1078922848382877,3.0139171254083643,3.098942279815674,9638800,0.0,0.0
2018-05-02 00:00:00-04:00,3.101179698095838,3.1034172527533324,2.987067184568091,3.009442090988159,12727200,0.0,0.0
2018-05-03 00:00:00-04:00,3.002729543362995,3.0183919986893826,2.8640043598558385,2.8707168102264404,20365600,0.0,0.0
2018-05-04 00:00:00-04:00,2.8707170101165502,2.9266545983314245,2.850579444217601,2.908754587173462,19612400,0.0,0.0
2018-05-07 00:00:00-04:00,2.913229491425856,2.9154668326242623,2.8595292483500483,2.8841419219970703,12474000,0.0,0.0
2018-05-08 00:00:00-04:00,2.8729546141159106,2.8953295217545114,2.808067019209522,2.861767053604126,15356000,0.0,0.0
2018-05-09 00:00:00-04:00,2.868479479865488,2.899804606351846,2.8214918968284337,2.893092155456543,15011600,0.0,0.0
2018-05-10 00:00:00-04:00,2.899804330370844,2.9535043591924466,2.8819043207636432,2.915466785430908,12474000,0.0,0.0
2018-05-11 00:00:00-04:00,2.819254600919326,2.8729546357177016,2.7901670287239635,2.843867063522339,22029600,0.0,0.0
2018-05-14 00:00:00-04:00,2.8393918303232857,3.0161545972116865,2.821491819503065,2.9669296741485596,23629600,0.0,0.0
2018-05-15 00:00:00-04:00,2.9646920620273716,3.04524210915821,2.960216952716513,3.022867202758789,15160800,0.0,0.0
2018-05-16 00:00:00-04:00,3.0765669818953203,3.105654549875796,2.9825918279229953,3.0318169593811035,26954000,0.0,0.0
2018-05-17 00:00:00-04:00,3.0206296141084983,3.081042308815446,3.016154504848004,3.0474796295166016,11648000,0.0,0.0
2018-05-18 00:00:00-04:00,3.0273418375451677,3.0273418375451677,2.743179035751304,2.787929058074951,40947600,0.0,0.0
2018-05-21 00:00:00-04:00,2.801354331175729,2.8841419305406095,2.794641667405775,2.8595292568206787,20262800,0.0,0.0
2018-05-22 00:00:00-04:00,2.8595292906893603,2.8886168605488276,2.805829260203399,2.834916830062866,18169600,0.0,0.0
2018-05-23 00:00:00-04:00,2.8058292540007144,2.852816833918296,2.783454134655217,2.846104383468628,12640400,0.0,0.0
2018-05-24 00:00:00-04:00,2.8147792417550703,2.8595292667859638,2.785691672138752,2.850579261779785,12308000,0.0,0.0
2018-05-25 00:00:00-04:00,2.85505439484134,2.8640043999223335,2.8147792652843924,2.834916830062866,9776000,0.0,0.0
2018-05-29 00:00:00-04:00,2.814779185404636,2.9333668027086772,2.8080667351306197,2.9199419021606445,16962800,0.0,0.0
2018-05-30 00:00:00-04:00,2.9311293792867743,3.043004543177339,2.8841418019173393,3.0027294158935547,19965200,0.0,0.0
2018-05-31 00:00:00-04:00,3.0161543568371854,3.040767029792186,2.9020418502987932,2.9535043239593506,25956800,0.0,0.0
2018-06-01 00:00:00-04:00,2.8640044056673934,3.069854736328125,2.8617668510464185,3.069854736328125,103296000,0.0,0.0
2018-06-04 00:00:00-04:00,3.0855170652823443,3.188442226388892,3.0072043638416215,3.186204671859741,29186400,0.0,0.0
2018-06-05 00:00:00-04:00,3.1862048437495325,3.277942450544343,3.1325048124625634,3.2667551040649414,22786000,0.0,0.0
2018-06-06 00:00:00-04:00,3.2846546629233155,3.286892003880635,3.188441960055993,3.2264795303344727,20594400,0.0,0.0
2018-06-07 00:00:00-04:00,3.2443797549616407,3.2779422187969223,3.2152921867247573,3.2421422004699707,12854000,0.0,0.0
2018-06-08 00:00:00-04:00,3.2510924339294434,3.2712299990022786,3.224242418293982,3.2510924339294434,20124000,0.0,0.0
2018-06-11 00:00:00-04:00,3.2510923124170685,3.292449034972973,3.2304141702545452,3.2832586765289307,18871200,0.095,0.0
2018-06-12 00:00:00-04:00,3.2901513767563113,3.301639379541943,3.228116512298584,3.228116512298584,13536400,0.0,0.0
2018-06-13 00:00:00-04:00,3.2097357318769424,3.2097357318769424,2.9983572736259725,3.062689781188965,35296400,0.0,0.0
2018-06-14 00:00:00-04:00,3.05579728324402,3.0603923531226696,2.9179416810375014,2.9524056911468506,30128800,0.0,0.0
2018-06-15 00:00:00-04:00,2.931727034486538,3.2993415715939447,2.931727034486538,3.2074379920959473,52570800,0.0,0.0
2018-06-18 00:00:00-04:00,3.2051406262774345,3.625599922460311,3.07188031487059,3.492339611053467,95155600,0.0,0.0
2018-06-19 00:00:00-04:00,3.52680359325608,3.62100482447123,3.4693637967477753,3.6187071800231934,40562400,0.0,0.0
2018-06-20 00:00:00-04:00,3.625599692647058,3.63249262560788,3.5199104641841075,3.6095166206359863,20656800,0.0,0.0
2018-06-21 00:00:00-04:00,3.632492786186916,3.671551645781107,3.5589696984959263,3.568160057067871,14252400,0.0,0.0
2018-06-22 00:00:00-04:00,3.572755369835905,3.6049215154953904,3.4716612057521212,3.5658626556396484,38308800,0.0,0.0
2018-06-25 00:00:00-04:00,3.5405886447261565,3.611814081223455,3.432601777436218,3.471660852432251,10738800,0.0,0.0
2018-06-26 00:00:00-04:00,3.49004194998696,3.4923395944419444,3.3751623566229787,3.439495086669922,10790000,0.0,0.0
2018-06-27 00:00:00-04:00,3.4463879096308694,3.4854469901359213,3.3498890306319695,3.3544843196868896,9022800,0.0,0.0
2018-06-28 00:00:00-04:00,3.352186414166694,3.4211142108158565,3.3292104089118317,3.418816566467285,7620800,0.0,0.0
2018-06-29 00:00:00-04:00,3.444090279550163,3.4624709976160597,3.3338059711547836,3.3475914001464844,13604400,0.0,0.0
2018-07-02 00:00:00-04:00,3.3521863492796107,3.3774597792784102,3.223521116750673,3.253389835357666,14893200,0.0,0.0
2018-07-03 00:00:00-04:00,3.2556875875148434,3.2878539514915275,3.216628509512952,3.228116512298584,5157200,0.0,0.0
2018-07-05 00:00:00-04:00,3.235009401552738,3.3774600741105063,3.2258190426495092,3.361377000808716,18887200,0.0,0.0
2018-07-06 00:00:00-04:00,3.370567113051396,3.4992321282808017,3.363674399157248,3.480851411819458,16204400,0.0,0.0
2018-07-09 00:00:00-04:00,3.577350242163622,3.591135888910749,3.485446660900849,3.5543744564056396,15678000,0.0,0.0
2018-07-10 00:00:00-04:00,3.5681599526871017,3.5704575970417323,3.4027335032313815,3.4142212867736816,11666800,0.0,0.0
2018-07-11 00:00:00-04:00,3.393543294977296,3.4073287234837633,3.32231785064243,3.37746000289917,9150800,0.0,0.0
2018-07-12 00:00:00-04:00,3.3889478935805646,3.4739587636002596,3.386650249200604,3.4670660495758057,7703600,0.0,0.0
2018-07-13 00:00:00-04:00,3.4440900987213428,3.552076976025315,3.4440900987213428,3.5107202529907227,9328800,0.0,0.0
2018-07-16 00:00:00-04:00,3.5084228939308497,3.533696325642816,3.460173455851325,3.4969348907470703,7226000,0.0,0.0
2018-07-17 00:00:00-04:00,3.485446751809535,3.5428865463757893,3.3406984432087237,3.349888801574707,12180400,0.0,0.0
2018-07-18 00:00:00-04:00,3.3544840903154123,3.3659718739363216,3.2901513626381003,3.349888801574707,8198800,0.0,0.0
2018-07-19 00:00:00-04:00,3.3498887333581244,3.453280317648847,3.331508017000459,3.428006887435913,6913600,0.0,0.0
2018-07-20 00:00:00-04:00,3.4257090959494447,3.4946368888873747,3.418816382390276,3.464768171310425,8591600,0.0,0.0
2018-07-23 00:00:00-04:00,3.4578756393811534,3.46706599764792,3.3958405567439103,3.421114206314087,7335200,0.0,0.0
2018-07-24 00:00:00-04:00,3.4417924373623077,3.4417924373623077,3.3682695693208964,3.395840644836426,6170400,0.0,0.0
2018-07-25 00:00:00-04:00,3.3751625448214,3.3774601894045,3.2740685934349085,3.333806037902832,13380000,0.0,0.0
2018-07-26 00:00:00-04:00,3.333805999896333,3.455578312911588,3.3315083553394267,3.40273380279541,6756800,0.0,0.0
2018-07-27 00:00:00-04:00,3.425709322435129,3.439494969580298,3.342996096910399,3.4073286056518555,5658000,0.0,0.0
2018-07-30 00:00:00-04:00,3.4188167266494434,3.4417925138653676,3.3521865712270227,3.37746000289917,6311200,0.0,0.0
2018-07-31 00:00:00-04:00,3.3820553228417487,3.384352748203615,3.3108298778533936,3.3108298778533936,11030000,0.0,0.0
2018-08-01 00:00:00-04:00,3.3131274594988303,3.418816693180647,3.3085321706313704,3.384352684020996,8318800,0.0,0.0
2018-08-02 00:00:00-04:00,3.3567814781985623,3.3958405555979962,3.310829686880236,3.359079122543335,10116400,0.0,0.0
2018-08-03 00:00:00-04:00,3.3751622327611006,3.4234116689679297,3.354484090771397,3.411923885345459,10228800,0.0,0.0
2018-08-06 00:00:00-04:00,3.4188165754829423,3.4417923616829684,3.386650211864395,3.4142212867736816,8300000,0.0,0.0
2018-08-07 00:00:00-04:00,3.4280069391107766,3.4969347360487726,3.4050309337596363,3.473958730697632,7813600,0.0,0.0
2018-08-08 00:00:00-04:00,3.4739588515197686,3.5199106447047983,3.4486854200468606,3.5038275718688965,8715600,0.0,0.0
2018-08-09 00:00:00-04:00,3.5038273705907534,3.5520768054421934,3.441792289018007,3.4946370124816895,9370800,0.0,0.0
2018-08-10 00:00:00-04:00,3.4877444289340422,3.584243302240825,3.469363712029458,3.5199105739593506,9665600,0.0,0.0
2018-08-13 00:00:00-04:00,3.526803375421123,3.533696089224066,3.4716610076513192,3.4946370124816895,8403600,0.0,0.0
2018-08-14 00:00:00-04:00,3.508422868446125,3.5773504488172496,3.4923395764594862,3.561267375946045,7813600,0.0,0.0
2018-08-15 00:00:00-04:00,3.552077092861498,3.5612674517142078,3.4900420062691304,3.542886734008789,8390400,0.0,0.0
2018-08-16 00:00:00-04:00,3.570457760538562,3.575053049458248,3.4969348907470703,3.4969348907470703,6878800,0.0,0.0
2018-08-17 00:00:00-04:00,3.4854467800444215,3.5268035025840834,3.4440900575047593,3.5222082138061523,6533200,0.0,0.0
2018-08-20 00:00:00-04:00,3.5382912950491825,3.67155160232276,3.526803511306801,3.6416831016540527,14427600,0.0,0.0
2018-08-21 00:00:00-04:00,3.6761467716938356,3.8071094303184934,3.6370876947153548,3.788728713989258,20772800,0.0,0.0
2018-08-22 00:00:00-04:00,3.800216960927336,3.9679410533287687,3.793324027921347,3.901310682296753,26422400,0.0,0.0
2018-08-23 00:00:00-04:00,3.9013106581316253,3.954155162824339,3.818597653726331,3.8507637977600098,14334000,0.0,0.0
2018-08-24 00:00:00-04:00,3.8507639711048447,3.8691446882702025,3.722098950947339,3.8025143146514893,18102400,0.0,0.0
2018-08-27 00:00:00-04:00,3.784133644526003,3.7910265778852716,3.342996207958281,3.3797576427459717,58779600,0.0,0.0
2018-08-28 00:00:00-04:00,3.379757545051994,3.3889479034832632,3.216628518560386,3.2235212326049805,27288000,0.0,0.0
2018-08-29 00:00:00-04:00,3.248795041806118,3.2855564773323667,3.1591888783743065,3.244199752807617,16398400,0.0,0.0
2018-08-30 00:00:00-04:00,3.214330812147711,3.214330812147711,3.1063441574429365,3.1201295852661133,15733600,0.0,0.0
2018-08-31 00:00:00-04:00,3.1270223559645975,3.1316176447327235,3.028226057719603,3.0489044189453125,14896000,0.0,0.0
2018-09-04 00:00:00-04:00,3.0259284082639186,3.239604515084216,3.0052500470728667,3.228116512298584,23744000,0.0,0.0
2018-09-05 00:00:00-04:00,3.2097358992889227,3.7979195136036297,3.207438254834406,3.735884428024292,69886400,0.0,0.0
2018-09-06 00:00:00-04:00,3.710610871212525,3.7335868781086003,3.464768605355546,3.708313226699829,27108800,0.0,0.0
2018-09-07 00:00:00-04:00,3.503827464609694,3.7634551429362464,3.391245519973872,3.7060153484344482,27182400,0.0,0.0
2018-09-10 00:00:00-04:00,3.712908178080113,3.7565625433897196,3.646278027079248,3.6761467456817627,10910800,0.0,0.0
2018-09-11 00:00:00-04:00,3.676146834686457,3.8140024286333696,3.676146834686457,3.7129082679748535,11164000,0.0,0.0
2018-09-12 00:00:00-04:00,3.7152059313289816,3.8507638816095806,3.7152059313289816,3.8277878761291504,13583200,0.0,0.0
2018-09-13 00:00:00-04:00,3.839275573525786,3.9150965213775635,3.81630000679223,3.9150965213775635,14758000,0.0,0.0
2018-09-14 00:00:00-04:00,3.8990130002437384,3.9059059331830475,3.784133413973649,3.857656717300415,12021600,0.0,0.0
2018-09-17 00:00:00-04:00,3.928180225923444,3.963442527545195,3.8788137210590574,3.904672622680664,8928000,0.095,0.0
2018-09-18 00:00:00-04:00,3.860007391860563,3.9211281470801844,3.8435518901435097,3.8788137435913086,7147200,0.0,0.0
2018-09-19 00:00:00-04:00,3.8788137636112587,3.9493374708708546,3.867059961860925,3.9023218154907227,7192800,0.0,0.0
2018-09-20 00:00:00-04:00,3.9023218384588563,3.9516883441553734,3.8670599846215157,3.876462936401367,6416400,0.0,0.0
2018-09-21 00:00:00-04:00,3.867060094025385,3.9375838036952686,3.8623583938130435,3.8835155963897705,12163600,0.0,0.0
2018-09-24 00:00:00-04:00,3.8600074006153946,3.8600074006153946,3.6413832810128737,3.6484358310699463,14310800,0.0,0.0
2018-09-25 00:00:00-04:00,3.6766456617672896,3.782431455259112,3.5967185480478725,3.7659759521484375,8250000,0.0,0.0
2018-09-26 00:00:00-04:00,3.794185099035893,3.794185099035893,3.653137455017302,3.664891481399536,7605200,0.0,0.0
2018-09-27 00:00:00-04:00,3.686048631118978,3.7025041333041653,3.627278724241134,3.6554882526397705,8096800,0.0,0.0
2018-09-28 00:00:00-04:00,3.6531375129257126,3.726012298299228,3.570859551135235,3.5896661281585693,10103200,0.0,0.0
2018-10-01 00:00:00-04:00,3.5920166969299316,3.653137454761749,3.5214927628308668,3.5920166969299316,16239200,0.0,0.0
2018-10-02 00:00:00-04:00,3.5661580129743786,3.5990692419558337,3.4885817528368253,3.495634078979492,11512800,0.0,0.0
2018-10-03 00:00:00-04:00,3.5261944674873122,3.5661580227206544,3.467424559695857,3.507388114929199,8054400,0.0,0.0
2018-10-04 00:00:00-04:00,3.5191421220249097,3.5544039768306295,3.4603722145557736,3.483880043029785,6086400,0.0,0.0
2018-10-05 00:00:00-04:00,3.486230835006972,3.5097388872784316,3.4274609285177253,3.4509689807891846,9294800,0.0,0.0
2018-10-08 00:00:00-04:00,3.4580213366719814,3.570859450495338,3.4462673104346977,3.5214927196502686,9040400,0.0,0.0
2018-10-09 00:00:00-04:00,3.5097387527056676,3.6319800369377546,3.4556703242301996,3.4697751998901367,9622800,0.0,0.0
2018-10-10 00:00:00-04:00,3.48152937425856,3.566157959264182,3.48152937425856,3.4862308502197266,7850400,0.0,0.0
2018-10-11 00:00:00-04:00,3.476827745446843,3.5497025299501193,3.443916516285782,3.4462673664093018,8384000,0.0,0.0
2018-10-12 00:00:00-04:00,3.5026864962185544,3.561456405377855,3.4556706137289965,3.4791786670684814,7710400,0.0,0.0
2018-10-15 00:00:00-04:00,3.48152938397532,3.5426499167774854,3.474476833729783,3.4979848861694336,6000400,0.0,0.0
2018-10-16 00:00:00-04:00,3.519142328309025,3.5967185927804763,3.4744770704682386,3.594367742538452,8160800,0.0,0.0
2018-10-17 00:00:00-04:00,3.5943675994338213,3.6390326313069146,3.4744769321368842,3.6014199256896973,7991600,0.0,0.0
2018-10-18 00:00:00-04:00,3.5967184744035583,3.624928003811148,3.5026864855221818,3.540299415588379,5914400,0.0,0.0
2018-10-19 00:00:00-04:00,3.4956342473051247,3.5261946276474663,3.4016024802436258,3.4627230167388916,12424000,0.0,0.0
2018-10-22 00:00:00-04:00,3.483880085645928,3.5779120732604244,3.4533197064854226,3.5544040203094482,9222000,0.0,0.0
2018-10-23 00:00:00-04:00,3.5238436690504233,3.5990693045755315,3.476827786965612,3.5896661281585693,9580400,0.0,0.0
2018-10-24 00:00:00-04:00,3.5967184163266257,3.6672423508015415,3.542649984359741,3.542649984359741,8965200,0.0,0.0
2018-10-25 00:00:00-04:00,3.55440382129213,3.573210172924147,3.356936904966557,3.394549608230591,9096400,0.0,0.0
2018-10-26 00:00:00-04:00,3.392199028201097,3.392199028201097,3.2064861351864287,3.2229416370391846,10044400,0.0,0.0
2018-10-29 00:00:00-04:00,3.25350225816779,3.5167914284452033,3.237046755084644,3.4157071113586426,12675600,0.0,0.0
2018-10-30 00:00:00-04:00,3.425110121035519,3.55205311166294,3.3851465661908304,3.448618173599243,8376400,0.0,0.0
2018-10-31 00:00:00-04:00,3.481529494020372,3.4838801199871137,3.352235649894349,3.4321627616882324,6955600,0.0,0.0
2018-11-01 00:00:00-04:00,3.4345132537086718,3.6084723472595215,3.4321626278336046,3.6084723472595215,11017200,0.0,0.0
2018-11-02 00:00:00-04:00,3.624928062870382,3.7048551762554727,3.570859629149532,3.669593095779419,6662400,0.0,0.0
2018-11-05 00:00:00-05:00,3.655488215554365,3.657839065611086,3.500335698841204,3.52384352684021,7214400,0.0,0.0
2018-11-06 00:00:00-05:00,3.5144405364990234,3.53794858992955,3.4862310068960385,3.5144405364990234,7584000,0.0,0.0
2018-11-07 00:00:00-05:00,3.526194313899157,3.537948339783367,3.4439163568990847,3.5026862621307373,8177200,0.0,0.0
2018-11-08 00:00:00-05:00,3.502686448158442,3.530896201454525,3.474476919051768,3.493283271789551,8557200,0.0,0.0
2018-11-09 00:00:00-05:00,3.4603723436043197,3.479178696760641,3.366340353633299,3.441565990447998,6686000,0.0,0.0
2018-11-12 00:00:00-05:00,3.446267411714538,3.474476940999407,3.258203658959339,3.2629053592681885,9600800,0.0,0.0
2018-11-13 00:00:00-05:00,3.267606835387628,3.3334292945750645,3.23939730610276,3.2629053592681885,9232800,0.0,0.0
2018-11-14 00:00:00-05:00,3.3122720635577663,3.316973539637454,3.02782569877033,3.0466320514678955,13744400,0.0,0.0
2018-11-15 00:00:00-05:00,3.0466322160088892,3.1148053042667736,3.0019671819872764,3.0865957736968994,12119600,0.0,0.0
2018-11-16 00:00:00-05:00,3.0536844505228724,3.0536844505228724,2.9267414546915806,3.0066685676574707,22866800,0.0,0.0
2018-11-19 00:00:00-05:00,3.018422433091401,3.0936478416553683,3.001966931015384,3.0630874633789062,13803600,0.0,0.0
2018-11-20 00:00:00-05:00,2.9620032694185965,3.0348778252789073,2.853866636428663,2.886777639389038,24139600,0.0,0.0
2018-11-21 00:00:00-05:00,2.931442958619345,3.408654530053853,2.8938302548476753,3.2229416370391846,49923200,0.0,0.0
2018-11-23 00:00:00-05:00,3.2205908044380624,3.2346956805234828,3.0936478164268784,3.173574924468994,10767200,0.0,0.0
2018-11-26 00:00:00-05:00,3.2887638944991164,3.474476788974043,3.2887638944991164,3.4274609088897705,23613600,0.0,0.0
2018-11-27 00:00:00-05:00,3.3827959497370883,3.519142116933052,3.338130694579104,3.46037220954895,17538800,0.0,0.0
2018-11-28 00:00:00-05:00,3.460372294369631,3.542650032210523,3.460372294369631,3.528545379638672,10574800,0.0,0.0
2018-11-29 00:00:00-05:00,3.537948650657956,3.577912207662173,3.4180579796453046,3.4392151832580566,16838400,0.0,0.0
2018-11-30 00:00:00-05:00,3.053684463117303,3.281711776191731,3.009019430258311,3.2111878395080566,47627200,0.0,0.0
2018-12-03 00:00:00-05:00,3.2488005253406493,3.2864132315494317,3.180627439289878,3.260554552078247,16084800,0.0,0.0
2018-12-04 00:00:00-05:00,3.288763886440561,3.316973414422002,3.159470048383574,3.173574924468994,14935600,0.0,0.0
2018-12-06 00:00:00-05:00,3.1735751290326233,3.2370467392241946,3.1124543690383875,3.1876800060272217,12788800,0.0,0.0
2018-12-07 00:00:00-05:00,3.1853288385165794,3.300517796438252,3.173574812890219,3.2158892154693604,13610400,0.0,0.0
2018-12-10 00:00:00-05:00,3.2352332107811796,3.249740853769645,3.102245253547835,3.1989636421203613,11174800,0.095,0.0
2018-12-11 00:00:00-05:00,3.227979248415097,3.2400688735129397,3.107081152678124,3.131260633468628,9352800,0.0,0.0
2018-12-12 00:00:00-05:00,3.1578584999231585,3.2715025488471703,3.1385145916138257,3.1989636421203613,7271200,0.0,0.0
2018-12-13 00:00:00-05:00,3.2013816487397806,3.2303971652141645,3.06355788783775,3.092573404312134,9746400,0.0,0.0
2018-12-14 00:00:00-05:00,3.068393628503457,3.1433505507917516,3.068393628503457,3.0853195190429688,6654800,0.0,0.0
2018-12-17 00:00:00-05:00,3.061139798074687,3.167530253225697,3.0345422995843454,3.0587217807769775,9022800,0.0,0.0
2018-12-18 00:00:00-05:00,3.058721718556678,3.1506042986471825,3.0490498801574044,3.0780653953552246,10379600,0.0,0.0
2018-12-19 00:00:00-05:00,3.0853195976457957,3.1385145961399856,3.0272885644185914,3.0417962074279785,9703600,0.0,0.0
2018-12-20 00:00:00-05:00,3.046632152726811,3.1288426654213057,2.952331553554686,3.0055267810821533,10684800,0.0,0.0
2018-12-21 00:00:00-05:00,2.9958548542842003,3.065975739626051,2.845941245297996,2.8918824195861816,17692000,0.0,0.0
2018-12-24 00:00:00-05:00,2.894300512589175,2.9063903684325445,2.814507786855686,2.8217616081237793,5314000,0.0,0.0
2018-12-26 00:00:00-05:00,2.8338514053480783,2.998272657394409,2.795164051925412,2.998272657394409,9616800,0.0,0.0
2018-12-27 00:00:00-05:00,2.959585299915795,2.9620033171501015,2.812089707545311,2.945077657699585,7338400,0.0,0.0
2018-12-28 00:00:00-05:00,2.9523314569922996,3.0200343248889117,2.903972265637577,2.969257116317749,8105200,0.0,0.0
2018-12-31 00:00:00-05:00,2.981347009507995,3.063557751148088,2.9765112056087744,3.0514678955078125,11161200,0.0,0.0
2019-01-02 00:00:00-05:00,3.0103625622803167,3.186873903405002,3.0031087410434942,3.160276174545288,8496800,0.0,0.0
2019-01-03 00:00:00-05:00,3.1385145026267645,3.206217603302758,3.0683936152511304,3.136096715927124,7001600,0.0,0.0
2019-01-04 00:00:00-05:00,3.3924005500840653,3.6970638110191087,3.312607824209862,3.684973955154419,47662800,0.0,0.0
2019-01-07 00:00:00-05:00,3.65354047164853,3.8227979948579347,3.6124350995085117,3.7430050373077393,18872000,0.0,0.0
2019-01-08 00:00:00-05:00,3.747841090417069,3.842141691190087,3.663212328395528,3.822798013687134,13775200,0.0,0.0
2019-01-09 00:00:00-05:00,3.8300517262833176,3.963039447688996,3.8010362108532707,3.863903045654297,14218000,0.0,0.0
2019-01-10 00:00:00-05:00,3.805871975247961,3.8687390399905635,3.7526769794763584,3.85906720161438,11619200,0.0,0.0
2019-01-11 00:00:00-05:00,3.834887488413664,3.880828663028318,3.813126025024501,3.8324697017669678,9679200,0.0,0.0
2019-01-14 00:00:00-05:00,3.8300516968951626,3.9025903696162785,3.7647666147323777,3.7816925048828125,14443600,0.0,0.0
2019-01-15 00:00:00-05:00,3.772020656723475,3.7816924951009274,3.672884025111068,3.7550947666168213,8912800,0.0,0.0
2019-01-16 00:00:00-05:00,3.7647667022102973,3.8421416418227534,3.7188255263797827,3.7913644313812256,7970400,0.0,0.0
2019-01-17 00:00:00-05:00,3.7454229868915285,3.8276337296846763,3.6994818115279093,3.8131260871887207,6972000,0.0,0.0
2019-01-18 00:00:00-05:00,3.873575249743562,4.086355703647273,3.839723698597831,3.851813554763794,34188800,0.0,0.0
2019-01-22 00:00:00-05:00,3.822798017411729,3.8445594816776354,3.6656303493035685,3.692228078842163,12754800,0.0,0.0
2019-01-23 00:00:00-05:00,3.701899895762545,3.7647667320400813,3.6583765062978615,3.7430050373077393,7348000,0.0,0.0
2019-01-24 00:00:00-05:00,3.743005032335149,3.8203799724578857,3.73333319364416,3.8203799724578857,5128000,0.0,0.0
2019-01-25 00:00:00-05:00,3.859067304323862,3.883246785610453,3.803454059234541,3.84455943107605,7660400,0.0,0.0
2019-01-28 00:00:00-05:00,3.8058721527295347,3.817962008912262,3.624525001773104,3.7478411197662354,11939600,0.0,0.0
2019-01-29 00:00:00-05:00,2.9958550319794566,3.0224525312402326,2.6863557267521805,2.727461099624634,131481200,0.0,0.0
2019-01-30 00:00:00-05:00,2.7202071020893897,2.749222616840299,2.6863555529159227,2.7081172466278076,24604000,0.0,0.0
2019-01-31 00:00:00-05:00,2.7008634988357025,2.7879100454491166,2.6839378390873545,2.741968870162964,24198400,0.0,0.0
2019-02-01 00:00:00-05:00,2.7347150635599538,2.763730579253013,2.7032815305771014,2.7177891731262207,13909600,0.0,0.0
2019-02-04 00:00:00-05:00,2.717789221885336,2.7758202543125727,2.659758189458099,2.749222755432129,17086000,0.0,0.0
2019-02-05 00:00:00-05:00,2.746804710853487,2.8556131838188197,2.7443869241391194,2.8507771492004395,17084400,0.0,0.0
2019-02-06 00:00:00-05:00,2.809671878542086,2.8290155565228194,2.7564766487976535,2.783074378967285,13918400,0.0,0.0
2019-02-07 00:00:00-05:00,2.756476561823663,2.8024179685244577,2.715371189762878,2.773402452468872,8084400,0.0,0.0
2019-02-08 00:00:00-05:00,2.7540587499892273,2.7782382311843543,2.734715072795197,2.744386911392212,7204800,0.0,0.0
2019-02-11 00:00:00-05:00,2.751640620066846,2.7540586372658358,2.698445394663128,2.732296943664551,7674400,0.0,0.0
2019-02-12 00:00:00-05:00,2.732297018975081,2.8024179055148526,2.732297018975081,2.792746067047119,10712000,0.0,0.0
2019-02-13 00:00:00-05:00,2.795164147159267,2.841105323265238,2.7516407577784774,2.773402452468872,8531200,0.0,0.0
2019-02-14 00:00:00-05:00,2.749222667361755,2.761312523045508,2.717789134821924,2.739550828933716,9874000,0.0,0.0
2019-02-15 00:00:00-05:00,2.739550814728332,2.7661483126188187,2.7274609591072685,2.763730525970459,8847200,0.0,0.0
2019-02-19 00:00:00-05:00,2.7709843105521843,2.7734023277634634,2.6911915873384804,2.7081172466278076,13222400,0.0,0.0
2019-02-20 00:00:00-05:00,2.715371067666832,2.732296957550972,2.6960273911662256,2.7081172466278076,11842000,0.0,0.0
2019-02-21 00:00:00-05:00,2.7153711693036744,2.729879042519568,2.6621761722333157,2.6670119762420654,9956800,0.0,0.0
2019-02-22 00:00:00-05:00,2.664594224124448,2.7516407727653034,2.664594224124448,2.749222755432129,12998000,0.0,0.0
2019-02-25 00:00:00-05:00,2.751640695910548,2.8531951151191572,2.751640695910548,2.792746067047119,14378000,0.0,0.0
2019-02-26 00:00:00-05:00,2.790328011717715,2.8314333822935547,2.780656173381918,2.8145077228546143,8632000,0.0,0.0
2019-02-27 00:00:00-05:00,2.8193435908361413,2.884628674033444,2.8096717522804098,2.8217616081237793,13589200,0.0,0.0
2019-02-28 00:00:00-05:00,2.8265974760506034,2.8677028484910974,2.8024179944116705,2.8290154933929443,11280800,0.0,0.0
2019-03-01 00:00:00-05:00,2.872538754965001,2.903972287227976,2.8411052227020264,2.8411052227020264,7604800,0.0,0.0
2019-03-04 00:00:00-05:00,2.850777138719535,2.865285011926515,2.773402429868498,2.797581911087036,8914400,0.0,0.0
2019-03-05 00:00:00-05:00,2.9208981010218222,2.9257341357461963,2.7468047710564316,2.8048360347747803,22151600,0.0,0.0
2019-03-06 00:00:00-05:00,2.819343589355588,2.8701207993952176,2.795164108276367,2.795164108276367,13251600,0.0,0.0
2019-03-07 00:00:00-05:00,2.795164172115577,2.819343653747037,2.7661484252061044,2.8024179935455322,7245600,0.0,0.0
2019-03-08 00:00:00-05:00,2.676683926363007,2.7129534956162926,2.5993092142410608,2.6525044441223145,24686400,0.0,0.0
2019-03-11 00:00:00-04:00,2.6549221538488275,2.727461059654523,2.633160689642461,2.722625255584717,10814400,0.0,0.0
2019-03-12 00:00:00-04:00,2.7274610457680777,2.792746129839262,2.715371189762878,2.773402452468872,8659600,0.0,0.0
2019-03-13 00:00:00-04:00,2.7903281136272486,2.8145078256472496,2.7734024535701423,2.799999952316284,8766400,0.0,0.0
2019-03-14 00:00:00-04:00,2.827500104904175,2.8350000381469727,2.7249999046325684,2.737499952316284,11358400,0.095,0.0
2019-03-15 00:00:00-04:00,2.747499942779541,2.7799999713897705,2.7249999046325684,2.765000104904175,14149600,0.0,0.0
2019-03-18 00:00:00-04:00,2.7725000381469727,2.7925000190734863,2.744999885559082,2.7674999237060547,9804800,0.0,0.0
2019-03-19 00:00:00-04:00,2.7674999237060547,2.809999942779541,2.7249999046325684,2.740000009536743,12359600,0.0,0.0
2019-03-20 00:00:00-04:00,2.740000009536743,2.740000009536743,2.5999999046325684,2.625,16415600,0.0,0.0
2019-03-21 00:00:00-04:00,2.617500066757202,2.682499885559082,2.5875000953674316,2.637500047683716,12821200,0.0,0.0
2019-03-22 00:00:00-04:00,2.6624999046325684,2.6649999618530273,2.609999895095825,2.612499952316284,13156000,0.0,0.0
2019-03-25 00:00:00-04:00,2.615000009536743,2.622499942779541,2.5174999237060547,2.5350000858306885,17944800,0.0,0.0
2019-03-26 00:00:00-04:00,2.5274999141693115,2.609999895095825,2.5225000381469727,2.5875000953674316,14140400,0.0,0.0
2019-03-27 00:00:00-04:00,2.5924999713897705,2.634999990463257,2.5625,2.572499990463257,10424800,0.0,0.0
2019-03-28 00:00:00-04:00,2.5899999141693115,2.622499942779541,2.5174999237060547,2.547499895095825,12489200,0.0,0.0
2019-03-29 00:00:00-04:00,2.552500009536743,2.5899999141693115,2.5374999046325684,2.5399999618530273,11676000,0.0,0.0
2019-04-01 00:00:00-04:00,2.572499990463257,2.6050000190734863,2.509999990463257,2.5924999713897705,17662800,0.0,0.0
2019-04-02 00:00:00-04:00,2.5924999713897705,2.6024999618530273,2.5225000381469727,2.5250000953674316,34680800,0.0,0.0
2019-04-03 00:00:00-04:00,2.2149999141693115,2.507499933242798,2.2049999237060547,2.4075000286102295,106391600,0.0,0.0
2019-04-04 00:00:00-04:00,2.434999942779541,2.515000104904175,2.4124999046325684,2.507499933242798,31671200,0.0,0.0
2019-04-05 00:00:00-04:00,2.490000009536743,2.502500057220459,2.447499990463257,2.4649999141693115,22974400,0.0,0.0
2019-04-08 00:00:00-04:00,2.447499990463257,2.5199999809265137,2.432499885559082,2.484999895095825,18204000,0.0,0.0
2019-04-09 00:00:00-04:00,2.4625000953674316,2.5,2.452500104904175,2.4549999237060547,11914000,0.0,0.0
2019-04-10 00:00:00-04:00,2.4700000286102295,2.502500057220459,2.4700000286102295,2.492500066757202,11228800,0.0,0.0
2019-04-11 00:00:00-04:00,2.494999885559082,2.494999885559082,2.434999942779541,2.440000057220459,10180800,0.0,0.0
2019-04-12 00:00:00-04:00,2.447499990463257,2.4574999809265137,2.322499990463257,2.3299999237060547,19114000,0.0,0.0
2019-04-15 00:00:00-04:00,2.317500114440918,2.3375000953674316,2.202500104904175,2.234999895095825,22109600,0.0,0.0
2019-04-16 00:00:00-04:00,2.25,2.2874999046325684,2.237499952316284,2.2699999809265137,18880000,0.0,0.0
2019-04-17 00:00:00-04:00,2.2774999141693115,2.2799999713897705,2.1875,2.234999895095825,15684400,0.0,0.0
2019-04-18 00:00:00-04:00,2.2149999141693115,2.257499933242798,2.184999942779541,2.192500114440918,15256800,0.0,0.0
2019-04-22 00:00:00-04:00,2.1875,2.2049999237060547,2.132499933242798,2.1624999046325684,25114800,0.0,0.0
2019-04-23 00:00:00-04:00,2.1600000858306885,2.242500066757202,2.1600000858306885,2.2225000858306885,17809200,0.0,0.0
2019-04-24 00:00:00-04:00,2.2249999046325684,2.265000104904175,2.2225000858306885,2.252500057220459,16424400,0.0,0.0
2019-04-25 00:00:00-04:00,2.247499942779541,2.25,2.180000066757202,2.237499952316284,10508000,0.0,0.0
2019-04-26 00:00:00-04:00,2.2325000762939453,2.257499933242798,2.2200000286102295,2.2225000858306885,9227200,0.0,0.0
2019-04-29 00:00:00-04:00,2.2225000858306885,2.2249999046325684,2.177500009536743,2.190000057220459,10192400,0.0,0.0
2019-04-30 00:00:00-04:00,2.200000047683716,2.2125000953674316,2.1624999046325684,2.1624999046325684,12830800,0.0,0.0
2019-05-01 00:00:00-04:00,2.1649999618530273,2.197499990463257,2.117500066757202,2.127500057220459,14155600,0.0,0.0
2019-05-02 00:00:00-04:00,2.127500057220459,2.2074999809265137,2.127500057220459,2.192500114440918,12467600,0.0,0.0
2019-05-03 00:00:00-04:00,2.202500104904175,2.247499942779541,2.192500114440918,2.242500066757202,8718400,0.0,0.0
2019-05-06 00:00:00-04:00,2.2125000953674316,2.2300000190734863,2.1649999618530273,2.2125000953674316,9624800,0.0,0.0
2019-05-07 00:00:00-04:00,2.192500114440918,2.2300000190734863,2.172499895095825,2.192500114440918,10366400,0.0,0.0
2019-05-08 00:00:00-04:00,2.1875,2.2125000953674316,2.1624999046325684,2.172499895095825,8249600,0.0,0.0
2019-05-09 00:00:00-04:00,2.1500000953674316,2.1624999046325684,2.119999885559082,2.130000114440918,9358000,0.0,0.0
2019-05-10 00:00:00-04:00,2.130000114440918,2.1449999809265137,2.0899999141693115,2.119999885559082,9206000,0.0,0.0
2019-05-13 00:00:00-04:00,2.0824999809265137,2.0924999713897705,2.0425000190734863,2.065000057220459,12172800,0.0,0.0
2019-05-14 00:00:00-04:00,2.0799999237060547,2.137500047683716,2.059999942779541,2.132499933242798,10451600,0.0,0.0
2019-05-15 00:00:00-04:00,2.109999895095825,2.177500009536743,2.109999895095825,2.172499895095825,9014000,0.0,0.0
2019-05-16 00:00:00-04:00,2.184999942779541,2.2100000381469727,2.1600000858306885,2.1675000190734863,7004000,0.0,0.0
2019-05-17 00:00:00-04:00,2.134999990463257,2.194999933242798,2.134999990463257,2.1524999141693115,7869200,0.0,0.0
2019-05-20 00:00:00-04:00,2.115000009536743,2.130000114440918,1.9950000047683716,2.015000104904175,20174400,0.0,0.0
2019-05-21 00:00:00-04:00,2.0174999237060547,2.0350000858306885,1.972499966621399,2.0325000286102295,22788400,0.0,0.0
2019-05-22 00:00:00-04:00,2.0174999237060547,2.0199999809265137,1.940000057220459,1.975000023841858,18064400,0.0,0.0
2019-05-23 00:00:00-04:00,1.9600000381469727,1.965000033378601,1.9175000190734863,1.9249999523162842,15678000,0.0,0.0
2019-05-24 00:00:00-04:00,1.9275000095367432,1.965000033378601,1.9275000095367432,1.9550000429153442,10168400,0.0,0.0
2019-05-28 00:00:00-04:00,1.962499976158142,1.997499942779541,1.934999942779541,1.934999942779541,10931200,0.0,0.0
2019-05-29 00:00:00-04:00,1.9325000047683716,1.9375,1.847499966621399,1.8925000429153442,16510800,0.0,0.0
2019-05-30 00:00:00-04:00,1.8925000429153442,1.9249999523162842,1.8825000524520874,1.899999976158142,10780800,0.0,0.0
2019-05-31 00:00:00-04:00,1.8674999475479126,1.9149999618530273,1.8300000429153442,1.8949999809265137,15932400,0.0,0.0
2019-06-03 00:00:00-04:00,1.8949999809265137,1.912500023841858,1.8550000190734863,1.8674999475479126,20916400,0.0,0.0
2019-06-04 00:00:00-04:00,1.8949999809265137,1.962499976158142,1.8799999952316284,1.9550000429153442,41720400,0.0,0.0
2019-06-05 00:00:00-04:00,1.372499942779541,1.3975000381469727,1.1775000095367432,1.2599999904632568,157416800,0.0,0.0
2019-06-06 00:00:00-04:00,1.2450000047683716,1.2825000286102295,1.2100000381469727,1.2825000286102295,54232000,0.0,0.0
2019-06-07 00:00:00-04:00,1.2825000286102295,1.3075000047683716,1.247499942779541,1.2549999952316284,42365200,0.0,0.0
2019-06-10 00:00:00-04:00,1.3424999713897705,1.3875000476837158,1.3224999904632568,1.3600000143051147,75706000,0.0,0.0
2019-06-11 00:00:00-04:00,1.3825000524520874,1.462499976158142,1.372499942779541,1.4299999475479126,53695200,0.0,0.0
2019-06-12 00:00:00-04:00,1.4199999570846558,1.4500000476837158,1.375,1.375,19657200,0.0,0.0
2019-06-13 00:00:00-04:00,1.3875000476837158,1.4325000047683716,1.372499942779541,1.4249999523162842,23363200,0.0,0.0
2019-06-14 00:00:00-04:00,1.4249999523162842,1.4574999809265137,1.402500033378601,1.4075000286102295,21218400,0.0,0.0
2019-06-17 00:00:00-04:00,1.4075000286102295,1.4524999856948853,1.399999976158142,1.4249999523162842,14746000,0.0,0.0
2019-06-18 00:00:00-04:00,1.4275000095367432,1.4574999809265137,1.4175000190734863,1.4325000047683716,16281600,0.0,0.0
2019-06-19 00:00:00-04:00,1.4375,1.4375,1.402500033378601,1.4075000286102295,11893200,0.0,0.0
2019-06-20 00:00:00-04:00,1.4149999618530273,1.4225000143051147,1.3799999952316284,1.3825000524520874,15735200,0.0,0.0
2019-06-21 00:00:00-04:00,1.3799999952316284,1.3799999952316284,1.3274999856948853,1.3550000190734863,35817200,0.0,0.0
2019-06-24 00:00:00-04:00,1.3524999618530273,1.3674999475479126,1.3200000524520874,1.3424999713897705,19293200,0.0,0.0
2019-06-25 00:00:00-04:00,1.3350000381469727,1.3825000524520874,1.3300000429153442,1.3624999523162842,12341600,0.0,0.0
2019-06-26 00:00:00-04:00,1.3674999475479126,1.3799999952316284,1.3450000286102295,1.3674999475479126,14207200,0.0,0.0
2019-06-27 00:00:00-04:00,1.3650000095367432,1.3975000381469727,1.3574999570846558,1.3849999904632568,15024000,0.0,0.0
2019-06-28 00:00:00-04:00,1.3825000524520874,1.3949999809265137,1.3600000143051147,1.3674999475479126,15585600,0.0,0.0
2019-07-01 00:00:00-04:00,1.3825000524520874,1.3925000429153442,1.3350000381469727,1.340000033378601,17243200,0.0,0.0
2019-07-02 00:00:00-04:00,1.337499976158142,1.3624999523162842,1.3300000429153442,1.3450000286102295,22574000,0.0,0.0
2019-07-03 00:00:00-04:00,1.3524999618530273,1.3574999570846558,1.3174999952316284,1.3274999856948853,10248400,0.0,0.0
2019-07-05 00:00:00-04:00,1.3250000476837158,1.409999966621399,1.3174999952316284,1.3799999952316284,51578400,0.0,0.0
2019-07-08 00:00:00-04:00,1.375,1.3825000524520874,1.3550000190734863,1.3624999523162842,26370800,0.0,0.0
2019-07-09 00:00:00-04:00,1.3700000047683716,1.3875000476837158,1.3200000524520874,1.3274999856948853,46887600,0.0,0.0
2019-07-10 00:00:00-04:00,1.337499976158142,1.3424999713897705,1.2925000190734863,1.2949999570846558,43413200,0.0,0.0
2019-07-11 00:00:00-04:00,1.2450000047683716,1.252500057220459,1.1825000047683716,1.2100000381469727,67112800,0.0,0.0
2019-07-12 00:00:00-04:00,1.215000033378601,1.2324999570846558,1.2024999856948853,1.2274999618530273,17568800,0.0,0.0
2019-07-15 00:00:00-04:00,1.2174999713897705,1.222499966621399,1.1875,1.1875,12273600,0.0,0.0
2019-07-16 00:00:00-04:00,1.190000057220459,1.2024999856948853,1.1575000286102295,1.1575000286102295,23880000,0.0,0.0
2019-07-17 00:00:00-04:00,1.1575000286102295,1.159999966621399,1.0824999809265137,1.0950000286102295,30572400,0.0,0.0
2019-07-18 00:00:00-04:00,1.097499966621399,1.1050000190734863,1.0299999713897705,1.0499999523162842,34342800,0.0,0.0
2019-07-19 00:00:00-04:00,1.0549999475479126,1.1050000190734863,1.0549999475479126,1.0800000429153442,43786000,0.0,0.0
2019-07-22 00:00:00-04:00,1.0824999809265137,1.100000023841858,1.0299999713897705,1.034999966621399,21954800,0.0,0.0
2019-07-23 00:00:00-04:00,1.037500023841858,1.0499999523162842,0.9950000047683716,1.0225000381469727,30814000,0.0,0.0
2019-07-24 00:00:00-04:00,1.0199999809265137,1.0499999523162842,1.0125000476837158,1.0199999809265137,24082400,0.0,0.0
2019-07-25 00:00:00-04:00,1.024999976158142,1.0800000429153442,0.9925000071525574,0.9950000047683716,23160000,0.0,0.0
2019-07-26 00:00:00-04:00,1.0,1.0199999809265137,0.9900000095367432,1.002500057220459,12836000,0.0,0.0
2019-07-29 00:00:00-04:00,1.0049999952316284,1.0399999618530273,1.0049999952316284,1.0299999713897705,17308400,0.0,0.0
2019-07-30 00:00:00-04:00,1.024999976158142,1.0325000286102295,0.9750000238418579,1.0075000524520874,21085600,0.0,0.0
2019-07-31 00:00:00-04:00,1.0075000524520874,1.0449999570846558,1.0,1.0049999952316284,20835600,0.0,0.0
2019-08-01 00:00:00-04:00,1.0049999952316284,1.0149999856948853,0.9449999928474426,0.9599999785423279,22386000,0.0,0.0
2019-08-02 00:00:00-04:00,0.9574999809265137,0.9725000262260437,0.9375,0.9449999928474426,14378800,0.0,0.0
2019-08-05 00:00:00-04:00,0.9300000071525574,0.9375,0.8949999809265137,0.9275000095367432,22727200,0.0,0.0
2019-08-06 00:00:00-04:00,0.9325000047683716,0.9549999833106995,0.9075000286102295,0.9524999856948853,20629600,0.0,0.0
2019-08-07 00:00:00-04:00,0.9350000023841858,0.9624999761581421,0.9150000214576721,0.9524999856948853,23424400,0.0,0.0
2019-08-08 00:00:00-04:00,0.9599999785423279,0.9775000214576721,0.9424999952316284,0.9725000262260437,9226800,0.0,0.0
2019-08-09 00:00:00-04:00,0.9574999809265137,0.9649999737739563,0.8974999785423279,0.8974999785423279,12317600,0.0,0.0
2019-08-12 00:00:00-04:00,0.8949999809265137,0.9049999713897705,0.8600000143051147,0.8774999976158142,10710400,0.0,0.0
2019-08-13 00:00:00-04:00,0.8700000047683716,0.9399999976158142,0.8675000071525574,0.8675000071525574,18018000,0.0,0.0
2019-08-14 00:00:00-04:00,0.8475000262260437,0.8550000190734863,0.7975000143051147,0.8299999833106995,24327600,0.0,0.0
2019-08-15 00:00:00-04:00,0.8299999833106995,0.8525000214576721,0.7875000238418579,0.8025000095367432,23553600,0.0,0.0
2019-08-16 00:00:00-04:00,0.8125,0.8399999737739563,0.8025000095367432,0.8299999833106995,12522800,0.0,0.0
2019-08-19 00:00:00-04:00,0.8424999713897705,0.8675000071525574,0.8349999785423279,0.8450000286102295,11550000,0.0,0.0
2019-08-20 00:00:00-04:00,0.8374999761581421,0.8650000095367432,0.8199999928474426,0.8550000190734863,17040000,0.0,0.0
2019-08-21 00:00:00-04:00,0.875,0.9049999713897705,0.8600000143051147,0.8849999904632568,23643600,0.0,0.0
2019-08-22 00:00:00-04:00,0.9925000071525574,1.0625,0.9300000071525574,0.9674999713897705,116709200,0.0,0.0
2019-08-23 00:00:00-04:00,0.9599999785423279,0.9750000238418579,0.8899999856948853,0.9125000238418579,34643600,0.0,0.0
2019-08-26 00:00:00-04:00,0.9300000071525574,1.0099999904632568,0.9125000238418579,0.9549999833106995,41277600,0.0,0.0
2019-08-27 00:00:00-04:00,0.9674999713897705,0.9825000166893005,0.9200000166893005,0.925000011920929,22804000,0.0,0.0
2019-08-28 00:00:00-04:00,0.925000011920929,0.9925000071525574,0.9175000190734863,0.9700000286102295,25756800,0.0,0.0
2019-08-29 00:00:00-04:00,0.9825000166893005,1.0724999904632568,0.9375,1.0575000047683716,53454000,0.0,0.0
2019-08-30 00:00:00-04:00,1.065000057220459,1.090000033378601,0.9800000190734863,0.9925000071525574,42538400,0.0,0.0
2019-09-03 00:00:00-04:00,0.9925000071525574,1.0175000429153442,0.9150000214576721,0.9524999856948853,36177600,0.0,0.0
2019-09-04 00:00:00-04:00,0.9700000286102295,1.0,0.9624999761581421,0.9950000047683716,16908400,0.0,0.0
2019-09-05 00:00:00-04:00,1.0199999809265137,1.059999942779541,1.0175000429153442,1.0575000047683716,27568000,0.0,0.0
2019-09-06 00:00:00-04:00,1.059999942779541,1.090000033378601,1.034999966621399,1.0774999856948853,26806000,0.0,0.0
2019-09-09 00:00:00-04:00,1.087499976158142,1.2300000190734863,1.087499976158142,1.190000057220459,58315200,0.0,0.0
2019-09-10 00:00:00-04:00,1.2174999713897705,1.274999976158142,1.127500057220459,1.2725000381469727,66636800,0.0,0.0
2019-09-11 00:00:00-04:00,1.0475000143051147,1.2374999523162842,0.9925000071525574,1.1475000381469727,136020000,0.0,0.0
2019-09-12 00:00:00-04:00,1.149999976158142,1.2024999856948853,1.1074999570846558,1.1449999809265137,35634800,0.0,0.0
2019-09-13 00:00:00-04:00,1.1549999713897705,1.1924999952316284,1.0924999713897705,1.1024999618530273,30648800,0.0,0.0
2019-09-16 00:00:00-04:00,1.0750000476837158,1.1174999475479126,1.0674999952316284,1.087499976158142,27045200,0.0,0.0
2019-09-17 00:00:00-04:00,1.0750000476837158,1.0850000381469727,1.0325000286102295,1.0824999809265137,25624000,0.0,0.0
2019-09-18 00:00:00-04:00,1.0824999809265137,1.1725000143051147,1.0824999809265137,1.149999976158142,39184800,0.0,0.0
2019-09-19 00:00:00-04:00,1.159999966621399,1.1675000190734863,1.1050000190734863,1.1100000143051147,31441200,0.0,0.0
2019-09-20 00:00:00-04:00,1.1475000381469727,1.2000000476837158,1.125,1.1749999523162842,46415200,0.0,0.0
2019-09-23 00:00:00-04:00,1.1699999570846558,1.2999999523162842,1.152500033378601,1.2549999952316284,49896000,0.0,0.0
2019-09-24 00:00:00-04:00,1.284999966621399,1.375,1.2450000047683716,1.252500057220459,52391600,0.0,0.0
2019-09-25 00:00:00-04:00,1.2725000381469727,1.3875000476837158,1.2699999809265137,1.2999999523162842,48657200,0.0,0.0
2019-09-26 00:00:00-04:00,1.2975000143051147,1.3350000381469727,1.2699999809265137,1.3200000524520874,24323600,0.0,0.0
2019-09-27 00:00:00-04:00,1.3125,1.3624999523162842,1.3049999475479126,1.3350000381469727,22194000,0.0,0.0
2019-09-30 00:00:00-04:00,1.3574999570846558,1.409999966621399,1.350000023841858,1.3799999952316284,35679200,0.0,0.0
2019-10-01 00:00:00-04:00,1.409999966621399,1.4550000429153442,1.372499942779541,1.3949999809265137,26369600,0.0,0.0
2019-10-02 00:00:00-04:00,1.3875000476837158,1.3875000476837158,1.309999942779541,1.3300000429153442,32619600,0.0,0.0
2019-10-03 00:00:00-04:00,1.3250000476837158,1.3700000047683716,1.3075000047683716,1.3550000190734863,17386800,0.0,0.0
2019-10-04 00:00:00-04:00,1.3574999570846558,1.3899999856948853,1.3424999713897705,1.3875000476837158,16852400,0.0,0.0
2019-10-07 00:00:00-04:00,1.3700000047683716,1.3949999809265137,1.3524999618530273,1.372499942779541,16619200,0.0,0.0
2019-10-08 00:00:00-04:00,1.3574999570846558,1.3600000143051147,1.2899999618530273,1.3075000047683716,19292400,0.0,0.0
2019-10-09 00:00:00-04:00,1.3125,1.3250000476837158,1.2400000095367432,1.247499942779541,23238400,0.0,0.0
2019-10-10 00:00:00-04:00,1.2549999952316284,1.287500023841858,1.2400000095367432,1.2625000476837158,20912000,0.0,0.0
2019-10-11 00:00:00-04:00,1.284999966621399,1.372499942779541,1.284999966621399,1.3424999713897705,23636800,0.0,0.0
2019-10-14 00:00:00-04:00,1.3300000429153442,1.3975000381469727,1.3049999475479126,1.3949999809265137,21095600,0.0,0.0
2019-10-15 00:00:00-04:00,1.399999976158142,1.4774999618530273,1.3975000381469727,1.402500033378601,25403600,0.0,0.0
2019-10-16 00:00:00-04:00,1.3949999809265137,1.4774999618530273,1.3949999809265137,1.4700000286102295,15474800,0.0,0.0
2019-10-17 00:00:00-04:00,1.472499966621399,1.5125000476837158,1.4500000476837158,1.5075000524520874,14426400,0.0,0.0
2019-10-18 00:00:00-04:00,1.5075000524520874,1.5125000476837158,1.4424999952316284,1.4850000143051147,12788400,0.0,0.0
2019-10-21 00:00:00-04:00,1.4950000047683716,1.5399999618530273,1.4550000429153442,1.4824999570846558,14446400,0.0,0.0
2019-10-22 00:00:00-04:00,1.4824999570846558,1.6100000143051147,1.4824999570846558,1.597499966621399,16698000,0.0,0.0
2019-10-23 00:00:00-04:00,1.5824999809265137,1.6549999713897705,1.5575000047683716,1.6074999570846558,16285600,0.0,0.0
2019-10-24 00:00:00-04:00,1.625,1.6375000476837158,1.5075000524520874,1.6050000190734863,17072800,0.0,0.0
2019-10-25 00:00:00-04:00,1.5800000429153442,1.6074999570846558,1.5625,1.587499976158142,10581600,0.0,0.0
2019-10-28 00:00:00-04:00,1.5950000286102295,1.622499942779541,1.5425000190734863,1.5475000143051147,11418800,0.0,0.0
2019-10-29 00:00:00-04:00,1.5525000095367432,1.5625,1.4474999904632568,1.4524999856948853,15675200,0.0,0.0
2019-10-30 00:00:00-04:00,1.440000057220459,1.4574999809265137,1.3799999952316284,1.4325000047683716,14958000,0.0,0.0
2019-10-31 00:00:00-04:00,1.4075000286102295,1.4225000143051147,1.3274999856948853,1.3600000143051147,17434400,0.0,0.0
2019-11-01 00:00:00-04:00,1.3624999523162842,1.5,1.3574999570846558,1.4600000381469727,20841600,0.0,0.0
2019-11-04 00:00:00-05:00,1.475000023841858,1.5049999952316284,1.4424999952316284,1.462499976158142,14680000,0.0,0.0
2019-11-05 00:00:00-05:00,1.4700000286102295,1.5499999523162842,1.465000033378601,1.4774999618530273,13496400,0.0,0.0
2019-11-06 00:00:00-05:00,1.475000023841858,1.5475000143051147,1.4550000429153442,1.5225000381469727,16513200,0.0,0.0
2019-11-07 00:00:00-05:00,1.5449999570846558,1.5800000429153442,1.5099999904632568,1.5549999475479126,12517200,0.0,0.0
2019-11-08 00:00:00-05:00,1.5425000190734863,1.5700000524520874,1.5125000476837158,1.5225000381469727,7874800,0.0,0.0
2019-11-11 00:00:00-05:00,1.5125000476837158,1.5225000381469727,1.4424999952316284,1.5049999952316284,12437600,0.0,0.0
2019-11-12 00:00:00-05:00,1.5075000524520874,1.5175000429153442,1.4674999713897705,1.4800000190734863,7338000,0.0,0.0
2019-11-13 00:00:00-05:00,1.4774999618530273,1.4924999475479126,1.4524999856948853,1.4850000143051147,6134400,0.0,0.0
2019-11-14 00:00:00-05:00,1.4874999523162842,1.527500033378601,1.475000023841858,1.4950000047683716,6834800,0.0,0.0
2019-11-15 00:00:00-05:00,1.5,1.502500057220459,1.462499976158142,1.4700000286102295,8663600,0.0,0.0
2019-11-18 00:00:00-05:00,1.462499976158142,1.462499976158142,1.402500033378601,1.4049999713897705,11983600,0.0,0.0
2019-11-19 00:00:00-05:00,1.3925000429153442,1.4149999618530273,1.3624999523162842,1.375,13442000,0.0,0.0
2019-11-20 00:00:00-05:00,1.3849999904632568,1.3849999904632568,1.340000033378601,1.3650000095367432,10666800,0.0,0.0
2019-11-21 00:00:00-05:00,1.3650000095367432,1.3949999809265137,1.337499976158142,1.375,11136000,0.0,0.0
2019-11-22 00:00:00-05:00,1.3975000381469727,1.462499976158142,1.375,1.4149999618530273,13972400,0.0,0.0
2019-11-25 00:00:00-05:00,1.4175000190734863,1.5149999856948853,1.4075000286102295,1.5075000524520874,10979600,0.0,0.0
2019-11-26 00:00:00-05:00,1.5075000524520874,1.565000057220459,1.502500057220459,1.524999976158142,10594800,0.0,0.0
2019-11-27 00:00:00-05:00,1.524999976158142,1.597499966621399,1.5049999952316284,1.587499976158142,12120000,0.0,0.0
2019-11-29 00:00:00-05:00,1.5824999809265137,1.597499966621399,1.559999942779541,1.5850000381469727,5476000,0.0,0.0
2019-12-02 00:00:00-05:00,1.587499976158142,1.6150000095367432,1.5225000381469727,1.5425000190734863,8242400,0.0,0.0
2019-12-03 00:00:00-05:00,1.5099999904632568,1.5449999570846558,1.4824999570846558,1.5299999713897705,8859600,0.0,0.0
2019-12-04 00:00:00-05:00,1.5425000190734863,1.622499942779541,1.5299999713897705,1.6074999570846558,11489600,0.0,0.0
2019-12-05 00:00:00-05:00,1.5800000429153442,1.6299999952316284,1.559999942779541,1.600000023841858,17525600,0.0,0.0
2019-12-06 00:00:00-05:00,1.597499966621399,1.6699999570846558,1.597499966621399,1.6699999570846558,19029200,0.0,0.0
2019-12-09 00:00:00-05:00,1.662500023841858,1.7300000190734863,1.5475000143051147,1.5824999809265137,25002400,0.0,0.0
2019-12-10 00:00:00-05:00,1.5724999904632568,1.6349999904632568,1.5299999713897705,1.627500057220459,38379600,0.0,0.0
2019-12-11 00:00:00-05:00,1.3125,1.4524999856948853,1.2949999570846558,1.3825000524520874,78071200,0.0,0.0
2019-12-12 00:00:00-05:00,1.3650000095367432,1.4275000095367432,1.3524999618530273,1.3949999809265137,25549200,0.0,0.0
2019-12-13 00:00:00-05:00,1.3674999475479126,1.4049999713897705,1.309999942779541,1.3624999523162842,21756000,0.0,0.0
2019-12-16 00:00:00-05:00,1.347499966621399,1.3975000381469727,1.347499966621399,1.375,17627600,0.0,0.0
2019-12-17 00:00:00-05:00,1.375,1.5199999809265137,1.372499942779541,1.5149999856948853,16565600,0.0,0.0
2019-12-18 00:00:00-05:00,1.5149999856948853,1.5674999952316284,1.4824999570846558,1.5399999618530273,21056400,0.0,0.0
2019-12-19 00:00:00-05:00,1.5525000095367432,1.559999942779541,1.5075000524520874,1.5149999856948853,17808000,0.0,0.0
2019-12-20 00:00:00-05:00,1.5149999856948853,1.5549999475479126,1.4900000095367432,1.497499942779541,21938400,0.0,0.0
2019-12-23 00:00:00-05:00,1.5125000476837158,1.5175000429153442,1.3849999904632568,1.402500033378601,25130800,0.0,0.0
2019-12-24 00:00:00-05:00,1.412500023841858,1.4175000190734863,1.3600000143051147,1.3600000143051147,13582000,0.0,0.0
2019-12-26 00:00:00-05:00,1.3674999475479126,1.377500057220459,1.3125,1.350000023841858,17057600,0.0,0.0
2019-12-27 00:00:00-05:00,1.3550000190734863,1.4950000047683716,1.347499966621399,1.475000023841858,44165200,0.0,0.0
2019-12-30 00:00:00-05:00,1.4700000286102295,1.5625,1.440000057220459,1.5325000286102295,17928400,0.0,0.0
2019-12-31 00:00:00-05:00,1.5199999809265137,1.597499966621399,1.497499942779541,1.5199999809265137,17290400,0.0,0.0
2020-01-02 00:00:00-05:00,1.534999966621399,1.6174999475479126,1.5175000429153442,1.5774999856948853,17814400,0.0,0.0
2020-01-03 00:00:00-05:00,1.5525000095367432,1.5625,1.4600000381469727,1.4700000286102295,14175600,0.0,0.0
2020-01-06 00:00:00-05:00,1.4500000476837158,1.4774999618530273,1.399999976158142,1.462499976158142,13579200,0.0,0.0
2020-01-07 00:00:00-05:00,1.4424999952316284,1.4574999809265137,1.3600000143051147,1.3799999952316284,20912000,0.0,0.0
2020-01-08 00:00:00-05:00,1.372499942779541,1.462499976158142,1.3524999618530273,1.4299999475479126,22517600,0.0,0.0
2020-01-09 00:00:00-05:00,1.4550000429153442,1.4550000429153442,1.3700000047683716,1.3875000476837158,10572000,0.0,0.0
2020-01-10 00:00:00-05:00,1.3899999856948853,1.399999976158142,1.3450000286102295,1.3574999570846558,11125600,0.0,0.0
2020-01-13 00:00:00-05:00,1.3574999570846558,1.402500033378601,1.3324999809265137,1.3574999570846558,14500800,0.0,0.0
2020-01-14 00:00:00-05:00,1.1950000524520874,1.25,1.1325000524520874,1.1775000095367432,50247600,0.0,0.0
2020-01-15 00:00:00-05:00,1.1649999618530273,1.1825000047683716,1.1375000476837158,1.152500033378601,19924400,0.0,0.0
2020-01-16 00:00:00-05:00,1.152500033378601,1.1775000095367432,1.1299999952316284,1.1549999713897705,17148400,0.0,0.0
2020-01-17 00:00:00-05:00,1.1449999809265137,1.1875,1.127500057220459,1.1875,16078000,0.0,0.0
2020-01-21 00:00:00-05:00,1.1875,1.1875,1.1375000476837158,1.1475000381469727,14128400,0.0,0.0
2020-01-22 00:00:00-05:00,1.1375000476837158,1.159999966621399,1.1150000095367432,1.1399999856948853,10510000,0.0,0.0
2020-01-23 00:00:00-05:00,1.1375000476837158,1.159999966621399,1.1150000095367432,1.1549999713897705,7520800,0.0,0.0
2020-01-24 00:00:00-05:00,1.159999966621399,1.159999966621399,1.0625,1.0800000429153442,16654400,0.0,0.0
2020-01-27 00:00:00-05:00,1.0499999523162842,1.087499976158142,1.0399999618530273,1.0700000524520874,8490000,0.0,0.0
2020-01-28 00:00:00-05:00,1.0750000476837158,1.0750000476837158,1.0449999570846558,1.0525000095367432,8579600,0.0,0.0
2020-01-29 00:00:00-05:00,1.0549999475479126,1.0800000429153442,1.0325000286102295,1.0325000286102295,6210400,0.0,0.0
2020-01-30 00:00:00-05:00,1.024999976158142,1.0299999713897705,0.9700000286102295,0.9825000166893005,12026000,0.0,0.0
2020-01-31 00:00:00-05:00,0.9775000214576721,0.9850000143051147,0.9574999809265137,0.9599999785423279,11566800,0.0,0.0
2020-02-03 00:00:00-05:00,0.9700000286102295,0.9950000047683716,0.9624999761581421,0.987500011920929,8102400,0.0,0.0
2020-02-04 00:00:00-05:00,1.0075000524520874,1.0625,0.9925000071525574,1.0175000429153442,14252400,0.0,0.0
2020-02-05 00:00:00-05:00,1.037500023841858,1.1024999618530273,1.034999966621399,1.0449999570846558,10566800,0.0,0.0
2020-02-06 00:00:00-05:00,1.0499999523162842,1.0750000476837158,1.034999966621399,1.034999966621399,6041200,0.0,0.0
2020-02-07 00:00:00-05:00,1.027500033378601,1.0325000286102295,0.9424999952316284,0.9524999856948853,10969200,0.0,0.0
2020-02-10 00:00:00-05:00,0.9624999761581421,1.024999976158142,0.9350000023841858,0.9850000143051147,11108000,0.0,0.0
2020-02-11 00:00:00-05:00,0.9950000047683716,1.059999942779541,0.987500011920929,1.0049999952316284,13660000,0.0,0.0
2020-02-12 00:00:00-05:00,1.0325000286102295,1.127500057220459,1.0175000429153442,1.0475000143051147,19282400,0.0,0.0
2020-02-13 00:00:00-05:00,1.0299999713897705,1.065000057220459,1.0175000429153442,1.027500033378601,8326800,0.0,0.0
2020-02-14 00:00:00-05:00,1.027500033378601,1.0475000143051147,1.0049999952316284,1.0049999952316284,6330800,0.0,0.0
2020-02-18 00:00:00-05:00,1.002500057220459,1.0199999809265137,0.9900000095367432,1.0149999856948853,5870400,0.0,0.0
2020-02-19 00:00:00-05:00,1.0149999856948853,1.0674999952316284,0.9800000190734863,1.037500023841858,10372400,0.0,0.0
2020-02-20 00:00:00-05:00,1.0399999618530273,1.0750000476837158,1.027500033378601,1.034999966621399,6249200,0.0,0.0
2020-02-21 00:00:00-05:00,1.0299999713897705,1.0449999570846558,0.9975000023841858,1.0099999904632568,6782800,0.0,0.0
2020-02-24 00:00:00-05:00,0.9750000238418579,0.9825000166893005,0.925000011920929,0.925000011920929,14265200,0.0,0.0
2020-02-25 00:00:00-05:00,0.9424999952316284,0.9474999904632568,0.887499988079071,0.8899999856948853,17791600,0.0,0.0
2020-02-26 00:00:00-05:00,0.8949999809265137,0.9049999713897705,0.8399999737739563,0.8475000262260437,18899200,0.0,0.0
2020-02-27 00:00:00-05:00,0.8075000047683716,0.9075000286102295,0.7950000166893005,0.8675000071525574,15518000,0.0,0.0
2020-02-28 00:00:00-05:00,0.8349999785423279,0.9300000071525574,0.8349999785423279,0.8999999761581421,18768800,0.0,0.0
2020-03-02 00:00:00-05:00,0.8999999761581421,0.9624999761581421,0.8475000262260437,0.9574999809265137,12833600,0.0,0.0
2020-03-03 00:00:00-05:00,0.9700000286102295,0.9725000262260437,0.875,0.9075000286102295,17130000,0.0,0.0
2020-03-04 00:00:00-05:00,0.9275000095367432,0.9574999809265137,0.8650000095367432,0.9424999952316284,17030400,0.0,0.0
2020-03-05 00:00:00-05:00,0.925000011920929,0.9975000023841858,0.8974999785423279,0.9900000095367432,14397600,0.0,0.0
2020-03-06 00:00:00-05:00,0.9599999785423279,1.0175000429153442,0.9399999976158142,0.9800000190734863,8387200,0.0,0.0
2020-03-09 00:00:00-04:00,0.8974999785423279,0.9925000071525574,0.875,0.925000011920929,10928000,0.0,0.0
2020-03-10 00:00:00-04:00,0.9850000143051147,1.065000057220459,0.949999988079071,1.0575000047683716,19452800,0.0,0.0
2020-03-11 00:00:00-04:00,1.034999966621399,1.0625,1.0,1.034999966621399,17656400,0.0,0.0
2020-03-12 00:00:00-04:00,0.925000011920929,1.0099999904632568,0.8700000047683716,0.9950000047683716,20493600,0.0,0.0
2020-03-13 00:00:00-04:00,1.0325000286102295,1.162500023841858,0.9624999761581421,1.1475000381469727,23148800,0.0,0.0
2020-03-16 00:00:00-04:00,0.9825000166893005,1.1425000429153442,0.9750000238418579,1.0924999713897705,19466800,0.0,0.0
2020-03-17 00:00:00-04:00,1.100000023841858,1.162500023841858,1.027500033378601,1.0575000047683716,14248800,0.0,0.0
2020-03-18 00:00:00-04:00,1.024999976158142,1.0625,0.875,0.9424999952316284,14606800,0.0,0.0
2020-03-19 00:00:00-04:00,0.9275000095367432,1.0499999523162842,0.887499988079071,1.0475000143051147,20158000,0.0,0.0
2020-03-20 00:00:00-04:00,1.0199999809265137,1.0199999809265137,0.9125000238418579,0.9399999976158142,30888800,0.0,0.0
2020-03-23 00:00:00-04:00,0.8949999809265137,0.9649999737739563,0.875,0.9524999856948853,24039200,0.0,0.0
2020-03-24 00:00:00-04:00,0.987500011920929,1.0525000095367432,0.9725000262260437,1.0399999618530273,27222400,0.0,0.0
2020-03-25 00:00:00-04:00,1.037500023841858,1.122499942779541,1.0099999904632568,1.0425000190734863,14368400,0.0,0.0
2020-03-26 00:00:00-04:00,1.059999942779541,1.1775000095367432,1.059999942779541,1.1024999618530273,24742800,0.0,0.0
2020-03-27 00:00:00-04:00,1.2350000143051147,1.2725000381469727,1.037500023841858,1.0549999475479126,28099200,0.0,0.0
2020-03-30 00:00:00-04:00,1.0549999475479126,1.0674999952316284,0.9125000238418579,0.9125000238418579,13402400,0.0,0.0
2020-03-31 00:00:00-04:00,0.9075000286102295,0.949999988079071,0.875,0.875,9203600,0.0,0.0
2020-04-01 00:00:00-04:00,0.862500011920929,0.8725000023841858,0.7799999713897705,0.8125,18274800,0.0,0.0
2020-04-02 00:00:00-04:00,0.8149999976158142,0.8374999761581421,0.7124999761581421,0.7124999761581421,16257200,0.0,0.0
2020-04-03 00:00:00-04:00,0.7124999761581421,0.7350000143051147,0.6424999833106995,0.699999988079071,15321600,0.0,0.0
2020-04-06 00:00:00-04:00,0.7149999737739563,0.800000011920929,0.7074999809265137,0.7724999785423279,13362000,0.0,0.0
2020-04-07 00:00:00-04:00,0.8475000262260437,0.8600000143051147,0.7749999761581421,0.8174999952316284,11347600,0.0,0.0
2020-04-08 00:00:00-04:00,0.8075000047683716,0.9175000190734863,0.800000011920929,0.8525000214576721,11538000,0.0,0.0
2020-04-09 00:00:00-04:00,0.8999999761581421,1.0625,0.8725000023841858,0.9725000262260437,23634400,0.0,0.0
2020-04-13 00:00:00-04:00,1.0625,1.190000057220459,1.0399999618530273,1.184999942779541,27378000,0.0,0.0
2020-04-14 00:00:00-04:00,1.3025000095367432,1.6174999475479126,1.284999966621399,1.4874999523162842,54026400,0.0,0.0
2020-04-15 00:00:00-04:00,1.4149999618530273,1.4175000190734863,1.225000023841858,1.3174999952316284,29999600,0.0,0.0
2020-04-16 00:00:00-04:00,1.2799999713897705,1.3600000143051147,1.2200000286102295,1.2575000524520874,13487600,0.0,0.0
2020-04-17 00:00:00-04:00,1.3049999475479126,1.3200000524520874,1.1074999570846558,1.2200000286102295,22612800,0.0,0.0
2020-04-20 00:00:00-04:00,1.212499976158142,1.475000023841858,1.1950000524520874,1.402500033378601,24340000,0.0,0.0
2020-04-21 00:00:00-04:00,1.3075000047683716,1.3250000476837158,1.190000057220459,1.1950000524520874,16568400,0.0,0.0
2020-04-22 00:00:00-04:00,1.284999966621399,1.2925000190734863,1.2074999809265137,1.222499966621399,10711200,0.0,0.0
2020-04-23 00:00:00-04:00,1.1875,1.222499966621399,1.1449999809265137,1.1749999523162842,9063600,0.0,0.0
2020-04-24 00:00:00-04:00,1.1950000524520874,1.212499976158142,1.1649999618530273,1.1924999952316284,8944800,0.0,0.0
2020-04-27 00:00:00-04:00,1.212499976158142,1.497499942779541,1.2024999856948853,1.4550000429153442,29100400,0.0,0.0
2020-04-28 00:00:00-04:00,1.4800000190734863,1.5099999904632568,1.2649999856948853,1.409999966621399,20800800,0.0,0.0
2020-04-29 00:00:00-04:00,1.4574999809265137,1.5225000381469727,1.3624999523162842,1.5099999904632568,13478400,0.0,0.0
2020-04-30 00:00:00-04:00,1.4674999713897705,1.4950000047683716,1.409999966621399,1.4325000047683716,8693200,0.0,0.0
2020-05-01 00:00:00-04:00,1.412500023841858,1.5449999570846558,1.3624999523162842,1.5125000476837158,16022400,0.0,0.0
2020-05-04 00:00:00-04:00,1.4600000381469727,1.4824999570846558,1.350000023841858,1.3700000047683716,16272400,0.0,0.0
2020-05-05 00:00:00-04:00,1.3875000476837158,1.4075000286102295,1.337499976158142,1.347499966621399,8423600,0.0,0.0
2020-05-06 00:00:00-04:00,1.350000023841858,1.350000023841858,1.225000023841858,1.2324999570846558,13478400,0.0,0.0
2020-05-07 00:00:00-04:00,1.2074999809265137,1.2324999570846558,1.162500023841858,1.2174999713897705,10003200,0.0,0.0
2020-05-08 00:00:00-04:00,1.2200000286102295,1.2975000143051147,1.2050000429153442,1.2450000047683716,9410400,0.0,0.0
2020-05-11 00:00:00-04:00,1.2300000190734863,1.2400000095367432,1.1875,1.190000057220459,6796800,0.0,0.0
2020-05-12 00:00:00-04:00,1.1950000524520874,1.2300000190734863,1.1150000095367432,1.1349999904632568,10556800,0.0,0.0
2020-05-13 00:00:00-04:00,1.1349999904632568,1.1349999904632568,1.0175000429153442,1.0525000095367432,11531600,0.0,0.0
2020-05-14 00:00:00-04:00,1.037500023841858,1.0475000143051147,0.9900000095367432,1.0325000286102295,8019600,0.0,0.0
2020-05-15 00:00:00-04:00,1.0125000476837158,1.1124999523162842,1.0099999904632568,1.0549999475479126,7762400,0.0,0.0
2020-05-18 00:00:00-04:00,1.100000023841858,1.1575000286102295,1.090000033378601,1.1449999809265137,9456800,0.0,0.0
2020-05-19 00:00:00-04:00,1.1449999809265137,1.1875,1.0924999713897705,1.1100000143051147,7362800,0.0,0.0
2020-05-20 00:00:00-04:00,1.125,1.1725000143051147,1.0850000381469727,1.1074999570846558,10174400,0.0,0.0
2020-05-21 00:00:00-04:00,1.1124999523162842,1.162500023841858,1.100000023841858,1.1100000143051147,7887600,0.0,0.0
2020-05-22 00:00:00-04:00,1.1150000095367432,1.122499942779541,1.0325000286102295,1.0449999570846558,9519600,0.0,0.0
2020-05-26 00:00:00-04:00,1.0850000381469727,1.152500033378601,1.0824999809265137,1.1050000190734863,14182800,0.0,0.0
2020-05-27 00:00:00-04:00,1.1425000429153442,1.1775000095367432,1.090000033378601,1.1725000143051147,12586400,0.0,0.0
2020-05-28 00:00:00-04:00,1.1875,1.190000057220459,1.0750000476837158,1.0824999809265137,8735600,0.0,0.0
2020-05-29 00:00:00-04:00,1.0824999809265137,1.1050000190734863,1.0125000476837158,1.0149999856948853,15846800,0.0,0.0
2020-06-01 00:00:00-04:00,1.0299999713897705,1.090000033378601,1.0049999952316284,1.0325000286102295,10446400,0.0,0.0
2020-06-02 00:00:00-04:00,1.0674999952316284,1.0774999856948853,1.0149999856948853,1.0449999570846558,9477600,0.0,0.0
2020-06-03 00:00:00-04:00,1.059999942779541,1.1299999952316284,1.0499999523162842,1.1100000143051147,12149600,0.0,0.0
2020-06-04 00:00:00-04:00,1.1100000143051147,1.1799999475479126,1.0924999713897705,1.1174999475479126,14057200,0.0,0.0
2020-06-05 00:00:00-04:00,1.0724999904632568,1.1024999618530273,1.0225000381469727,1.034999966621399,25097600,0.0,0.0
2020-06-08 00:00:00-04:00,1.0700000524520874,1.284999966621399,1.0674999952316284,1.252500057220459,40534800,0.0,0.0
2020-06-09 00:00:00-04:00,1.25,1.25,1.1375000476837158,1.2400000095367432,32293600,0.0,0.0
2020-06-10 00:00:00-04:00,1.1950000524520874,1.3825000524520874,1.1699999570846558,1.2675000429153442,42425600,0.0,0.0
2020-06-11 00:00:00-04:00,1.159999966621399,1.225000023841858,1.0449999570846558,1.0924999713897705,24944000,0.0,0.0
2020-06-12 00:00:00-04:00,1.149999976158142,1.1950000524520874,1.097499966621399,1.1799999475479126,17512800,0.0,0.0
2020-06-15 00:00:00-04:00,1.125,1.1924999952316284,1.1050000190734863,1.1725000143051147,15636000,0.0,0.0
2020-06-16 00:00:00-04:00,1.2374999523162842,1.2374999523162842,1.127500057220459,1.159999966621399,12485200,0.0,0.0
2020-06-17 00:00:00-04:00,1.1349999904632568,1.2074999809265137,1.1325000524520874,1.190000057220459,14374000,0.0,0.0
2020-06-18 00:00:00-04:00,1.1675000190734863,1.2374999523162842,1.162500023841858,1.2374999523162842,13695200,0.0,0.0
2020-06-19 00:00:00-04:00,1.2374999523162842,1.2699999809265137,1.1725000143051147,1.2200000286102295,29466400,0.0,0.0
2020-06-22 00:00:00-04:00,1.1974999904632568,1.2374999523162842,1.1799999475479126,1.2174999713897705,12715600,0.0,0.0
2020-06-23 00:00:00-04:00,1.2374999523162842,1.247499942779541,1.2000000476837158,1.2074999809265137,12821600,0.0,0.0
2020-06-24 00:00:00-04:00,1.2074999809265137,1.2100000381469727,1.0950000286102295,1.1024999618530273,11904800,0.0,0.0
2020-06-25 00:00:00-04:00,1.0824999809265137,1.1349999904632568,1.0750000476837158,1.1150000095367432,9803200,0.0,0.0
2020-06-26 00:00:00-04:00,1.1200000047683716,1.125,1.0674999952316284,1.087499976158142,15204800,0.0,0.0
2020-06-29 00:00:00-04:00,1.087499976158142,1.1299999952316284,1.0750000476837158,1.0950000286102295,8524800,0.0,0.0
2020-06-30 00:00:00-04:00,1.0824999809265137,1.127500057220459,1.0499999523162842,1.0850000381469727,15556000,0.0,0.0
2020-07-01 00:00:00-04:00,1.0774999856948853,1.125,1.0774999856948853,1.1100000143051147,9214800,0.0,0.0
2020-07-02 00:00:00-04:00,1.122499942779541,1.127500057220459,1.0724999904632568,1.0724999904632568,7550400,0.0,0.0
2020-07-06 00:00:00-04:00,1.0774999856948853,1.0850000381469727,1.0475000143051147,1.059999942779541,8563600,0.0,0.0
2020-07-07 00:00:00-04:00,1.0499999523162842,1.0625,1.0149999856948853,1.0225000381469727,9826400,0.0,0.0
2020-07-08 00:00:00-04:00,1.024999976158142,1.0724999904632568,1.0075000524520874,1.065000057220459,8211200,0.0,0.0
2020-07-09 00:00:00-04:00,1.0674999952316284,1.0800000429153442,1.0325000286102295,1.0525000095367432,7970400,0.0,0.0
2020-07-10 00:00:00-04:00,1.0499999523162842,1.0950000286102295,1.0449999570846558,1.0850000381469727,5643200,0.0,0.0
2020-07-13 00:00:00-04:00,1.087499976158142,1.1375000476837158,1.065000057220459,1.065000057220459,16864800,0.0,0.0
2020-07-14 00:00:00-04:00,1.0549999475479126,1.0774999856948853,1.0175000429153442,1.0199999809265137,9046400,0.0,0.0
2020-07-15 00:00:00-04:00,1.0325000286102295,1.0724999904632568,1.0325000286102295,1.0475000143051147,5896400,0.0,0.0
2020-07-16 00:00:00-04:00,1.0475000143051147,1.0499999523162842,1.0225000381469727,1.0425000190734863,5320400,0.0,0.0
2020-07-17 00:00:00-04:00,1.0399999618530273,1.0575000047683716,0.9850000143051147,0.9900000095367432,12263600,0.0,0.0
2020-07-20 00:00:00-04:00,0.987500011920929,1.0149999856948853,0.9424999952316284,0.9624999761581421,13604400,0.0,0.0
2020-07-21 00:00:00-04:00,0.9750000238418579,1.0225000381469727,0.9700000286102295,1.002500057220459,13351600,0.0,0.0
2020-07-22 00:00:00-04:00,1.0049999952316284,1.0299999713897705,0.9800000190734863,1.027500033378601,10094000,0.0,0.0
2020-07-23 00:00:00-04:00,1.0225000381469727,1.0774999856948853,1.0149999856948853,1.027500033378601,12948800,0.0,0.0
2020-07-24 00:00:00-04:00,1.0149999856948853,1.0575000047683716,1.002500057220459,1.0075000524520874,8863600,0.0,0.0
2020-07-27 00:00:00-04:00,1.0049999952316284,1.0299999713897705,0.987500011920929,1.002500057220459,9890800,0.0,0.0
2020-07-28 00:00:00-04:00,0.9900000095367432,1.0125000476837158,0.9800000190734863,0.9850000143051147,18221600,0.0,0.0
2020-07-29 00:00:00-04:00,0.9850000143051147,1.0449999570846558,0.9800000190734863,1.0149999856948853,11518400,0.0,0.0
2020-07-30 00:00:00-04:00,1.0,1.0575000047683716,0.9925000071525574,1.024999976158142,9594000,0.0,0.0
2020-07-31 00:00:00-04:00,1.0149999856948853,1.0399999618530273,0.9975000023841858,1.002500057220459,7517600,0.0,0.0
2020-08-03 00:00:00-04:00,1.0075000524520874,1.0625,1.0,1.037500023841858,10070400,0.0,0.0
2020-08-04 00:00:00-04:00,1.0325000286102295,1.184999942779541,1.0325000286102295,1.1074999570846558,41445600,0.0,0.0
2020-08-05 00:00:00-04:00,1.125,1.190000057220459,1.0625,1.1575000286102295,19677200,0.0,0.0
2020-08-06 00:00:00-04:00,1.149999976158142,1.1649999618530273,1.0950000286102295,1.1074999570846558,7604800,0.0,0.0
2020-08-07 00:00:00-04:00,1.097499966621399,1.100000023841858,1.0149999856948853,1.0399999618530273,13364400,0.0,0.0
2020-08-10 00:00:00-04:00,1.0499999523162842,1.1425000429153442,1.0449999570846558,1.0824999809265137,18247200,0.0,0.0
2020-08-11 00:00:00-04:00,1.1074999570846558,1.1425000429153442,1.0850000381469727,1.087499976158142,12555200,0.0,0.0
2020-08-12 00:00:00-04:00,1.100000023841858,1.1575000286102295,1.090000033378601,1.1299999952316284,12230400,0.0,0.0
2020-08-13 00:00:00-04:00,1.1299999952316284,1.1775000095367432,1.125,1.159999966621399,8513200,0.0,0.0
2020-08-14 00:00:00-04:00,1.149999976158142,1.2074999809265137,1.1375000476837158,1.1875,13897600,0.0,0.0
2020-08-17 00:00:00-04:00,1.1950000524520874,1.1950000524520874,1.1399999856948853,1.1575000286102295,9484000,0.0,0.0
2020-08-18 00:00:00-04:00,1.152500033378601,1.2174999713897705,1.1074999570846558,1.2024999856948853,15337600,0.0,0.0
2020-08-19 00:00:00-04:00,1.2000000476837158,1.2100000381469727,1.159999966621399,1.1799999475479126,10450400,0.0,0.0
2020-08-20 00:00:00-04:00,1.1549999713897705,1.1699999570846558,1.127500057220459,1.152500033378601,9764800,0.0,0.0
2020-08-21 00:00:00-04:00,1.149999976158142,1.399999976158142,1.149999976158142,1.2575000524520874,42570400,0.0,0.0
2020-08-24 00:00:00-04:00,1.274999976158142,1.2825000286102295,1.1399999856948853,1.2174999713897705,18341600,0.0,0.0
2020-08-25 00:00:00-04:00,1.2200000286102295,1.3125,1.2200000286102295,1.2450000047683716,11994800,0.0,0.0
2020-08-26 00:00:00-04:00,1.2424999475479126,1.3049999475479126,1.2300000190734863,1.277500033378601,11118800,0.0,0.0
2020-08-27 00:00:00-04:00,1.277500033378601,1.3450000286102295,1.2549999952316284,1.3125,13537600,0.0,0.0
2020-08-28 00:00:00-04:00,1.3250000476837158,1.3925000429153442,1.3049999475479126,1.347499966621399,16947600,0.0,0.0
2020-08-31 00:00:00-04:00,1.4424999952316284,1.787500023841858,1.4225000143051147,1.6699999570846558,151904000,0.0,0.0
2020-09-01 00:00:00-04:00,1.8250000476837158,1.9550000429153442,1.6924999952316284,1.912500023841858,92634400,0.0,0.0
2020-09-02 00:00:00-04:00,1.9500000476837158,2.012500047683716,1.777500033378601,1.9275000095367432,52044400,0.0,0.0
2020-09-03 00:00:00-04:00,1.9700000286102295,2.112499952316284,1.809999942779541,1.9550000429153442,57378000,0.0,0.0
2020-09-04 00:00:00-04:00,1.9450000524520874,1.9800000190734863,1.7925000190734863,1.912500023841858,30648000,0.0,0.0
2020-09-08 00:00:00-04:00,1.8875000476837158,2.069999933242798,1.8700000047683716,1.9249999523162842,39266400,0.0,0.0
2020-09-09 00:00:00-04:00,1.9900000095367432,1.997499942779541,1.8274999856948853,1.837499976158142,36272400,0.0,0.0
2020-09-10 00:00:00-04:00,1.662500023841858,1.7374999523162842,1.5475000143051147,1.5575000047683716,62233200,0.0,0.0
2020-09-11 00:00:00-04:00,1.565000057220459,1.5824999809265137,1.4674999713897705,1.5225000381469727,24244800,0.0,0.0
2020-09-14 00:00:00-04:00,1.7000000476837158,1.75,1.6074999570846558,1.7274999618530273,40476000,0.0,0.0
2020-09-15 00:00:00-04:00,1.715000033378601,1.815000057220459,1.6725000143051147,1.7725000381469727,22974000,0.0,0.0
2020-09-16 00:00:00-04:00,1.7575000524520874,2.259999990463257,1.7575000524520874,2.1700000762939453,77025200,0.0,0.0
2020-09-17 00:00:00-04:00,2.1424999237060547,2.442500114440918,2.1024999618530273,2.299999952316284,68106800,0.0,0.0
2020-09-18 00:00:00-04:00,2.299999952316284,2.442500114440918,2.2274999618530273,2.367500066757202,69630000,0.0,0.0
2020-09-21 00:00:00-04:00,2.3375000953674316,2.4000000953674316,2.0950000286102295,2.1875,30559200,0.0,0.0
2020-09-22 00:00:00-04:00,2.612499952316284,2.7925000190734863,2.4749999046325684,2.640000104904175,139010000,0.0,0.0
2020-09-23 00:00:00-04:00,2.6500000953674316,2.7149999141693115,2.4800000190734863,2.509999990463257,42604800,0.0,0.0
2020-09-24 00:00:00-04:00,2.427500009536743,2.452500104904175,2.252500057220459,2.2850000858306885,31755200,0.0,0.0
2020-09-25 00:00:00-04:00,2.297499895095825,2.5450000762939453,2.2750000953674316,2.505000114440918,30060800,0.0,0.0
2020-09-28 00:00:00-04:00,2.5399999618530273,2.565000057220459,2.387500047683716,2.5225000381469727,27057200,0.0,0.0
2020-09-29 00:00:00-04:00,2.5,2.6624999046325684,2.4825000762939453,2.5875000953674316,20950400,0.0,0.0
2020-09-30 00:00:00-04:00,2.5625,2.690000057220459,2.515000104904175,2.549999952316284,24316000,0.0,0.0
2020-10-01 00:00:00-04:00,2.5225000381469727,2.5625,2.422499895095825,2.442500114440918,18216400,0.0,0.0
2020-10-02 00:00:00-04:00,2.3450000286102295,2.444999933242798,2.325000047683716,2.3475000858306885,17362000,0.0,0.0
2020-10-05 00:00:00-04:00,2.359999895095825,2.3975000381469727,2.3125,2.365000009536743,11220000,0.0,0.0
2020-10-06 00:00:00-04:00,2.390000104904175,2.4600000381469727,2.2750000953674316,2.2825000286102295,18141600,0.0,0.0
2020-10-07 00:00:00-04:00,2.307499885559082,2.390000104904175,2.2925000190734863,2.3399999141693115,13234400,0.0,0.0
2020-10-08 00:00:00-04:00,2.384999990463257,3.4100000858306885,2.297499895095825,3.372499942779541,305814400,0.0,0.0
2020-10-09 00:00:00-04:00,3.2074999809265137,3.700000047683716,2.9749999046325684,3.005000114440918,308611200,0.0,0.0
2020-10-12 00:00:00-04:00,2.9149999618530273,3.192500114440918,2.8499999046325684,2.950000047683716,94622800,0.0,0.0
2020-10-13 00:00:00-04:00,2.932499885559082,3.1050000190734863,2.9124999046325684,2.9700000286102295,40718800,0.0,0.0
2020-10-14 00:00:00-04:00,3.1675000190734863,3.1700000762939453,3.012500047683716,3.0625,43045600,0.0,0.0
2020-10-15 00:00:00-04:00,2.997499942779541,3.7750000953674316,2.997499942779541,3.4574999809265137,159579200,0.0,0.0
2020-10-16 00:00:00-04:00,3.442500114440918,3.4749999046325684,3.2699999809265137,3.327500104904175,46606400,0.0,0.0
2020-10-19 00:00:00-04:00,3.359999895095825,3.625,3.3450000286102295,3.4774999618530273,52676400,0.0,0.0
2020-10-20 00:00:00-04:00,3.507499933242798,3.5350000858306885,3.4175000190734863,3.4649999141693115,26416000,0.0,0.0
2020-10-21 00:00:00-04:00,3.4749999046325684,3.6050000190734863,3.450000047683716,3.5250000953674316,21447600,0.0,0.0
2020-10-22 00:00:00-04:00,3.549999952316284,3.9674999713897705,3.547499895095825,3.7274999618530273,64848800,0.0,0.0
2020-10-23 00:00:00-04:00,3.762500047683716,3.8450000286102295,3.637500047683716,3.75,26029200,0.0,0.0
2020-10-26 00:00:00-04:00,3.7325000762939453,3.862499952316284,3.315000057220459,3.362499952316284,53505200,0.0,0.0
2020-10-27 00:00:00-04:00,3.427500009536743,3.427500009536743,3.0899999141693115,3.172499895095825,28924000,0.0,0.0
2020-10-28 00:00:00-04:00,3.067500114440918,3.262500047683716,2.944999933242798,2.9549999237060547,25554400,0.0,0.0
2020-10-29 00:00:00-04:00,2.9700000286102295,3.0625,2.9200000762939453,2.932499885559082,16663200,0.0,0.0
2020-10-30 00:00:00-04:00,2.9100000858306885,2.9100000858306885,2.5899999141693115,2.617500066757202,46187600,0.0,0.0
2020-11-02 00:00:00-05:00,2.7049999237060547,2.7725000381469727,2.625,2.6875,20908000,0.0,0.0
2020-11-03 00:00:00-05:00,2.6875,2.9649999141693115,2.6575000286102295,2.8924999237060547,29818000,0.0,0.0
2020-11-04 00:00:00-05:00,2.940000057220459,2.942500114440918,2.6524999141693115,2.7274999618530273,23231600,0.0,0.0
2020-11-05 00:00:00-05:00,2.817500114440918,2.9600000381469727,2.765000104904175,2.862499952316284,18820800,0.0,0.0
2020-11-06 00:00:00-05:00,2.880000114440918,3.0425000190734863,2.8299999237060547,2.9649999141693115,22072800,0.0,0.0
2020-11-09 00:00:00-05:00,3.190000057220459,3.2325000762939453,2.8125,2.872499942779541,24979600,0.0,0.0
2020-11-10 00:00:00-05:00,2.875,2.9149999618530273,2.7074999809265137,2.7750000953674316,15304000,0.0,0.0
2020-11-11 00:00:00-05:00,2.875,2.987499952316284,2.802500009536743,2.9375,19530400,0.0,0.0
2020-11-12 00:00:00-05:00,2.934999942779541,2.9674999713897705,2.742500066757202,2.7825000286102295,17413200,0.0,0.0
2020-11-13 00:00:00-05:00,2.8399999141693115,2.887500047683716,2.75,2.752500057220459,14143600,0.0,0.0
2020-11-16 00:00:00-05:00,2.7899999618530273,3.1649999618530273,2.680000066757202,3.015000104904175,39099200,0.0,0.0
2020-11-17 00:00:00-05:00,2.9124999046325684,2.9800000190734863,2.807499885559082,2.9075000286102295,26712800,0.0,0.0
2020-11-18 00:00:00-05:00,2.950000047683716,3.009999990463257,2.890000104904175,2.8924999237060547,12676800,0.0,0.0
2020-11-19 00:00:00-05:00,2.9000000953674316,3.197499990463257,2.862499952316284,3.115000009536743,47150400,0.0,0.0
2020-11-20 00:00:00-05:00,3.137500047683716,3.365000009536743,3.134999990463257,3.177500009536743,33581600,0.0,0.0
2020-11-23 00:00:00-05:00,3.2249999046325684,3.5299999713897705,3.1675000190734863,3.4749999046325684,38396400,0.0,0.0
2020-11-24 00:00:00-05:00,3.557499885559082,3.565000057220459,3.325000047683716,3.4175000190734863,28732800,0.0,0.0
2020-11-25 00:00:00-05:00,3.4000000953674316,3.8125,3.3550000190734863,3.6875,35440400,0.0,0.0
2020-11-27 00:00:00-05:00,3.822499990463257,4.184999942779541,3.7200000286102295,4.019999980926514,50016800,0.0,0.0
2020-11-30 00:00:00-05:00,4.542500019073486,4.855000019073486,4.139999866485596,4.139999866485596,127934000,0.0,0.0
2020-12-01 00:00:00-05:00,4.277500152587891,4.349999904632568,3.940000057220459,3.950000047683716,50615600,0.0,0.0
2020-12-02 00:00:00-05:00,3.924999952316284,4.170000076293945,3.8450000286102295,4.144999980926514,31533600,0.0,0.0
2020-12-03 00:00:00-05:00,4.119999885559082,4.159999847412109,3.9674999713897705,4.03000020980835,25180000,0.0,0.0
2020-12-04 00:00:00-05:00,4.074999809265137,4.322500228881836,4.065000057220459,4.224999904632568,35890800,0.0,0.0
2020-12-07 00:00:00-05:00,4.25,4.375,4.054999828338623,4.087500095367432,29545200,0.0,0.0
2020-12-08 00:00:00-05:00,4.09250020980835,4.302499771118164,3.9825000762939453,4.235000133514404,64480800,0.0,0.0
2020-12-09 00:00:00-05:00,3.4800000190734863,3.682499885559082,3.307499885559082,3.4149999618530273,97431600,0.0,0.0
2020-12-10 00:00:00-05:00,3.2799999713897705,3.6024999618530273,3.262500047683716,3.5299999713897705,30235600,0.0,0.0
2020-12-11 00:00:00-05:00,3.4774999618530273,3.5,3.255000114440918,3.327500104904175,29987600,0.0,0.0
2020-12-14 00:00:00-05:00,3.3350000381469727,3.3575000762939453,3.0350000858306885,3.180000066757202,40028400,0.0,0.0
2020-12-15 00:00:00-05:00,3.194999933242798,3.505000114440918,3.119999885559082,3.4625000953674316,32759200,0.0,0.0
2020-12-16 00:00:00-05:00,3.490000009536743,3.577500104904175,3.3949999809265137,3.4625000953674316,23460400,0.0,0.0
2020-12-17 00:00:00-05:00,3.490000009536743,3.744999885559082,3.3975000381469727,3.7074999809265137,32779600,0.0,0.0
2020-12-18 00:00:00-05:00,3.944999933242798,4.074999809265137,3.7950000762939453,3.9075000286102295,66475200,0.0,0.0
2020-12-21 00:00:00-05:00,3.952500104904175,4.087500095367432,3.819999933242798,3.882499933242798,39504400,0.0,0.0
2020-12-22 00:00:00-05:00,4.054999828338623,5.010000228881836,4.037499904632568,4.864999771118164,122610800,0.0,0.0
2020-12-23 00:00:00-05:00,5.042500019073486,5.587500095367432,4.78249979019165,5.142499923706055,103321200,0.0,0.0
2020-12-24 00:00:00-05:00,5.252500057220459,5.369999885559082,4.987500190734863,5.037499904632568,25048800,0.0,0.0
2020-12-28 00:00:00-05:00,5.327499866485596,5.492499828338623,5.087500095367432,5.247499942779541,35863600,0.0,0.0
2020-12-29 00:00:00-05:00,5.204999923706055,5.267499923706055,4.639999866485596,4.84499979019165,36965600,0.0,0.0
2020-12-30 00:00:00-05:00,4.84499979019165,5.0,4.712500095367432,4.815000057220459,23737600,0.0,0.0
2020-12-31 00:00:00-05:00,4.8125,4.949999809265137,4.699999809265137,4.710000038146973,27690800,0.0,0.0
2021-01-04 00:00:00-05:00,4.75,4.775000095367432,4.287499904632568,4.3125,40090000,0.0,0.0
2021-01-05 00:00:00-05:00,4.337500095367432,4.519999980926514,4.307499885559082,4.34250020980835,19846000,0.0,0.0
2021-01-06 00:00:00-05:00,4.335000038146973,4.744999885559082,4.332499980926514,4.590000152587891,24224800,0.0,0.0
2021-01-07 00:00:00-05:00,4.617499828338623,4.862500190734863,4.505000114440918,4.519999980926514,24517200,0.0,0.0
2021-01-08 00:00:00-05:00,4.545000076293945,4.574999809265137,4.269999980926514,4.422500133514404,25928000,0.0,0.0
2021-01-11 00:00:00-05:00,4.852499961853027,5.162499904632568,4.752500057220459,4.985000133514404,59632000,0.0,0.0
2021-01-12 00:00:00-05:00,4.989999771118164,5.099999904632568,4.829999923706055,4.987500190734863,28242800,0.0,0.0
2021-01-13 00:00:00-05:00,5.105000019073486,9.662500381469727,5.007500171661377,7.849999904632568,578006800,0.0,0.0
2021-01-14 00:00:00-05:00,9.522500038146973,10.765000343322754,8.262499809265137,9.977499961853027,374869600,0.0,0.0
2021-01-15 00:00:00-05:00,9.6225004196167,10.1875,8.5024995803833,8.875,187465600,0.0,0.0
2021-01-19 00:00:00-05:00,10.387499809265137,11.380000114440918,9.15999984741211,9.84000015258789,298887600,0.0,0.0
2021-01-20 00:00:00-05:00,9.342499732971191,10.297499656677246,9.015000343322754,9.779999732971191,133887200,0.0,0.0
2021-01-21 00:00:00-05:00,9.807499885559082,11.1875,9.25,10.757499694824219,224867600,0.0,0.0
2021-01-22 00:00:00-05:00,10.647500038146973,19.190000534057617,10.579999923706055,16.252500534057617,788631600,0.0,0.0
2021-01-25 00:00:00-05:00,24.1825008392334,39.79499816894531,15.282500267028809,19.197500228881836,711496000,0.0,0.0
2021-01-26 00:00:00-05:00,22.139999389648438,37.5,20.049999237060547,36.994998931884766,714352000,0.0,0.0
2021-01-27 00:00:00-05:00,88.7074966430664,95.0,62.25,86.87750244140625,373586800,0.0,0.0
2021-01-28 00:00:00-05:00,66.25,120.75,28.0625,48.400001525878906,235263200,0.0,0.0
2021-01-29 00:00:00-05:00,94.92749786376953,103.49500274658203,62.5,81.25,202264400,0.0,0.0
2021-02-01 00:00:00-05:00,79.13999938964844,80.5,53.0,56.25,149528800,0.0,0.0
2021-02-02 00:00:00-05:00,35.189998626708984,39.5,18.55500030517578,22.5,312732400,0.0,0.0
2021-02-03 00:00:00-05:00,28.002500534057617,28.350000381469727,21.3125,23.102500915527344,170794000,0.0,0.0
2021-02-04 00:00:00-05:00,22.797500610351562,22.875,13.332500457763672,13.375,249709200,0.0,0.0
2021-02-05 00:00:00-05:00,13.510000228881836,23.75,12.772500038146973,15.942500114440918,325380000,0.0,0.0
2021-02-08 00:00:00-05:00,18.102500915527344,18.165000915527344,14.505000114440918,15.0,102749200,0.0,0.0
2021-02-09 00:00:00-05:00,14.15250015258789,14.25,11.630000114440918,12.577500343322754,107372400,0.0,0.0
2021-02-10 00:00:00-05:00,12.692500114440918,15.707500457763672,11.637499809265137,12.800000190734863,145820000,0.0,0.0
2021-02-11 00:00:00-05:00,12.5024995803833,13.829999923706055,12.055000305175781,12.774999618530273,52226800,0.0,0.0
2021-02-12 00:00:00-05:00,12.6875,13.8100004196167,12.012499809265137,13.100000381469727,58293200,0.0,0.0
2021-02-16 00:00:00-05:00,13.164999961853027,13.375,12.260000228881836,12.3774995803833,32700000,0.0,0.0
2021-02-17 00:00:00-05:00,12.442500114440918,12.797499656677246,11.140000343322754,11.484999656677246,36747200,0.0,0.0
2021-02-18 00:00:00-05:00,12.1225004196167,12.217499732971191,10.162500381469727,10.172499656677246,95962400,0.0,0.0
2021-02-19 00:00:00-05:00,10.319999694824219,10.97249984741211,9.625,10.147500038146973,59312800,0.0,0.0
2021-02-22 00:00:00-05:00,11.672499656677246,12.1274995803833,10.600000381469727,11.5,77904000,0.0,0.0
2021-02-23 00:00:00-05:00,11.242500305175781,11.557499885559082,10.0,11.242500305175781,30260800,0.0,0.0
2021-02-24 00:00:00-05:00,11.175000190734863,22.927499771118164,11.175000190734863,22.927499771118164,332446800,0.0,0.0
2021-02-25 00:00:00-05:00,42.38999938964844,46.16999816894531,25.25,27.1825008392334,601235200,0.0,0.0
2021-02-26 00:00:00-05:00,29.364999771118164,35.724998474121094,21.5,25.434999465942383,368776800,0.0,0.0
2021-03-01 00:00:00-05:00,26.135000228881836,33.497501373291016,24.99250030517578,30.100000381469727,199176000,0.0,0.0
2021-03-02 00:00:00-05:00,29.232500076293945,33.29999923706055,28.049999237060547,29.545000076293945,135132000,0.0,0.0
2021-03-03 00:00:00-05:00,30.627500534057617,31.9375,28.280000686645508,31.045000076293945,77095600,0.0,0.0
2021-03-04 00:00:00-05:00,31.25,36.967498779296875,28.825000762939453,33.087501525878906,130427600,0.0,0.0
2021-03-05 00:00:00-05:00,32.04249954223633,37.88249969482422,31.875,34.435001373291016,122934800,0.0,0.0
2021-03-08 00:00:00-05:00,38.72249984741211,52.717498779296875,36.525001525878906,48.625,254262400,0.0,0.0
2021-03-09 00:00:00-05:00,54.4275016784668,62.462501525878906,52.127498626708984,61.724998474121094,156397200,0.0,0.0
2021-03-10 00:00:00-05:00,67.35749816894531,87.125,43.0,66.25,286282400,0.0,0.0
2021-03-11 00:00:00-05:00,60.40999984741211,70.375,58.150001525878906,65.0,113250000,0.0,0.0
2021-03-12 00:00:00-05:00,68.75,73.875,65.56749725341797,66.125,103383600,0.0,0.0
2021-03-15 00:00:00-04:00,69.37999725341797,70.75,51.5,55.03499984741211,96401600,0.0,0.0
2021-03-16 00:00:00-04:00,50.790000915527344,55.17499923706055,43.087501525878906,52.04249954223633,141691600,0.0,0.0
2021-03-17 00:00:00-04:00,54.459999084472656,57.86750030517578,51.0,52.45249938964844,65926400,0.0,0.0
2021-03-18 00:00:00-04:00,53.5,54.720001220703125,48.912498474121094,50.4375,47059600,0.0,0.0
2021-03-19 00:00:00-04:00,48.932498931884766,56.75,45.665000915527344,50.067501068115234,98709200,0.0,0.0
2021-03-22 00:00:00-04:00,51.314998626708984,52.59000015258789,46.54999923706055,48.622501373291016,40246000,0.0,0.0
2021-03-23 00:00:00-04:00,49.375,50.4375,44.38750076293945,45.4375,57716400,0.0,0.0
2021-03-24 00:00:00-04:00,39.494998931884766,41.74250030517578,29.655000686645508,30.084999084472656,96711600,0.0,0.0
2021-03-25 00:00:00-04:00,30.872499465942383,46.875,29.225000381469727,45.9375,203849200,0.0,0.0
2021-03-26 00:00:00-04:00,49.41999816894531,54.73249816894531,40.814998626708984,45.25,149722800,0.0,0.0
2021-03-29 00:00:00-04:00,45.1875,48.47999954223633,43.377498626708984,45.32500076293945,40168800,0.0,0.0
2021-03-30 00:00:00-04:00,46.875,51.07500076293945,45.5,48.6150016784668,68379600,0.0,0.0
2021-03-31 00:00:00-04:00,49.375,49.8650016784668,46.77750015258789,47.45500183105469,33575200,0.0,0.0
2021-04-01 00:00:00-04:00,48.34000015258789,49.24250030517578,45.900001525878906,47.86249923706055,37337200,0.0,0.0
2021-04-05 00:00:00-04:00,42.75,48.75,41.20249938964844,46.73749923706055,56282000,0.0,0.0
2021-04-06 00:00:00-04:00,46.3025016784668,48.0,45.88999938964844,46.125,24873200,0.0,0.0
2021-04-07 00:00:00-04:00,45.80500030517578,46.125,44.02750015258789,44.49250030517578,19073200,0.0,0.0
2021-04-08 00:00:00-04:00,46.470001220703125,46.470001220703125,41.07500076293945,42.564998626708984,40189600,0.0,0.0
2021-04-09 00:00:00-04:00,42.42499923706055,42.89500045776367,38.25,39.59000015258789,37849600,0.0,0.0
2021-04-12 00:00:00-04:00,39.52750015258789,40.974998474121094,33.752498626708984,35.272499084472656,66734400,0.0,0.0
2021-04-13 00:00:00-04:00,35.470001220703125,36.345001220703125,33.0,35.247501373291016,27227600,0.0,0.0
2021-04-14 00:00:00-04:00,35.89250183105469,43.522499084472656,35.75,41.63249969482422,84552400,0.0,0.0
2021-04-15 00:00:00-04:00,40.75,41.5625,38.20000076293945,39.11000061035156,31427200,0.0,0.0
2021-04-16 00:00:00-04:00,39.0,40.04999923706055,37.8125,38.67250061035156,20858800,0.0,0.0
2021-04-19 00:00:00-04:00,42.95000076293945,43.79999923706055,40.58250045776367,41.092498779296875,42080800,0.0,0.0
2021-04-20 00:00:00-04:00,41.03499984741211,41.22249984741211,38.34000015258789,39.63249969482422,18634400,0.0,0.0
2021-04-21 00:00:00-04:00,39.599998474121094,40.744998931884766,38.97999954223633,39.627498626708984,15251200,0.0,0.0
2021-04-22 00:00:00-04:00,39.775001525878906,39.775001525878906,36.71500015258789,37.79249954223633,17383200,0.0,0.0
2021-04-23 00:00:00-04:00,37.25,38.415000915527344,36.17499923706055,37.79499816894531,16116400,0.0,0.0
2021-04-26 00:00:00-04:00,37.744998931884766,43.66999816894531,37.189998626708984,42.23249816894531,42128400,0.0,0.0
2021-04-27 00:00:00-04:00,45.88750076293945,47.0,43.29249954223633,44.442501068115234,35730800,0.0,0.0
2021-04-28 00:00:00-04:00,43.025001525878906,45.494998931884766,41.50749969482422,44.64500045776367,23155600,0.0,0.0
2021-04-29 00:00:00-04:00,44.13999938964844,45.21500015258789,42.6875,44.04750061035156,15041200,0.0,0.0
2021-04-30 00:00:00-04:00,43.75,45.95000076293945,43.17499923706055,43.397499084472656,17734400,0.0,0.0
2021-05-03 00:00:00-04:00,44.372501373291016,44.372501373291016,39.90250015258789,40.54999923706055,21044000,0.0,0.0
2021-05-04 00:00:00-04:00,39.75,40.372501373291016,37.95000076293945,40.182498931884766,16030000,0.0,0.0
2021-05-05 00:00:00-04:00,40.45750045776367,41.375,39.58250045776367,39.869998931884766,11221600,0.0,0.0
2021-05-06 00:00:00-04:00,40.21500015258789,41.18000030517578,38.900001525878906,40.252498626708984,11771200,0.0,0.0
2021-05-07 00:00:00-04:00,40.02750015258789,41.852500915527344,39.375,40.27750015258789,11738400,0.0,0.0
2021-05-10 00:00:00-04:00,40.32749938964844,40.397499084472656,35.75,35.80500030517578,19226800,0.0,0.0
2021-05-11 00:00:00-04:00,34.25,37.625,34.125,36.72999954223633,18738400,0.0,0.0
2021-05-12 00:00:00-04:00,36.42499923706055,37.625,35.557498931884766,36.1974983215332,10926000,0.0,0.0
2021-05-13 00:00:00-04:00,36.86000061035156,42.48749923706055,36.60749816894531,41.125,35494000,0.0,0.0
2021-05-14 00:00:00-04:00,40.0,41.61750030517578,39.05500030517578,39.97999954223633,17174000,0.0,0.0
2021-05-17 00:00:00-04:00,39.962501525878906,45.625,39.75,45.150001525878906,29848400,0.0,0.0
2021-05-18 00:00:00-04:00,43.6349983215332,47.29999923706055,42.067501068115234,45.16749954223633,30954800,0.0,0.0
2021-05-19 00:00:00-04:00,42.997501373291016,44.744998931884766,41.037498474121094,42.20750045776367,19303600,0.0,0.0
2021-05-20 00:00:00-04:00,42.6974983215332,43.727500915527344,41.724998474121094,42.622501373291016,9912800,0.0,0.0
2021-05-21 00:00:00-04:00,42.75,44.810001373291016,42.58250045776367,44.1974983215332,14618800,0.0,0.0
2021-05-24 00:00:00-04:00,43.962501525878906,47.1150016784668,43.337501525878906,45.002498626708984,18657200,0.0,0.0
2021-05-25 00:00:00-04:00,45.25,54.27750015258789,45.25,52.35749816894531,59550000,0.0,0.0
2021-05-26 00:00:00-04:00,57.25,62.119998931884766,56.38750076293945,60.63999938964844,84479600,0.0,0.0
2021-05-27 00:00:00-04:00,57.45000076293945,66.0,56.75,63.532501220703125,62105200,0.0,0.0
2021-05-28 00:00:00-04:00,65.74250030517578,67.19999694824219,55.35749816894531,55.5,47005600,0.0,0.0
2021-06-01 00:00:00-04:00,58.369998931884766,63.744998931884766,56.76750183105469,62.255001068115234,38502400,0.0,0.0
2021-06-02 00:00:00-04:00,62.220001220703125,73.5,61.07500076293945,70.55999755859375,64076800,0.0,0.0
2021-06-03 00:00:00-04:00,66.42749786376953,68.60749816894531,60.529998779296875,64.54499816894531,32000000,0.0,0.0
2021-06-04 00:00:00-04:00,64.00499725341797,66.25,61.442501068115234,62.09000015258789,14550000,0.0,0.0
2021-06-07 00:00:00-04:00,64.5,70.5,63.79999923706055,70.00250244140625,24206000,0.0,0.0
2021-06-08 00:00:00-04:00,73.0,86.16500091552734,70.25,75.0,69756400,0.0,0.0
2021-06-09 00:00:00-04:00,75.77999877929688,82.0,72.87750244140625,75.63999938964844,53717200,0.0,0.0
2021-06-10 00:00:00-04:00,70.5,72.0,52.75,55.09749984741211,91920800,0.0,0.0
2021-06-11 00:00:00-04:00,55.587501525878906,60.282501220703125,51.532501220703125,58.334999084472656,62323200,0.0,0.0
2021-06-14 00:00:00-04:00,59.125,59.502498626708984,54.79999923706055,57.36000061035156,28530400,0.0,0.0
2021-06-15 00:00:00-04:00,56.59000015258789,57.3125,52.0,55.625,29207600,0.0,0.0
2021-06-16 00:00:00-04:00,53.810001373291016,57.182498931884766,52.25,55.74250030517578,22259200,0.0,0.0
2021-06-17 00:00:00-04:00,56.0,58.415000915527344,55.369998931884766,55.897499084472656,18434400,0.0,0.0
2021-06-18 00:00:00-04:00,55.04499816894531,55.872501373291016,53.25,53.45500183105469,17281200,0.0,0.0
2021-06-21 00:00:00-04:00,54.23749923706055,54.599998474121094,49.25,50.092498779296875,20480800,0.0,0.0
2021-06-22 00:00:00-04:00,54.432498931884766,56.470001220703125,52.29249954223633,55.099998474121094,32800800,0.0,0.0
2021-06-23 00:00:00-04:00,55.36249923706055,55.64250183105469,53.529998779296875,54.834999084472656,14220400,0.0,0.0
2021-06-24 00:00:00-04:00,55.290000915527344,56.86249923706055,52.900001525878906,53.07749938964844,15453200,0.0,0.0
2021-06-25 00:00:00-04:00,53.5,53.54999923706055,49.625,52.377498626708984,50770800,0.0,0.0
2021-06-28 00:00:00-04:00,52.8125,56.11249923706055,52.54999923706055,53.3125,19517600,0.0,0.0
2021-06-29 00:00:00-04:00,53.397499084472656,53.80500030517578,52.002498626708984,52.720001220703125,9920000,0.0,0.0
2021-06-30 00:00:00-04:00,52.42250061035156,53.81999969482422,51.73500061035156,53.53499984741211,10158400,0.0,0.0
2021-07-01 00:00:00-04:00,53.349998474121094,54.20750045776367,50.5,51.09000015258789,10968400,0.0,0.0
2021-07-02 00:00:00-04:00,51.20000076293945,51.36249923706055,49.125,50.70750045776367,10396400,0.0,0.0
2021-07-06 00:00:00-04:00,51.0,51.192501068115234,48.4275016784668,49.88999938964844,11072400,0.0,0.0
2021-07-07 00:00:00-04:00,49.0,49.375,44.38999938964844,47.665000915527344,16958000,0.0,0.0
2021-07-08 00:00:00-04:00,44.95750045776367,48.55500030517578,44.875,47.845001220703125,11430000,0.0,0.0
2021-07-09 00:00:00-04:00,47.720001220703125,48.69499969482422,46.6875,47.807498931884766,6331600,0.0,0.0
2021-07-12 00:00:00-04:00,47.85499954223633,49.4375,46.85499954223633,47.3125,6545200,0.0,0.0
2021-07-13 00:00:00-04:00,46.91999816894531,47.1974983215332,44.75,45.01499938964844,9591600,0.0,0.0
2021-07-14 00:00:00-04:00,45.122501373291016,45.595001220703125,41.26750183105469,41.904998779296875,15655200,0.0,0.0
2021-07-15 00:00:00-04:00,40.0,42.997501373291016,39.502498626708984,41.70500183105469,17194400,0.0,0.0
2021-07-16 00:00:00-04:00,42.537498474121094,44.86750030517578,41.57500076293945,42.2599983215332,13151600,0.0,0.0
2021-07-19 00:00:00-04:00,40.82500076293945,44.0,40.30500030517578,43.372501373291016,9747600,0.0,0.0
2021-07-20 00:00:00-04:00,43.474998474121094,48.40999984741211,43.10499954223633,47.79499816894531,12404400,0.0,0.0
2021-07-21 00:00:00-04:00,46.9474983215332,48.877498626708984,45.52750015258789,46.45249938964844,8916800,0.0,0.0
2021-07-22 00:00:00-04:00,46.32500076293945,46.92250061035156,44.037498474121094,44.712501525878906,5652000,0.0,0.0
2021-07-23 00:00:00-04:00,45.25,45.400001525878906,43.459999084472656,45.09000015258789,5264800,0.0,0.0
2021-07-26 00:00:00-04:00,45.09000015258789,46.5099983215332,44.689998626708984,45.98500061035156,5042400,0.0,0.0
2021-07-27 00:00:00-04:00,45.75,46.25,44.165000915527344,44.6349983215332,4859200,0.0,0.0
2021-07-28 00:00:00-04:00,43.93000030517578,44.279998779296875,41.067501068115234,42.279998779296875,16403200,0.0,0.0
2021-07-29 00:00:00-04:00,42.650001525878906,43.47249984741211,41.127498626708984,41.21500015258789,8960000,0.0,0.0
2021-07-30 00:00:00-04:00,41.25,41.80500030517578,39.717498779296875,40.279998779296875,9508400,0.0,0.0
2021-08-02 00:00:00-04:00,40.5,40.897499084472656,38.76499938964844,39.412498474121094,10131600,0.0,0.0
2021-08-03 00:00:00-04:00,39.185001373291016,39.72249984741211,37.04999923706055,38.1875,57802400,0.0,0.0
2021-08-04 00:00:00-04:00,38.182498931884766,39.4474983215332,36.42250061035156,36.70000076293945,9574000,0.0,0.0
2021-08-05 00:00:00-04:00,37.0,39.400001525878906,36.30500030517578,38.36000061035156,9648400,0.0,0.0
2021-08-06 00:00:00-04:00,38.647499084472656,39.125,37.57749938964844,37.942501068115234,5410800,0.0,0.0
2021-08-09 00:00:00-04:00,37.95000076293945,41.1775016784668,37.665000915527344,40.282501220703125,8996800,0.0,0.0
2021-08-10 00:00:00-04:00,40.34000015258789,41.724998474121094,38.837501525878906,39.76250076293945,6493200,0.0,0.0
2021-08-11 00:00:00-04:00,39.60749816894531,39.76250076293945,38.654998779296875,39.69499969482422,3781600,0.0,0.0
2021-08-12 00:00:00-04:00,39.970001220703125,41.06999969482422,39.33250045776367,40.587501525878906,5271200,0.0,0.0
2021-08-13 00:00:00-04:00,40.11750030517578,40.88750076293945,39.352500915527344,40.630001068115234,4059200,0.0,0.0
2021-08-16 00:00:00-04:00,40.25,42.470001220703125,39.790000915527344,40.98249816894531,6290400,0.0,0.0
2021-08-17 00:00:00-04:00,40.29750061035156,42.369998931884766,40.275001525878906,40.88750076293945,4863600,0.0,0.0
2021-08-18 00:00:00-04:00,40.8125,41.400001525878906,39.1875,39.26250076293945,5647200,0.0,0.0
2021-08-19 00:00:00-04:00,39.192501068115234,39.497501373291016,37.69499969482422,38.224998474121094,4786000,0.0,0.0
2021-08-20 00:00:00-04:00,38.45000076293945,40.022499084472656,38.310001373291016,39.82500076293945,4619600,0.0,0.0
2021-08-23 00:00:00-04:00,40.595001220703125,41.8224983215332,39.88750076293945,41.22249984741211,5372000,0.0,0.0
2021-08-24 00:00:00-04:00,41.5724983215332,56.25,41.287498474121094,52.5724983215332,58608800,0.0,0.0
2021-08-25 00:00:00-04:00,51.662498474121094,56.75,48.25,49.912498474121094,51444400,0.0,0.0
2021-08-26 00:00:00-04:00,50.16999816894531,54.25,49.75,51.30500030517578,24954400,0.0,0.0
2021-08-27 00:00:00-04:00,51.92499923706055,53.25,50.005001068115234,51.23749923706055,12923200,0.0,0.0
2021-08-30 00:00:00-04:00,51.25,54.54750061035156,50.755001068115234,52.29999923706055,13238400,0.0,0.0
2021-08-31 00:00:00-04:00,53.17499923706055,55.57500076293945,52.8650016784668,54.560001373291016,14298800,0.0,0.0
2021-09-01 00:00:00-04:00,56.0,57.86000061035156,52.005001068115234,53.24250030517578,17815200,0.0,0.0
2021-09-02 00:00:00-04:00,53.46500015258789,53.70000076293945,51.57500076293945,53.380001068115234,7408000,0.0,0.0
2021-09-03 00:00:00-04:00,53.01250076293945,54.067501068115234,49.709999084472656,50.6875,10634400,0.0,0.0
2021-09-07 00:00:00-04:00,51.5625,52.474998474121094,49.025001525878906,49.75,9985200,0.0,0.0
2021-09-08 00:00:00-04:00,50.46500015258789,51.720001220703125,47.66999816894531,49.70000076293945,20694400,0.0,0.0
2021-09-09 00:00:00-04:00,45.022499084472656,50.5,44.5,49.79499816894531,30046000,0.0,0.0
2021-09-10 00:00:00-04:00,49.602500915527344,50.540000915527344,47.5,47.602500915527344,12170400,0.0,0.0
2021-09-13 00:00:00-04:00,48.4375,52.220001220703125,47.875,50.849998474121094,17336400,0.0,0.0
2021-09-14 00:00:00-04:00,50.162498474121094,51.154998779296875,48.75,49.810001373291016,8566400,0.0,0.0
2021-09-15 00:00:00-04:00,49.25,51.217498779296875,48.4375,51.130001068115234,9241600,0.0,0.0
2021-09-16 00:00:00-04:00,50.58250045776367,54.13750076293945,50.287498474121094,51.592498779296875,12232800,0.0,0.0
2021-09-17 00:00:00-04:00,52.005001068115234,53.122501373291016,50.19499969482422,51.24250030517578,15783600,0.0,0.0
2021-09-20 00:00:00-04:00,50.0,50.712501525878906,46.13750076293945,48.04999923706055,15767200,0.0,0.0
2021-09-21 00:00:00-04:00,49.84000015258789,49.84000015258789,46.5,47.48749923706055,10535200,0.0,0.0
2021-09-22 00:00:00-04:00,47.40999984741211,48.375,46.5724983215332,47.53499984741211,9026400,0.0,0.0
2021-09-23 00:00:00-04:00,48.08250045776367,48.9375,47.650001525878906,47.810001373291016,6729200,0.0,0.0
2021-09-24 00:00:00-04:00,47.75,47.93000030517578,46.02750015258789,46.290000915527344,6743200,0.0,0.0
2021-09-27 00:00:00-04:00,46.47999954223633,48.01250076293945,46.467498779296875,47.369998931884766,5880400,0.0,0.0
2021-09-28 00:00:00-04:00,47.0,47.70249938964844,44.5,44.650001525878906,7082000,0.0,0.0
2021-09-29 00:00:00-04:00,45.022499084472656,46.119998931884766,43.65250015258789,43.97999954223633,7599600,0.0,0.0
2021-09-30 00:00:00-04:00,43.75,46.36249923706055,41.6974983215332,43.86750030517578,12682800,0.0,0.0
2021-10-01 00:00:00-04:00,44.849998474121094,44.872501373291016,43.0625,44.227500915527344,6204400,0.0,0.0
2021-10-04 00:00:00-04:00,43.98749923706055,44.23749923706055,42.692501068115234,42.84000015258789,4782800,0.0,0.0
2021-10-05 00:00:00-04:00,42.79750061035156,43.29249954223633,41.67499923706055,43.04499816894531,5263600,0.0,0.0
2021-10-06 00:00:00-04:00,42.51499938964844,43.2400016784668,41.45249938964844,42.76750183105469,4801200,0.0,0.0
2021-10-07 00:00:00-04:00,43.0,43.79999923706055,42.6349983215332,43.029998779296875,4637200,0.0,0.0
2021-10-08 00:00:00-04:00,43.125,43.93000030517578,42.779998779296875,43.16999816894531,3272800,0.0,0.0
2021-10-11 00:00:00-04:00,43.25,47.122501373291016,43.25,44.525001525878906,10739600,0.0,0.0
2021-10-12 00:00:00-04:00,45.125,45.44499969482422,43.45000076293945,43.95500183105469,4934800,0.0,0.0
2021-10-13 00:00:00-04:00,44.57500076293945,47.0525016784668,44.0,46.01499938964844,7711600,0.0,0.0
2021-10-14 00:00:00-04:00,45.939998626708984,47.54999923706055,45.650001525878906,45.95750045776367,6695600,0.0,0.0
2021-10-15 00:00:00-04:00,46.0,46.744998931884766,45.220001220703125,45.81999969482422,4800000,0.0,0.0
2021-10-18 00:00:00-04:00,45.73500061035156,47.467498779296875,45.63750076293945,46.505001068115234,6358400,0.0,0.0
2021-10-19 00:00:00-04:00,47.247501373291016,48.04499816894531,46.099998474121094,46.6974983215332,8282400,0.0,0.0
2021-10-20 00:00:00-04:00,46.58250045776367,47.0,45.494998931884766,46.130001068115234,9107600,0.0,0.0
2021-10-21 00:00:00-04:00,46.1775016784668,47.67499923706055,45.150001525878906,45.4275016784668,9609600,0.0,0.0
2021-10-22 00:00:00-04:00,44.525001525878906,44.872501373291016,41.95000076293945,42.45000076293945,11201600,0.0,0.0
2021-10-25 00:00:00-04:00,42.35499954223633,43.70000076293945,41.814998626708984,43.49250030517578,5771200,0.0,0.0
2021-10-26 00:00:00-04:00,43.34000015258789,46.25,43.125,44.459999084472656,8706800,0.0,0.0
2021-10-27 00:00:00-04:00,45.0,45.772499084472656,43.08250045776367,43.377498626708984,4428000,0.0,0.0
2021-10-28 00:00:00-04:00,43.790000915527344,45.78499984741211,43.75,45.712501525878906,6784800,0.0,0.0
2021-10-29 00:00:00-04:00,45.70249938964844,46.4375,44.5,45.877498626708984,9176000,0.0,0.0
2021-11-01 00:00:00-04:00,45.63249969482422,52.14250183105469,45.51250076293945,50.022499084472656,19776800,0.0,0.0
2021-11-02 00:00:00-04:00,49.837501525878906,52.98500061035156,47.92250061035156,51.747501373291016,15529200,0.0,0.0
2021-11-03 00:00:00-04:00,53.5,63.92250061035156,52.0625,54.58250045776367,45062400,0.0,0.0
2021-11-04 00:00:00-04:00,55.5,57.24250030517578,52.88750076293945,54.459999084472656,11632000,0.0,0.0
2021-11-05 00:00:00-04:00,55.15999984741211,55.25,52.252498626708984,53.3125,7242800,0.0,0.0
2021-11-08 00:00:00-05:00,53.125,56.2599983215332,53.002498626708984,54.65999984741211,8631600,0.0,0.0
2021-11-09 00:00:00-05:00,55.5,55.872501373291016,51.11000061035156,51.650001525878906,7381200,0.0,0.0
2021-11-10 00:00:00-05:00,50.529998779296875,51.84749984741211,49.125,49.79750061035156,5237600,0.0,0.0
2021-11-11 00:00:00-05:00,50.0,52.022499084472656,49.537498474121094,51.08000183105469,4317600,0.0,0.0
2021-11-12 00:00:00-05:00,50.53499984741211,51.34000015258789,49.470001220703125,50.525001525878906,3712000,0.0,0.0
2021-11-15 00:00:00-05:00,50.96500015258789,52.875,50.42250061035156,52.28499984741211,5865600,0.0,0.0
2021-11-16 00:00:00-05:00,52.255001068115234,53.14250183105469,50.907501220703125,51.79499816894531,4858400,0.0,0.0
2021-11-17 00:00:00-05:00,51.57500076293945,54.42499923706055,51.5,52.5,5410800,0.0,0.0
2021-11-18 00:00:00-05:00,52.5625,53.78499984741211,51.875,52.529998779296875,4017600,0.0,0.0
2021-11-19 00:00:00-05:00,52.28499984741211,57.34749984741211,52.0625,57.20000076293945,12136800,0.0,0.0
2021-11-22 00:00:00-05:00,57.6150016784668,62.40999984741211,57.4375,61.88750076293945,17485600,0.0,0.0
2021-11-23 00:00:00-05:00,60.959999084472656,63.04999923706055,53.13999938964844,53.474998474121094,13380800,0.0,0.0
2021-11-24 00:00:00-05:00,54.3125,55.997501373291016,52.0,52.94499969482422,5237600,0.0,0.0
2021-11-26 00:00:00-05:00,52.02000045776367,52.932498931884766,49.79999923706055,49.93000030517578,4941200,0.0,0.0
2021-11-29 00:00:00-05:00,51.0,51.977500915527344,50.23500061035156,50.502498626708984,4435200,0.0,0.0
2021-11-30 00:00:00-05:00,50.025001525878906,50.98749923706055,47.0,49.0525016784668,6895600,0.0,0.0
2021-12-01 00:00:00-05:00,49.849998474121094,50.02750015258789,44.252498626708984,44.959999084472656,9406000,0.0,0.0
2021-12-02 00:00:00-05:00,46.25,46.85749816894531,43.26750183105469,45.38999938964844,8348400,0.0,0.0
2021-12-03 00:00:00-05:00,45.25,45.98249816894531,39.76250076293945,43.09749984741211,16386800,0.0,0.0
2021-12-06 00:00:00-05:00,41.5,43.334999084472656,40.79999923706055,41.779998779296875,8914400,0.0,0.0
2021-12-07 00:00:00-05:00,43.79499816894531,45.494998931884766,42.627498626708984,44.45249938964844,7889600,0.0,0.0
2021-12-08 00:00:00-05:00,44.150001525878906,45.0625,42.9900016784668,43.412498474121094,10444800,0.0,0.0
2021-12-09 00:00:00-05:00,41.75,43.17250061035156,37.75,38.939998626708984,20337200,0.0,0.0
2021-12-10 00:00:00-05:00,39.95750045776367,40.57500076293945,37.0,39.752498626708984,18107600,0.0,0.0
2021-12-13 00:00:00-05:00,40.08250045776367,40.22249984741211,33.76750183105469,34.220001220703125,21944800,0.0,0.0
2021-12-14 00:00:00-05:00,32.75,37.592498779296875,32.375,36.92250061035156,26048400,0.0,0.0
2021-12-15 00:00:00-05:00,36.8650016784668,38.0,35.279998779296875,37.147499084472656,11064000,0.0,0.0
2021-12-16 00:00:00-05:00,38.23249816894531,38.61000061035156,35.532501220703125,36.147499084472656,8659200,0.0,0.0
2021-12-17 00:00:00-05:00,35.9375,39.64250183105469,34.83250045776367,38.90999984741211,17226800,0.0,0.0
2021-12-20 00:00:00-05:00,38.29750061035156,39.91999816894531,37.42499923706055,39.28499984741211,7314400,0.0,0.0
2021-12-21 00:00:00-05:00,39.26499938964844,40.0625,38.78499984741211,39.529998779296875,5720800,0.0,0.0
2021-12-22 00:00:00-05:00,39.58250045776367,39.787498474121094,38.029998779296875,38.5,4188800,0.0,0.0
2021-12-23 00:00:00-05:00,38.5,38.75,36.505001068115234,38.03499984741211,4222000,0.0,0.0
2021-12-27 00:00:00-05:00,38.0,38.154998779296875,35.0,37.07749938964844,6454400,0.0,0.0
2021-12-28 00:00:00-05:00,36.875,39.352500915527344,36.602500915527344,36.6150016784668,5324400,0.0,0.0
2021-12-29 00:00:00-05:00,36.962501525878906,38.872501373291016,35.53499984741211,38.48249816894531,8149600,0.0,0.0
2021-12-30 00:00:00-05:00,37.75,40.0,37.5,38.83250045776367,6247600,0.0,0.0
2021-12-31 00:00:00-05:00,38.404998779296875,39.182498931884766,37.025001525878906,37.09749984741211,5576000,0.0,0.0
2022-01-03 00:00:00-05:00,37.307498931884766,39.845001220703125,37.3025016784668,38.209999084472656,5654800,0.0,0.0
2022-01-04 00:00:00-05:00,38.04249954223633,38.247501373291016,35.76250076293945,37.227500915527344,7339600,0.0,0.0
2022-01-05 00:00:00-05:00,37.09749984741211,37.212501525878906,32.287498474121094,32.342498779296875,13585600,0.0,0.0
2022-01-06 00:00:00-05:00,33.209999084472656,34.42499923706055,30.28499984741211,32.75749969482422,24206000,0.0,0.0
2022-01-07 00:00:00-05:00,39.942501068115234,40.07749938964844,33.125,35.154998779296875,48549200,0.0,0.0
2022-01-10 00:00:00-05:00,33.747501373291016,33.92250061035156,30.0,32.787498474121094,22048000,0.0,0.0
2022-01-11 00:00:00-05:00,32.525001525878906,34.20000076293945,31.84749984741211,32.57500076293945,10332400,0.0,0.0
2022-01-12 00:00:00-05:00,32.5,32.83000183105469,31.612499237060547,32.01499938964844,6298000,0.0,0.0
2022-01-13 00:00:00-05:00,32.125,32.625,30.422500610351562,30.6200008392334,8901200,0.0,0.0
2022-01-14 00:00:00-05:00,30.037500381469727,30.575000762939453,28.0049991607666,29.162500381469727,15402000,0.0,0.0
2022-01-18 00:00:00-05:00,28.27750015258789,28.4375,26.100000381469727,27.227500915527344,15022400,0.0,0.0
2022-01-19 00:00:00-05:00,27.502500534057617,28.262500762939453,26.102500915527344,26.642499923706055,9614400,0.0,0.0
2022-01-20 00:00:00-05:00,26.975000381469727,28.799999237060547,25.399999618530273,25.667499542236328,11680400,0.0,0.0
2022-01-21 00:00:00-05:00,25.25,27.552499771118164,23.18000030517578,26.59000015258789,22120000,0.0,0.0
2022-01-24 00:00:00-05:00,24.7549991607666,25.71500015258789,21.572500228881836,25.037500381469727,25039600,0.0,0.0
2022-01-25 00:00:00-05:00,24.229999542236328,26.24250030517578,23.752500534057617,24.947500228881836,14297200,0.0,0.0
2022-01-26 00:00:00-05:00,25.274999618530273,29.75,25.077499389648438,25.815000534057617,33330000,0.0,0.0
2022-01-27 00:00:00-05:00,26.03499984741211,26.75,23.22249984741211,23.3799991607666,14644400,0.0,0.0
2022-01-28 00:00:00-05:00,23.850000381469727,24.5,21.90250015258789,24.477500915527344,16430400,0.0,0.0
2022-01-31 00:00:00-05:00,24.467500686645508,27.454999923706055,24.46500015258789,27.232500076293945,13997200,0.0,0.0
2022-02-01 00:00:00-05:00,28.252500534057617,29.162500381469727,27.065000534057617,28.149999618530273,13847600,0.0,0.0
2022-02-02 00:00:00-05:00,27.587499618530273,27.96500015258789,24.514999389648438,25.010000228881836,13116400,0.0,0.0
2022-02-03 00:00:00-05:00,25.375,26.735000610351562,24.427499771118164,24.8075008392334,10710000,0.0,0.0
2022-02-04 00:00:00-05:00,24.752500534057617,26.0,23.770000457763672,25.584999084472656,7627200,0.0,0.0
2022-02-07 00:00:00-05:00,25.747499465942383,26.344999313354492,24.6924991607666,25.584999084472656,7037600,0.0,0.0
2022-02-08 00:00:00-05:00,25.440000534057617,29.417499542236328,25.137500762939453,28.899999618530273,19839600,0.0,0.0
2022-02-09 00:00:00-05:00,28.522499084472656,31.177499771118164,28.25,31.072500228881836,15467600,0.0,0.0
2022-02-10 00:00:00-05:00,29.487499237060547,32.94499969482422,29.0,30.61750030517578,14826000,0.0,0.0
2022-02-11 00:00:00-05:00,30.6200008392334,32.467498779296875,30.1924991607666,31.0625,11299200,0.0,0.0
2022-02-14 00:00:00-05:00,30.732500076293945,31.375,29.037500381469727,29.272499084472656,9102800,0.0,0.0
2022-02-15 00:00:00-05:00,30.239999771118164,31.8075008392334,29.815000534057617,31.540000915527344,7911600,0.0,0.0
2022-02-16 00:00:00-05:00,31.107500076293945,33.212501525878906,30.979999542236328,32.08250045776367,8007600,0.0,0.0
2022-02-17 00:00:00-05:00,31.6924991607666,32.712501525878906,30.55500030517578,30.852500915527344,6256400,0.0,0.0
2022-02-18 00:00:00-05:00,31.049999237060547,31.412500381469727,29.532499313354492,30.38249969482422,6214000,0.0,0.0
2022-02-22 00:00:00-05:00,29.549999237060547,30.832500457763672,28.547500610351562,29.514999389648438,6156400,0.0,0.0
2022-02-23 00:00:00-05:00,30.30500030517578,30.84000015258789,28.56999969482422,28.717500686645508,5393200,0.0,0.0
2022-02-24 00:00:00-05:00,26.38249969482422,31.427499771118164,26.030000686645508,31.145000457763672,9024800,0.0,0.0
2022-02-25 00:00:00-05:00,30.892499923706055,31.24250030517578,29.122499465942383,29.645000457763672,6841200,0.0,0.0
2022-02-28 00:00:00-05:00,30.25,31.572500228881836,29.22249984741211,30.834999084472656,6458000,0.0,0.0
2022-03-01 00:00:00-05:00,30.547500610351562,31.467500686645508,29.587499618530273,29.7549991607666,4384000,0.0,0.0
2022-03-02 00:00:00-05:00,29.875,30.667499542236328,29.092500686645508,30.49250030517578,5242800,0.0,0.0
2022-03-03 00:00:00-05:00,30.739999771118164,30.934999465942383,29.3075008392334,29.602500915527344,4382400,0.0,0.0
2022-03-04 00:00:00-05:00,29.502500534057617,30.127500534057617,27.645000457763672,27.915000915527344,5911200,0.0,0.0
2022-03-07 00:00:00-05:00,28.75,28.75,24.024999618530273,24.837499618530273,12591600,0.0,0.0
2022-03-08 00:00:00-05:00,25.25749969482422,27.247499465942383,24.272499084472656,25.752500534057617,8536000,0.0,0.0
2022-03-09 00:00:00-05:00,26.7450008392334,27.21500015258789,25.875,26.302499771118164,5598400,0.0,0.0
2022-03-10 00:00:00-05:00,25.979999542236328,26.014999389648438,24.5625,25.139999389648438,5582000,0.0,0.0
2022-03-11 00:00:00-05:00,25.665000915527344,25.725000381469727,23.172500610351562,23.172500610351562,8822000,0.0,0.0
2022-03-14 00:00:00-04:00,23.357500076293945,23.579999923706055,19.395000457763672,19.52750015258789,18134400,0.0,0.0
2022-03-15 00:00:00-04:00,20.524999618530273,21.889999389648438,19.670000076293945,20.65999984741211,14115200,0.0,0.0
2022-03-16 00:00:00-04:00,21.27750015258789,22.502500534057617,20.5,21.71500015258789,10615600,0.0,0.0
2022-03-17 00:00:00-04:00,21.274999618530273,22.395000457763672,20.862499237060547,21.924999237060547,13796400,0.0,0.0
2022-03-18 00:00:00-04:00,19.934999465942383,24.362499237060547,19.725000381469727,22.697500228881836,35688400,0.0,0.0
2022-03-21 00:00:00-04:00,22.5,24.850000381469727,22.440000534057617,23.549999237060547,15812400,0.0,0.0
2022-03-22 00:00:00-04:00,23.850000381469727,31.447500228881836,23.612499237060547,30.78499984741211,60068800,0.0,0.0
2022-03-23 00:00:00-04:00,32.5,37.73249816894531,31.637500762939453,35.25,98399200,0.0,0.0
2022-03-24 00:00:00-04:00,33.502498626708984,35.869998931884766,31.690000534057617,35.59749984741211,36400800,0.0,0.0
2022-03-25 00:00:00-04:00,35.0099983215332,39.540000915527344,34.54999923706055,37.98749923706055,53535600,0.0,0.0
2022-03-28 00:00:00-04:00,37.994998931884766,47.709999084472656,37.8849983215332,47.397499084472656,65266000,0.0,0.0
2022-03-29 00:00:00-04:00,47.060001373291016,49.852500915527344,40.75,44.974998474121094,72046000,0.0,0.0
2022-03-30 00:00:00-04:00,43.75,45.834999084472656,41.25,41.712501525878906,36676800,0.0,0.0
2022-03-31 00:00:00-04:00,40.775001525878906,43.9375,39.627498626708984,41.64500045776367,44968800,0.0,0.0
2022-04-01 00:00:00-04:00,47.224998474121094,47.442501068115234,38.814998626708984,41.25,52758400,0.0,0.0
2022-04-04 00:00:00-04:00,41.744998931884766,43.310001373291016,39.127498626708984,42.682498931884766,18519200,0.0,0.0
2022-04-05 00:00:00-04:00,42.0,42.10749816894531,38.0,38.397499084472656,15825200,0.0,0.0
2022-04-06 00:00:00-04:00,37.752498626708984,39.8224983215332,37.42499923706055,39.15999984741211,16268000,0.0,0.0
2022-04-07 00:00:00-04:00,38.52750015258789,39.17499923706055,35.39250183105469,37.5,15311200,0.0,0.0
2022-04-08 00:00:00-04:00,37.272499084472656,37.6775016784668,35.50749969482422,36.54750061035156,10371600,0.0,0.0
2022-04-11 00:00:00-04:00,35.7599983215332,37.05500030517578,35.15250015258789,36.73249816894531,9812000,0.0,0.0
2022-04-12 00:00:00-04:00,36.625,38.0625,35.41749954223633,36.217498779296875,7996400,0.0,0.0
2022-04-13 00:00:00-04:00,36.025001525878906,38.032501220703125,35.505001068115234,37.67499923706055,8032800,0.0,0.0
2022-04-14 00:00:00-04:00,37.317501068115234,39.125,36.80500030517578,37.692501068115234,10002400,0.0,0.0
2022-04-18 00:00:00-04:00,37.5,37.810001373291016,34.310001373291016,35.3650016784668,9871200,0.0,0.0
2022-04-19 00:00:00-04:00,35.712501525878906,38.244998931884766,34.96500015258789,38.11750030517578,9416800,0.0,0.0
2022-04-20 00:00:00-04:00,38.0,38.08250045776367,36.662498474121094,37.212501525878906,4648000,0.0,0.0
2022-04-21 00:00:00-04:00,37.5,38.279998779296875,34.977500915527344,35.38999938964844,6737600,0.0,0.0
2022-04-22 00:00:00-04:00,35.63750076293945,36.57500076293945,33.88750076293945,34.55500030517578,6278400,0.0,0.0
2022-04-25 00:00:00-04:00,33.852500915527344,34.9275016784668,33.31999969482422,33.98749923706055,6139200,0.0,0.0
2022-04-26 00:00:00-04:00,33.90999984741211,34.20000076293945,31.540000915527344,31.899999618530273,6182800,0.0,0.0
2022-04-27 00:00:00-04:00,31.8174991607666,33.16999816894531,31.145000457763672,32.459999084472656,5223600,0.0,0.0
2022-04-28 00:00:00-04:00,32.56999969482422,33.150001525878906,30.125,32.32749938964844,7070000,0.0,0.0
2022-04-29 00:00:00-04:00,31.825000762939453,32.72249984741211,30.752500534057617,31.267499923706055,5143600,0.0,0.0
2022-05-02 00:00:00-04:00,30.912500381469727,31.34749984741211,28.174999237060547,29.892499923706055,10172000,0.0,0.0
2022-05-03 00:00:00-04:00,29.6200008392334,31.107500076293945,28.604999542236328,30.107500076293945,7312800,0.0,0.0
2022-05-04 00:00:00-04:00,29.802499771118164,31.9375,28.93000030517578,31.770000457763672,6651200,0.0,0.0
2022-05-05 00:00:00-04:00,30.985000610351562,31.170000076293945,28.780000686645508,29.782499313354492,7015600,0.0,0.0
2022-05-06 00:00:00-04:00,29.31999969482422,30.139999389648438,27.5575008392334,28.674999237060547,7161600,0.0,0.0
2022-05-09 00:00:00-04:00,27.69499969482422,27.69499969482422,24.520000457763672,24.697500228881836,13264800,0.0,0.0
2022-05-10 00:00:00-04:00,25.7450008392334,26.514999389648438,22.0,23.375,16603200,0.0,0.0
2022-05-11 00:00:00-04:00,23.36750030517578,23.8174991607666,20.0,20.332500457763672,16681200,0.0,0.0
2022-05-12 00:00:00-04:00,20.760000228881836,27.014999389648438,19.4424991607666,22.392499923706055,40139600,0.0,0.0
2022-05-13 00:00:00-04:00,24.75,26.69499969482422,23.760000228881836,24.59749984741211,23930800,0.0,0.0
2022-05-16 00:00:00-04:00,24.700000762939453,24.795000076293945,22.69499969482422,22.950000762939453,11582000,0.0,0.0
2022-05-17 00:00:00-04:00,23.475000381469727,25.094999313354492,22.799999237060547,25.094999313354492,10444800,0.0,0.0
2022-05-18 00:00:00-04:00,24.094999313354492,24.959999084472656,22.542499542236328,22.8700008392334,11560000,0.0,0.0
2022-05-19 00:00:00-04:00,22.80500030517578,25.4950008392334,22.540000915527344,24.797500610351562,12720400,0.0,0.0
2022-05-20 00:00:00-04:00,24.952499389648438,25.602500915527344,22.4375,23.915000915527344,9972000,0.0,0.0
2022-05-23 00:00:00-04:00,24.142499923706055,24.31999969482422,22.875,24.032499313354492,6994000,0.0,0.0
2022-05-24 00:00:00-04:00,23.512500762939453,23.549999237060547,21.674999237060547,22.287500381469727,8879600,0.0,0.0
2022-05-25 00:00:00-04:00,22.53499984741211,28.86750030517578,22.53499984741211,28.792499542236328,40060000,0.0,0.0
2022-05-26 00:00:00-04:00,29.0,37.1150016784668,28.674999237060547,32.1150016784668,57892400,0.0,0.0
2022-05-27 00:00:00-04:00,35.25,35.92499923706055,31.75,34.3025016784668,30045200,0.0,0.0
2022-05-31 00:00:00-04:00,34.3025016784668,34.98249816894531,30.1299991607666,31.184999465942383,19084400,0.0,0.0
2022-06-01 00:00:00-04:00,30.704999923706055,32.397499084472656,29.252500534057617,30.350000381469727,14991600,0.0,0.0
2022-06-02 00:00:00-04:00,29.75,34.125,28.889999389648438,33.5,27918800,0.0,0.0
2022-06-03 00:00:00-04:00,32.5,34.525001525878906,31.0575008392334,33.42499923706055,18234400,0.0,0.0
2022-06-06 00:00:00-04:00,33.82500076293945,34.025001525878906,31.762500762939453,32.025001525878906,9532800,0.0,0.0
2022-06-07 00:00:00-04:00,32.5,37.47249984741211,31.582500457763672,36.625,24967600,0.0,0.0
2022-06-08 00:00:00-04:00,35.34749984741211,38.25,33.95750045776367,34.682498931884766,24473600,0.0,0.0
2022-06-09 00:00:00-04:00,34.6974983215332,34.974998474121094,31.834999084472656,32.244998931884766,13114400,0.0,0.0
2022-06-10 00:00:00-04:00,31.5,32.98249816894531,30.78499984741211,32.272499084472656,11820000,0.0,0.0
2022-06-13 00:00:00-04:00,30.127500534057617,31.142499923706055,28.575000762939453,29.5625,13792800,0.0,0.0
2022-06-14 00:00:00-04:00,29.392499923706055,32.0,29.024999618530273,31.542499542236328,12739200,0.0,0.0
2022-06-15 00:00:00-04:00,31.237499237060547,32.9900016784668,30.90999984741211,32.3224983215332,10764400,0.0,0.0
2022-06-16 00:00:00-04:00,31.235000610351562,32.3224983215332,30.145000457763672,31.4325008392334,9995200,0.0,0.0
2022-06-17 00:00:00-04:00,31.71500015258789,33.96500015258789,31.579999923706055,33.78499984741211,12340800,0.0,0.0
2022-06-21 00:00:00-04:00,34.55500030517578,36.349998474121094,33.880001068115234,35.06999969482422,12512400,0.0,0.0
2022-06-22 00:00:00-04:00,34.66749954223633,36.182498931884766,34.10749816894531,34.6150016784668,7838000,0.0,0.0
2022-06-23 00:00:00-04:00,35.40999984741211,35.997501373291016,34.182498931884766,35.505001068115234,6682800,0.0,0.0
2022-06-24 00:00:00-04:00,35.75,37.092498779296875,32.88249969482422,33.8025016784668,16995600,0.0,0.0
2022-06-27 00:00:00-04:00,34.11750030517578,34.26250076293945,31.825000762939453,32.42250061035156,9745600,0.0,0.0
2022-06-28 00:00:00-04:00,32.752498626708984,32.83250045776367,30.56999969482422,31.094999313354492,6610000,0.0,0.0
2022-06-29 00:00:00-04:00,30.387500762939453,31.622499465942383,29.897499084472656,30.71500015258789,6826400,0.0,0.0
2022-06-30 00:00:00-04:00,29.842500686645508,31.647499084472656,29.440000534057617,30.575000762939453,6718800,0.0,0.0
2022-07-01 00:00:00-04:00,30.282499313354492,31.292499542236328,29.822500228881836,30.854999542236328,6617200,0.0,0.0
2022-07-05 00:00:00-04:00,30.375,30.6200008392334,29.752500534057617,30.0575008392334,6036000,0.0,0.0
2022-07-06 00:00:00-04:00,30.172500610351562,30.56999969482422,28.342500686645508,29.357500076293945,9988800,0.0,0.0
2022-07-07 00:00:00-04:00,31.122499465942383,33.875,30.452499389648438,33.779998779296875,30313600,0.0,0.0
2022-07-08 00:00:00-04:00,31.665000915527344,33.16749954223633,30.627500534057617,32.1349983215332,13199600,0.0,0.0
2022-07-11 00:00:00-04:00,32.13999938964844,32.935001373291016,31.162500381469727,32.522499084472656,7532800,0.0,0.0
2022-07-12 00:00:00-04:00,32.70000076293945,35.647499084472656,31.815000534057617,34.279998779296875,16899600,0.0,0.0
2022-07-13 00:00:00-04:00,33.75,36.337501525878906,33.75,35.31999969482422,13703600,0.0,0.0
2022-07-14 00:00:00-04:00,34.79750061035156,37.98749923706055,34.04999923706055,34.04999923706055,20970400,0.0,0.0
2022-07-15 00:00:00-04:00,34.86000061035156,35.592498779296875,33.50749969482422,35.40999984741211,9832400,0.0,0.0
2022-07-18 00:00:00-04:00,36.25,37.400001525878906,35.775001525878906,36.65999984741211,11155200,0.0,0.0
2022-07-19 00:00:00-04:00,37.435001373291016,39.209999084472656,36.587501525878906,37.92499923706055,12828000,0.0,0.0
2022-07-20 00:00:00-04:00,38.5,40.407501220703125,38.349998474121094,39.6875,11400400,0.0,0.0
2022-07-21 00:00:00-04:00,39.93000030517578,40.0,37.290000915527344,38.36750030517578,9277600,0.0,0.0
2022-07-22 00:00:00-04:00,36.880001068115234,38.70000076293945,34.93000030517578,35.779998779296875,10060200,0.0,4.0
2022-07-25 00:00:00-04:00,35.0,35.5099983215332,33.25,33.97999954223633,5686300,0.0,0.0
2022-07-26 00:00:00-04:00,32.869998931884766,33.310001373291016,32.099998474121094,32.43000030517578,4866100,0.0,0.0
2022-07-27 00:00:00-04:00,32.959999084472656,34.119998931884766,32.15999984741211,33.779998779296875,4251200,0.0,0.0
2022-07-28 00:00:00-04:00,33.38999938964844,34.43000030517578,32.65999984741211,33.84000015258789,3207400,0.0,0.0
2022-07-29 00:00:00-04:00,33.68000030517578,34.790000915527344,33.060001373291016,34.0099983215332,3988800,0.0,0.0
2022-08-01 00:00:00-04:00,33.79999923706055,35.709999084472656,33.77000045776367,34.779998779296875,4196600,0.0,0.0
2022-08-02 00:00:00-04:00,35.900001525878906,36.79999923706055,35.119998931884766,35.84000015258789,4697100,0.0,0.0
2022-08-03 00:00:00-04:00,36.220001220703125,38.0099983215332,36.0,37.93000030517578,5186500,0.0,0.0
2022-08-04 00:00:00-04:00,38.34000015258789,39.88999938964844,37.88999938964844,38.36000061035156,5421500,0.0,0.0
2022-08-05 00:00:00-04:00,37.369998931884766,40.43000030517578,36.560001373291016,40.02000045776367,8124200,0.0,0.0
2022-08-08 00:00:00-04:00,41.290000915527344,47.9900016784668,40.75,43.45000076293945,17987100,0.0,0.0
2022-08-09 00:00:00-04:00,42.13999938964844,43.189998626708984,39.0,40.369998931884766,6954200,0.0,0.0
2022-08-10 00:00:00-04:00,42.0,42.0,38.630001068115234,40.529998779296875,5434700,0.0,0.0
2022-08-11 00:00:00-04:00,40.90999984741211,41.970001220703125,39.349998474121094,39.45000076293945,5140500,0.0,0.0
2022-08-12 00:00:00-04:00,40.0,41.43000030517578,39.150001525878906,40.7400016784668,5120000,0.0,0.0
2022-08-15 00:00:00-04:00,39.75,40.38999938964844,38.810001373291016,39.68000030517578,5243100,0.0,0.0
2022-08-16 00:00:00-04:00,39.16999816894531,45.529998779296875,38.599998474121094,42.189998626708984,23602800,0.0,0.0
2022-08-17 00:00:00-04:00,42.18000030517578,44.36000061035156,40.40999984741211,40.52000045776367,9766400,0.0,0.0
2022-08-18 00:00:00-04:00,39.27000045776367,40.06999969482422,37.34000015258789,37.93000030517578,8145400,0.0,0.0
2022-08-19 00:00:00-04:00,35.18000030517578,37.189998626708984,34.66999816894531,36.4900016784668,9551900,0.0,0.0
2022-08-22 00:00:00-04:00,34.310001373291016,36.20000076293945,34.20000076293945,34.5,5798600,0.0,0.0
2022-08-23 00:00:00-04:00,34.70000076293945,34.9900016784668,33.45000076293945,33.529998779296875,4836300,0.0,0.0
2022-08-24 00:00:00-04:00,34.0,34.939998626708984,32.439998626708984,32.5,5620300,0.0,0.0
2022-08-25 00:00:00-04:00,32.84000015258789,32.88999938964844,31.5,31.959999084472656,4726300,0.0,0.0
2022-08-26 00:00:00-04:00,31.5,32.380001068115234,30.6299991607666,30.940000534057617,4297300,0.0,0.0
2022-08-29 00:00:00-04:00,30.479999542236328,32.75,30.3799991607666,31.549999237060547,4292700,0.0,0.0
2022-08-30 00:00:00-04:00,31.6200008392334,31.8700008392334,29.420000076293945,29.84000015258789,5060200,0.0,0.0
2022-08-31 00:00:00-04:00,29.25,29.959999084472656,28.260000228881836,28.639999389648438,5157000,0.0,0.0
2022-09-01 00:00:00-04:00,28.0,28.90999984741211,26.950000762939453,27.6299991607666,5293900,0.0,0.0
2022-09-02 00:00:00-04:00,28.260000228881836,28.739999771118164,26.93000030517578,27.360000610351562,4680100,0.0,0.0
2022-09-06 00:00:00-04:00,25.75,26.719999313354492,24.670000076293945,25.139999389648438,7010200,0.0,0.0
2022-09-07 00:00:00-04:00,24.729999542236328,25.190000534057617,23.420000076293945,24.040000915527344,12504700,0.0,0.0
2022-09-08 00:00:00-04:00,25.0,26.739999771118164,24.06999969482422,25.829999923706055,14142200,0.0,0.0
2022-09-09 00:00:00-04:00,26.299999237060547,29.079999923706055,26.100000381469727,28.920000076293945,7899800,0.0,0.0
2022-09-12 00:00:00-04:00,29.030000686645508,30.34000015258789,28.0,29.239999771118164,6175200,0.0,0.0
2022-09-13 00:00:00-04:00,27.399999618530273,28.610000610351562,27.31999969482422,27.850000381469727,3657200,0.0,0.0
2022-09-14 00:00:00-04:00,27.559999465942383,28.450000762939453,26.649999618530273,28.1299991607666,3605800,0.0,0.0
2022-09-15 00:00:00-04:00,27.860000610351562,29.06999969482422,27.860000610351562,28.610000610351562,3329500,0.0,0.0
2022-09-16 00:00:00-04:00,28.329999923706055,28.799999237060547,27.780000686645508,28.639999389648438,4656000,0.0,0.0
2022-09-19 00:00:00-04:00,28.34000015258789,29.649999618530273,28.149999618530273,28.959999084472656,3404000,0.0,0.0
2022-09-20 00:00:00-04:00,29.280000686645508,29.329999923706055,27.18000030517578,27.540000915527344,3145900,0.0,0.0
2022-09-21 00:00:00-04:00,27.450000762939453,28.989999771118164,26.770000457763672,26.860000610351562,3859200,0.0,0.0
2022-09-22 00:00:00-04:00,27.170000076293945,27.270000457763672,24.3799991607666,24.700000762939453,4346500,0.0,0.0
2022-09-23 00:00:00-04:00,24.149999618530273,25.149999618530273,24.059999465942383,25.040000915527344,3622400,0.0,0.0
2022-09-26 00:00:00-04:00,24.65999984741211,25.8700008392334,24.1200008392334,24.479999542236328,3440300,0.0,0.0
2022-09-27 00:00:00-04:00,25.469999313354492,26.389999389648438,25.1299991607666,26.1299991607666,4487200,0.0,0.0
2022-09-28 00:00:00-04:00,25.889999389648438,27.5,25.6200008392334,27.309999465942383,2630100,0.0,0.0
2022-09-29 00:00:00-04:00,27.079999923706055,27.690000534057617,24.690000534057617,25.459999084472656,4118200,0.0,0.0
2022-09-30 00:00:00-04:00,25.030000686645508,25.81999969482422,24.440000534057617,25.1299991607666,3148300,0.0,0.0
2022-10-03 00:00:00-04:00,25.139999389648438,25.6299991607666,24.209999084472656,25.3799991607666,2653900,0.0,0.0
2022-10-04 00:00:00-04:00,25.950000762939453,27.829999923706055,25.950000762939453,27.600000381469727,4581900,0.0,0.0
2022-10-05 00:00:00-04:00,26.770000457763672,26.979999542236328,25.43000030517578,26.389999389648438,2986400,0.0,0.0
2022-10-06 00:00:00-04:00,26.290000915527344,27.0,25.799999237060547,25.989999771118164,2418700,0.0,0.0
2022-10-07 00:00:00-04:00,25.84000015258789,25.84000015258789,24.420000076293945,25.350000381469727,3270600,0.0,0.0
2022-10-10 00:00:00-04:00,25.3700008392334,26.5,24.75,25.0,2917600,0.0,0.0
2022-10-11 00:00:00-04:00,24.8700008392334,26.299999237060547,23.950000762939453,25.270000457763672,4195900,0.0,0.0
2022-10-12 00:00:00-04:00,25.959999084472656,26.889999389648438,25.270000457763672,25.360000610351562,3284400,0.0,0.0
2022-10-13 00:00:00-04:00,24.420000076293945,26.59000015258789,23.90999984741211,25.559999465942383,3516200,0.0,0.0
2022-10-14 00:00:00-04:00,25.770000457763672,26.3700008392334,24.6299991607666,24.6299991607666,2773500,0.0,0.0
2022-10-17 00:00:00-04:00,25.3700008392334,26.40999984741211,25.239999771118164,25.959999084472656,3172200,0.0,0.0
2022-10-18 00:00:00-04:00,27.100000381469727,27.739999771118164,26.1299991607666,26.670000076293945,4402600,0.0,0.0
2022-10-19 00:00:00-04:00,26.0,26.18000030517578,24.270000457763672,24.540000915527344,5318400,0.0,0.0
2022-10-20 00:00:00-04:00,24.649999618530273,25.450000762939453,24.06999969482422,24.40999984741211,5148600,0.0,0.0
2022-10-21 00:00:00-04:00,24.149999618530273,25.329999923706055,24.100000381469727,25.299999237060547,3036300,0.0,0.0
2022-10-24 00:00:00-04:00,25.0,25.190000534057617,24.110000610351562,24.709999084472656,3114300,0.0,0.0
2022-10-25 00:00:00-04:00,24.81999969482422,27.790000915527344,24.799999237060547,26.8700008392334,7791600,0.0,0.0
2022-10-26 00:00:00-04:00,26.3700008392334,27.479999542236328,25.31999969482422,25.420000076293945,3858200,0.0,0.0
2022-10-27 00:00:00-04:00,25.75,26.329999923706055,25.200000762939453,25.93000030517578,2422900,0.0,0.0
2022-10-28 00:00:00-04:00,26.8799991607666,28.790000915527344,26.420000076293945,28.170000076293945,8089600,0.0,0.0
2022-10-31 00:00:00-04:00,31.219999313354492,34.9900016784668,27.90999984741211,28.309999465942383,24027600,0.0,0.0
2022-11-01 00:00:00-04:00,29.399999618530273,29.690000534057617,27.6200008392334,28.389999389648438,5147500,0.0,0.0
2022-11-02 00:00:00-04:00,27.899999618530273,28.75,26.5,26.6200008392334,4143900,0.0,0.0
2022-11-03 00:00:00-04:00,26.0,27.290000915527344,26.0,26.290000915527344,3384400,0.0,0.0
2022-11-04 00:00:00-04:00,26.600000381469727,27.030000686645508,25.34000015258789,26.510000228881836,4138000,0.0,0.0
2022-11-07 00:00:00-05:00,26.25,26.299999237060547,24.799999237060547,25.760000228881836,3303600,0.0,0.0
2022-11-08 00:00:00-05:00,25.329999923706055,25.850000381469727,24.110000610351562,25.139999389648438,4695100,0.0,0.0
2022-11-09 00:00:00-05:00,24.549999237060547,24.670000076293945,21.889999389648438,23.110000610351562,8464800,0.0,0.0
2022-11-10 00:00:00-05:00,24.6200008392334,25.700000762939453,23.90999984741211,24.8799991607666,6107000,0.0,0.0
2022-11-11 00:00:00-05:00,24.780000686645508,26.1200008392334,24.149999618530273,26.100000381469727,3986200,0.0,0.0
2022-11-14 00:00:00-05:00,26.299999237060547,27.3799991607666,25.610000610351562,26.049999237060547,4352200,0.0,0.0
2022-11-15 00:00:00-05:00,26.59000015258789,28.239999771118164,26.270000457763672,27.59000015258789,5392000,0.0,0.0
2022-11-16 00:00:00-05:00,26.6200008392334,27.350000381469727,26.3700008392334,27.139999389648438,2452300,0.0,0.0
2022-11-17 00:00:00-05:00,26.299999237060547,27.760000228881836,26.149999618530273,27.760000228881836,2477700,0.0,0.0
2022-11-18 00:00:00-05:00,28.15999984741211,28.700000762939453,26.829999923706055,27.600000381469727,3087400,0.0,0.0
2022-11-21 00:00:00-05:00,26.65999984741211,27.829999923706055,24.860000610351562,25.15999984741211,4443300,0.0,0.0
2022-11-22 00:00:00-05:00,25.1299991607666,26.450000762939453,24.700000762939453,26.299999237060547,4240400,0.0,0.0
2022-11-23 00:00:00-05:00,25.920000076293945,27.139999389648438,25.920000076293945,26.700000762939453,2737500,0.0,0.0
2022-11-25 00:00:00-05:00,26.5,27.049999237060547,26.139999389648438,26.170000076293945,1122700,0.0,0.0
2022-11-28 00:00:00-05:00,25.790000915527344,26.440000534057617,25.209999084472656,25.290000915527344,2440900,0.0,0.0
2022-11-29 00:00:00-05:00,25.579999923706055,26.350000381469727,25.31999969482422,25.600000381469727,2029500,0.0,0.0
2022-11-30 00:00:00-05:00,25.899999618530273,26.229999542236328,24.90999984741211,26.209999084472656,3731100,0.0,0.0
2022-12-01 00:00:00-05:00,26.0,27.5,25.18000030517578,26.600000381469727,7615200,0.0,0.0
2022-12-02 00:00:00-05:00,26.25,27.8700008392334,26.110000610351562,27.520000457763672,4577200,0.0,0.0
2022-12-05 00:00:00-05:00,27.309999465942383,27.479999542236328,25.440000534057617,25.559999465942383,4973700,0.0,0.0
2022-12-06 00:00:00-05:00,25.40999984741211,25.579999923706055,23.110000610351562,23.389999389648438,7699300,0.0,0.0
2022-12-07 00:00:00-05:00,23.399999618530273,23.610000610351562,21.969999313354492,22.260000228881836,10078200,0.0,0.0
2022-12-08 00:00:00-05:00,22.0,25.0,21.969999313354492,24.790000915527344,10252000,0.0,0.0
2022-12-09 00:00:00-05:00,24.59000015258789,24.59000015258789,22.59000015258789,22.6299991607666,5326700,0.0,0.0
2022-12-12 00:00:00-05:00,22.65999984741211,23.149999618530273,22.18000030517578,22.670000076293945,3750800,0.0,0.0
2022-12-13 00:00:00-05:00,23.549999237060547,23.700000762939453,20.829999923706055,21.0,6305600,0.0,0.0
2022-12-14 00:00:00-05:00,21.190000534057617,22.0,21.010000228881836,21.049999237060547,4604800,0.0,0.0
2022-12-15 00:00:00-05:00,20.739999771118164,21.440000534057617,20.239999771118164,20.579999923706055,6444500,0.0,0.0
2022-12-16 00:00:00-05:00,20.479999542236328,21.1200008392334,20.010000228881836,20.799999237060547,9379700,0.0,0.0
2022-12-19 00:00:00-05:00,20.549999237060547,20.889999389648438,19.59000015258789,19.920000076293945,3700600,0.0,0.0
2022-12-20 00:00:00-05:00,19.860000610351562,21.31999969482422,19.6200008392334,20.260000228881836,4479000,0.0,0.0
2022-12-21 00:00:00-05:00,20.399999618530273,20.899999618530273,20.18000030517578,20.559999465942383,2793600,0.0,0.0
2022-12-22 00:00:00-05:00,20.5,20.5,18.5,19.809999465942383,5343100,0.0,0.0
2022-12-23 00:00:00-05:00,20.0,20.6299991607666,19.649999618530273,20.079999923706055,3174800,0.0,0.0
2022-12-27 00:00:00-05:00,19.90999984741211,19.989999771118164,18.0,18.200000762939453,4233000,0.0,0.0
2022-12-28 00:00:00-05:00,18.290000915527344,18.700000762939453,16.979999542236328,17.920000076293945,5672000,0.0,0.0
2022-12-29 00:00:00-05:00,18.1200008392334,18.56999969482422,17.75,18.329999923706055,3442800,0.0,0.0
2022-12-30 00:00:00-05:00,17.950000762939453,18.579999923706055,17.899999618530273,18.459999084472656,2669500,0.0,0.0
2023-01-03 00:00:00-05:00,18.639999389648438,19.260000228881836,17.09000015258789,17.200000762939453,5135200,0.0,0.0
2023-01-04 00:00:00-05:00,17.25,17.93000030517578,16.899999618530273,17.31999969482422,3939300,0.0,0.0
2023-01-05 00:00:00-05:00,17.059999465942383,17.260000228881836,15.890000343322754,16.219999313354492,6066200,0.0,0.0
2023-01-06 00:00:00-05:00,16.0,16.56999969482422,15.40999984741211,16.459999084472656,4823400,0.0,0.0
2023-01-09 00:00:00-05:00,16.649999618530273,17.1299991607666,16.360000610351562,16.3799991607666,3522600,0.0,0.0
2023-01-10 00:00:00-05:00,16.299999237060547,18.09000015258789,16.25,17.770000457763672,4402800,0.0,0.0
2023-01-11 00:00:00-05:00,18.190000534057617,20.049999237060547,17.860000610351562,19.040000915527344,8405800,0.0,0.0
2023-01-12 00:00:00-05:00,19.040000915527344,20.6299991607666,18.34000015258789,20.6299991607666,5877300,0.0,0.0
2023-01-13 00:00:00-05:00,19.8799991607666,21.110000610351562,19.799999237060547,20.489999771118164,5494400,0.0,0.0
2023-01-17 00:00:00-05:00,20.489999771118164,21.940000534057617,20.3700008392334,21.799999237060547,5407900,0.0,0.0
2023-01-18 00:00:00-05:00,22.010000228881836,22.149999618530273,20.5,20.790000915527344,5632200,0.0,0.0
2023-01-19 00:00:00-05:00,20.440000534057617,20.450000762939453,18.81999969482422,19.040000915527344,4519200,0.0,0.0
2023-01-20 00:00:00-05:00,19.049999237060547,20.06999969482422,18.899999618530273,19.610000610351562,3564300,0.0,0.0
2023-01-23 00:00:00-05:00,19.5,22.489999771118164,19.3700008392334,21.65999984741211,7181500,0.0,0.0
2023-01-24 00:00:00-05:00,21.299999237060547,22.09000015258789,21.0,21.399999618530273,2381600,0.0,0.0
2023-01-25 00:00:00-05:00,20.59000015258789,20.84000015258789,19.530000686645508,20.229999542236328,3515800,0.0,0.0
2023-01-26 00:00:00-05:00,20.610000610351562,21.170000076293945,19.3799991607666,20.010000228881836,3520000,0.0,0.0
2023-01-27 00:00:00-05:00,19.799999237060547,23.309999465942383,19.40999984741211,22.81999969482422,11897200,0.0,0.0
2023-01-30 00:00:00-05:00,22.5,23.479999542236328,21.1299991607666,21.25,4950600,0.0,0.0
2023-01-31 00:00:00-05:00,21.40999984741211,22.049999237060547,21.299999237060547,21.8700008392334,3128400,0.0,0.0
2023-02-01 00:00:00-05:00,21.489999771118164,22.1200008392334,20.549999237060547,21.829999923706055,4517200,0.0,0.0
2023-02-02 00:00:00-05:00,22.440000534057617,24.399999618530273,22.219999313354492,22.700000762939453,7655700,0.0,0.0
2023-02-03 00:00:00-05:00,22.010000228881836,23.93000030517578,21.799999237060547,22.25,4935900,0.0,0.0
2023-02-06 00:00:00-05:00,21.8799991607666,24.8799991607666,21.770000457763672,23.860000610351562,8708400,0.0,0.0
2023-02-07 00:00:00-05:00,23.0,23.049999237060547,20.5,21.219999313354492,9093700,0.0,0.0
2023-02-08 00:00:00-05:00,21.43000030517578,21.549999237060547,20.610000610351562,21.100000381469727,2846400,0.0,0.0
2023-02-09 00:00:00-05:00,21.25,21.649999618530273,19.670000076293945,19.670000076293945,4497400,0.0,0.0
2023-02-10 00:00:00-05:00,19.559999465942383,20.040000915527344,19.049999237060547,19.270000457763672,2902700,0.0,0.0
2023-02-13 00:00:00-05:00,19.299999237060547,19.940000534057617,19.010000228881836,19.690000534057617,2299300,0.0,0.0
2023-02-14 00:00:00-05:00,19.309999465942383,20.010000228881836,19.100000381469727,19.8700008392334,2746300,0.0,0.0
2023-02-15 00:00:00-05:00,19.799999237060547,21.799999237060547,19.59000015258789,21.799999237060547,7137800,0.0,0.0
2023-02-16 00:00:00-05:00,21.25,22.420000076293945,20.850000381469727,21.600000381469727,3879000,0.0,0.0
2023-02-17 00:00:00-05:00,21.270000457763672,22.06999969482422,21.149999618530273,21.989999771118164,2851000,0.0,0.0
2023-02-21 00:00:00-05:00,21.329999923706055,21.829999923706055,20.6299991607666,20.65999984741211,3100300,0.0,0.0
2023-02-22 00:00:00-05:00,20.530000686645508,21.190000534057617,20.329999923706055,20.520000457763672,2164900,0.0,0.0
2023-02-23 00:00:00-05:00,20.65999984741211,20.8700008392334,19.530000686645508,20.139999389648438,2862000,0.0,0.0
2023-02-24 00:00:00-05:00,19.709999084472656,20.079999923706055,19.540000915527344,19.540000915527344,2277600,0.0,0.0
2023-02-27 00:00:00-05:00,19.610000610351562,19.700000762939453,18.889999389648438,19.100000381469727,4006700,0.0,0.0
2023-02-28 00:00:00-05:00,19.059999465942383,19.520000457763672,18.950000762939453,19.229999542236328,3373800,0.0,0.0
2023-03-01 00:00:00-05:00,18.920000076293945,19.09000015258789,18.139999389648438,18.149999618530273,4210100,0.0,0.0
2023-03-02 00:00:00-05:00,18.149999618530273,18.399999618530273,17.6200008392334,18.190000534057617,2622100,0.0,0.0
2023-03-03 00:00:00-05:00,18.190000534057617,19.100000381469727,18.100000381469727,18.700000762939453,2505500,0.0,0.0
2023-03-06 00:00:00-05:00,18.520000457763672,19.5,18.520000457763672,18.649999618530273,2815300,0.0,0.0
2023-03-07 00:00:00-05:00,18.540000915527344,18.84000015258789,18.059999465942383,18.059999465942383,2375300,0.0,0.0
2023-03-08 00:00:00-05:00,18.049999237060547,18.3799991607666,17.6299991607666,18.170000076293945,3277800,0.0,0.0
2023-03-09 00:00:00-05:00,18.06999969482422,18.3799991607666,17.479999542236328,17.520000457763672,2652600,0.0,0.0
2023-03-10 00:00:00-05:00,17.530000686645508,17.770000457763672,16.850000381469727,17.25,2845500,0.0,0.0
2023-03-13 00:00:00-04:00,16.770000457763672,17.350000381469727,16.520000457763672,16.75,2959100,0.0,0.0
2023-03-14 00:00:00-04:00,17.3700008392334,17.40999984741211,16.399999618530273,16.90999984741211,3077400,0.0,0.0
2023-03-15 00:00:00-04:00,16.5,16.690000534057617,15.699999809265137,15.949999809265137,4541500,0.0,0.0
2023-03-16 00:00:00-04:00,16.0,16.770000457763672,15.529999732971191,16.760000228881836,4083000,0.0,0.0
2023-03-17 00:00:00-04:00,16.6200008392334,16.719999313354492,15.920000076293945,16.600000381469727,5105500,0.0,0.0
2023-03-20 00:00:00-04:00,16.649999618530273,17.270000457763672,16.25,16.8700008392334,4463700,0.0,0.0
2023-03-21 00:00:00-04:00,17.149999618530273,18.350000381469727,17.139999389648438,17.649999618530273,15882900,0.0,0.0
2023-03-22 00:00:00-04:00,26.600000381469727,27.0,23.049999237060547,23.8700008392334,66764700,0.0,0.0
2023-03-23 00:00:00-04:00,22.56999969482422,24.59000015258789,22.1299991607666,22.579999923706055,11168900,0.0,0.0
2023-03-24 00:00:00-04:00,22.31999969482422,23.989999771118164,22.100000381469727,23.979999542236328,8756400,0.0,0.0
2023-03-27 00:00:00-04:00,23.989999771118164,24.010000228881836,22.690000534057617,23.0,4580800,0.0,0.0
2023-03-28 00:00:00-04:00,22.969999313354492,23.540000915527344,22.219999313354492,23.149999618530273,5711700,0.0,0.0
2023-03-29 00:00:00-04:00,23.079999923706055,23.700000762939453,22.219999313354492,22.459999084472656,4161400,0.0,0.0
2023-03-30 00:00:00-04:00,22.600000381469727,22.829999923706055,22.110000610351562,22.5,3477600,0.0,0.0
2023-03-31 00:00:00-04:00,22.350000381469727,23.06999969482422,22.149999618530273,23.020000457763672,3880300,0.0,0.0
2023-04-03 00:00:00-04:00,22.940000534057617,23.850000381469727,22.65999984741211,23.170000076293945,4274500,0.0,0.0
2023-04-04 00:00:00-04:00,22.75,23.139999389648438,22.09000015258789,22.350000381469727,3421500,0.0,0.0
2023-04-05 00:00:00-04:00,22.469999313354492,22.469999313354492,21.229999542236328,22.06999969482422,3638100,0.0,0.0
2023-04-06 00:00:00-04:00,22.0,22.670000076293945,21.770000457763672,22.399999618530273,2506900,0.0,0.0
2023-04-10 00:00:00-04:00,21.850000381469727,22.43000030517578,21.81999969482422,22.3700008392334,2176100,0.0,0.0
2023-04-11 00:00:00-04:00,22.56999969482422,23.170000076293945,22.420000076293945,22.690000534057617,2540000,0.0,0.0
2023-04-12 00:00:00-04:00,22.899999618530273,23.280000686645508,22.260000228881836,22.260000228881836,2141100,0.0,0.0
2023-04-13 00:00:00-04:00,22.5,22.850000381469727,22.329999923706055,22.549999237060547,1803900,0.0,0.0
2023-04-14 00:00:00-04:00,22.739999771118164,23.25,22.31999969482422,22.459999084472656,2312400,0.0,0.0
2023-04-17 00:00:00-04:00,22.270000457763672,22.68000030517578,22.139999389648438,22.280000686645508,2066600,0.0,0.0
2023-04-18 00:00:00-04:00,22.139999389648438,22.31999969482422,21.5,21.610000610351562,2748700,0.0,0.0
2023-04-19 00:00:00-04:00,21.280000686645508,21.8700008392334,20.959999084472656,21.309999465942383,2539500,0.0,0.0
2023-04-20 00:00:00-04:00,20.8799991607666,21.56999969482422,20.059999465942383,20.219999313354492,2977400,0.0,0.0
2023-04-21 00:00:00-04:00,20.200000762939453,20.6200008392334,20.100000381469727,20.489999771118164,2085900,0.0,0.0
2023-04-24 00:00:00-04:00,20.149999618530273,20.40999984741211,19.809999465942383,19.93000030517578,2742400,0.0,0.0
2023-04-25 00:00:00-04:00,19.739999771118164,20.040000915527344,18.90999984741211,19.0,2560800,0.0,0.0
2023-04-26 00:00:00-04:00,18.979999542236328,19.229999542236328,18.649999618530273,18.649999618530273,2287600,0.0,0.0
2023-04-27 00:00:00-04:00,18.75,19.34000015258789,18.719999313354492,18.940000534057617,2238900,0.0,0.0
2023-04-28 00:00:00-04:00,18.920000076293945,19.719999313354492,18.8799991607666,19.290000915527344,2836600,0.0,0.0
2023-05-01 00:00:00-04:00,19.15999984741211,19.25,18.459999084472656,18.549999237060547,2356600,0.0,0.0
2023-05-02 00:00:00-04:00,18.450000762939453,18.579999923706055,18.059999465942383,18.579999923706055,1918300,0.0,0.0
2023-05-03 00:00:00-04:00,18.559999465942383,19.200000762939453,18.530000686645508,18.899999618530273,3184000,0.0,0.0
2023-05-04 00:00:00-04:00,19.25,19.479999542236328,18.920000076293945,19.350000381469727,2041800,0.0,0.0
2023-05-05 00:00:00-04:00,19.6200008392334,20.8799991607666,19.510000228881836,20.420000076293945,4357200,0.0,0.0
2023-05-08 00:00:00-04:00,20.459999084472656,20.989999771118164,20.09000015258789,20.510000228881836,2402800,0.0,0.0
2023-05-09 00:00:00-04:00,20.15999984741211,20.649999618530273,20.1200008392334,20.239999771118164,1522700,0.0,0.0
2023-05-10 00:00:00-04:00,20.450000762939453,20.959999084472656,20.3799991607666,20.760000228881836,2139900,0.0,0.0
2023-05-11 00:00:00-04:00,20.690000534057617,21.15999984741211,20.510000228881836,20.8799991607666,1652500,0.0,0.0
2023-05-12 00:00:00-04:00,20.829999923706055,20.979999542236328,20.229999542236328,20.690000534057617,2006100,0.0,0.0
2023-05-15 00:00:00-04:00,20.6200008392334,21.6299991607666,20.489999771118164,21.6200008392334,2602000,0.0,0.0
2023-05-16 00:00:00-04:00,21.5,22.100000381469727,21.420000076293945,21.989999771118164,2498000,0.0,0.0
2023-05-17 00:00:00-04:00,21.989999771118164,23.25,21.899999618530273,22.8700008392334,4573000,0.0,0.0
2023-05-18 00:00:00-04:00,22.899999618530273,23.299999237060547,22.68000030517578,23.049999237060547,2144400,0.0,0.0
2023-05-19 00:00:00-04:00,22.940000534057617,22.989999771118164,21.75,22.059999465942383,2668200,0.0,0.0
2023-05-22 00:00:00-04:00,22.100000381469727,24.360000610351562,21.989999771118164,24.209999084472656,6251600,0.0,0.0
2023-05-23 00:00:00-04:00,23.889999389648438,23.899999618530273,22.799999237060547,23.15999984741211,3786500,0.0,0.0
2023-05-24 00:00:00-04:00,23.1299991607666,23.520000457763672,22.729999542236328,23.270000457763672,1901000,0.0,0.0
2023-05-25 00:00:00-04:00,23.5,23.690000534057617,22.709999084472656,23.350000381469727,2494400,0.0,0.0
2023-05-26 00:00:00-04:00,23.469999313354492,23.709999084472656,23.059999465942383,23.25,2261900,0.0,0.0
2023-05-30 00:00:00-04:00,23.350000381469727,24.690000534057617,23.299999237060547,24.56999969482422,5037800,0.0,0.0
2023-05-31 00:00:00-04:00,24.510000228881836,24.799999237060547,23.8799991607666,24.049999237060547,4265200,0.0,0.0
2023-06-01 00:00:00-04:00,24.040000915527344,24.65999984741211,23.780000686645508,24.100000381469727,3845000,0.0,0.0
2023-06-02 00:00:00-04:00,24.290000915527344,24.93000030517578,24.280000686645508,24.639999389648438,3300700,0.0,0.0
2023-06-05 00:00:00-04:00,24.530000686645508,25.84000015258789,24.15999984741211,24.309999465942383,4201900,0.0,0.0
2023-06-06 00:00:00-04:00,24.010000228881836,25.25,24.0,24.690000534057617,3984300,0.0,0.0
2023-06-07 00:00:00-04:00,26.200000762939453,26.549999237060547,25.06999969482422,26.110000610351562,18001100,0.0,0.0
2023-06-08 00:00:00-04:00,20.299999237060547,22.0,20.100000381469727,21.440000534057617,19213300,0.0,0.0
2023-06-09 00:00:00-04:00,21.780000686645508,23.43000030517578,21.5,22.68000030517578,10342600,0.0,0.0
2023-06-12 00:00:00-04:00,22.850000381469727,24.299999237060547,22.739999771118164,24.299999237060547,7131400,0.0,0.0
2023-06-13 00:00:00-04:00,26.200000762939453,27.649999618530273,25.030000686645508,26.950000762939453,17160600,0.0,0.0
2023-06-14 00:00:00-04:00,26.719999313354492,27.079999923706055,24.899999618530273,25.700000762939453,7243700,0.0,0.0
2023-06-15 00:00:00-04:00,25.40999984741211,26.170000076293945,24.639999389648438,24.84000015258789,5501800,0.0,0.0
2023-06-16 00:00:00-04:00,25.020000457763672,25.110000610351562,24.420000076293945,24.559999465942383,4443500,0.0,0.0
2023-06-20 00:00:00-04:00,24.40999984741211,24.649999618530273,23.719999313354492,24.579999923706055,3250700,0.0,0.0
2023-06-21 00:00:00-04:00,24.84000015258789,25.100000381469727,24.100000381469727,24.43000030517578,2404700,0.0,0.0
2023-06-22 00:00:00-04:00,24.1299991607666,24.329999923706055,23.760000228881836,24.31999969482422,1889600,0.0,0.0
2023-06-23 00:00:00-04:00,23.780000686645508,24.149999618530273,23.68000030517578,23.700000762939453,2261000,0.0,0.0
2023-06-26 00:00:00-04:00,23.3799991607666,24.030000686645508,22.90999984741211,23.020000457763672,2525200,0.0,0.0
2023-06-27 00:00:00-04:00,23.290000915527344,23.600000381469727,23.0,23.579999923706055,2141500,0.0,0.0
2023-06-28 00:00:00-04:00,23.440000534057617,25.100000381469727,23.399999618530273,24.979999542236328,3493900,0.0,0.0
2023-06-29 00:00:00-04:00,24.959999084472656,25.469999313354492,24.6200008392334,24.899999618530273,3101000,0.0,0.0
2023-06-30 00:00:00-04:00,24.969999313354492,25.1299991607666,24.25,24.25,2803300,0.0,0.0
2023-07-03 00:00:00-04:00,24.290000915527344,25.110000610351562,24.209999084472656,24.90999984741211,1806600,0.0,0.0
2023-07-05 00:00:00-04:00,24.639999389648438,24.850000381469727,23.790000915527344,23.899999618530273,2263100,0.0,0.0
2023-07-06 00:00:00-04:00,23.520000457763672,23.56999969482422,22.81999969482422,22.829999923706055,2384600,0.0,0.0
2023-07-07 00:00:00-04:00,22.969999313354492,23.530000686645508,22.670000076293945,22.709999084472656,2447200,0.0,0.0
2023-07-10 00:00:00-04:00,22.610000610351562,23.559999465942383,22.0,23.540000915527344,3318200,0.0,0.0
2023-07-11 00:00:00-04:00,23.200000762939453,24.440000534057617,23.200000762939453,23.90999984741211,3057100,0.0,0.0
2023-07-12 00:00:00-04:00,24.25,24.309999465942383,23.440000534057617,23.440000534057617,1742200,0.0,0.0
2023-07-13 00:00:00-04:00,23.540000915527344,23.979999542236328,23.420000076293945,23.459999084472656,1912200,0.0,0.0
2023-07-14 00:00:00-04:00,23.489999771118164,23.719999313354492,22.940000534057617,22.969999313354492,2178800,0.0,0.0
2023-07-17 00:00:00-04:00,22.8799991607666,23.309999465942383,22.700000762939453,22.81999969482422,2026000,0.0,0.0
2023-07-18 00:00:00-04:00,22.719999313354492,23.799999237060547,22.68000030517578,23.079999923706055,2342000,0.0,0.0
2023-07-19 00:00:00-04:00,23.420000076293945,23.579999923706055,22.959999084472656,23.170000076293945,2250100,0.0,0.0
2023-07-20 00:00:00-04:00,23.010000228881836,23.219999313354492,22.65999984741211,22.90999984741211,2256700,0.0,0.0
2023-07-21 00:00:00-04:00,23.049999237060547,23.219999313354492,22.15999984741211,22.18000030517578,3167900,0.0,0.0
2023-07-24 00:00:00-04:00,22.420000076293945,23.040000915527344,22.200000762939453,23.040000915527344,2970400,0.0,0.0
2023-07-25 00:00:00-04:00,23.100000381469727,23.100000381469727,22.530000686645508,22.850000381469727,1672000,0.0,0.0
2023-07-26 00:00:00-04:00,22.700000762939453,22.989999771118164,22.479999542236328,22.700000762939453,1489200,0.0,0.0
2023-07-27 00:00:00-04:00,22.940000534057617,23.489999771118164,22.1299991607666,22.219999313354492,3370900,0.0,0.0
2023-07-28 00:00:00-04:00,22.020000457763672,22.489999771118164,21.790000915527344,21.93000030517578,2642100,0.0,0.0
2023-07-31 00:00:00-04:00,22.0,22.3799991607666,21.850000381469727,22.200000762939453,1973400,0.0,0.0
2023-08-01 00:00:00-04:00,21.950000762939453,22.0,21.260000228881836,21.5,2567100,0.0,0.0
2023-08-02 00:00:00-04:00,21.149999618530273,21.149999618530273,20.34000015258789,20.829999923706055,2625800,0.0,0.0
2023-08-03 00:00:00-04:00,20.8799991607666,21.18000030517578,20.739999771118164,20.93000030517578,1318700,0.0,0.0
2023-08-04 00:00:00-04:00,20.950000762939453,21.889999389648438,20.889999389648438,20.979999542236328,2406000,0.0,0.0
2023-08-07 00:00:00-04:00,20.899999618530273,21.239999771118164,20.479999542236328,21.06999969482422,1441300,0.0,0.0
2023-08-08 00:00:00-04:00,20.700000762939453,20.899999618530273,20.280000686645508,20.739999771118164,1431300,0.0,0.0
2023-08-09 00:00:00-04:00,20.850000381469727,20.850000381469727,19.81999969482422,19.93000030517578,2929600,0.0,0.0
2023-08-10 00:00:00-04:00,20.0,20.290000915527344,19.8700008392334,20.190000534057617,1432400,0.0,0.0
2023-08-11 00:00:00-04:00,20.030000686645508,20.3799991607666,19.969999313354492,20.190000534057617,1522900,0.0,0.0
2023-08-14 00:00:00-04:00,19.75,20.010000228881836,19.079999923706055,19.959999084472656,3329300,0.0,0.0
2023-08-15 00:00:00-04:00,19.770000457763672,19.780000686645508,19.09000015258789,19.329999923706055,2290300,0.0,0.0
2023-08-16 00:00:00-04:00,19.18000030517578,19.34000015258789,18.549999237060547,18.59000015258789,3015600,0.0,0.0
2023-08-17 00:00:00-04:00,18.790000915527344,18.809999465942383,18.299999237060547,18.3799991607666,2056800,0.0,0.0
2023-08-18 00:00:00-04:00,18.18000030517578,18.65999984741211,18.139999389648438,18.360000610351562,2029100,0.0,0.0
2023-08-21 00:00:00-04:00,18.299999237060547,18.81999969482422,18.200000762939453,18.479999542236328,2864700,0.0,0.0
2023-08-22 00:00:00-04:00,18.6200008392334,18.6200008392334,17.25,17.260000228881836,3782100,0.0,0.0
2023-08-23 00:00:00-04:00,17.25,17.34000015258789,16.8799991607666,16.889999389648438,2909100,0.0,0.0
2023-08-24 00:00:00-04:00,16.940000534057617,16.979999542236328,16.18000030517578,16.360000610351562,3624500,0.0,0.0
2023-08-25 00:00:00-04:00,16.5,17.18000030517578,16.450000762939453,17.1299991607666,3423500,0.0,0.0
2023-08-28 00:00:00-04:00,17.350000381469727,18.110000610351562,17.25,17.56999969482422,3007400,0.0,0.0
2023-08-29 00:00:00-04:00,17.600000381469727,18.549999237060547,17.600000381469727,18.239999771118164,2709200,0.0,0.0
2023-08-30 00:00:00-04:00,18.200000762939453,18.520000457763672,17.90999984741211,18.3700008392334,1884500,0.0,0.0
2023-08-31 00:00:00-04:00,18.40999984741211,19.420000076293945,18.149999618530273,18.549999237060547,4674100,0.0,0.0
2023-09-01 00:00:00-04:00,18.65999984741211,18.729999542236328,18.31999969482422,18.420000076293945,2135900,0.0,0.0
2023-09-05 00:00:00-04:00,18.450000762939453,19.34000015258789,18.260000228881836,19.229999542236328,3781300,0.0,0.0
2023-09-06 00:00:00-04:00,19.059999465942383,19.149999618530273,18.420000076293945,18.75,6107200,0.0,0.0
2023-09-07 00:00:00-04:00,19.1299991607666,19.479999542236328,17.610000610351562,18.889999389648438,5021300,0.0,0.0
2023-09-08 00:00:00-04:00,18.149999618530273,18.5,17.350000381469727,17.709999084472656,4689200,0.0,0.0
2023-09-11 00:00:00-04:00,17.850000381469727,17.850000381469727,16.899999618530273,17.020000457763672,3543800,0.0,0.0
2023-09-12 00:00:00-04:00,17.530000686645508,18.5,17.190000534057617,17.229999542236328,5179400,0.0,0.0
2023-09-13 00:00:00-04:00,17.309999465942383,17.93000030517578,17.270000457763672,17.809999465942383,3012600,0.0,0.0
2023-09-14 00:00:00-04:00,17.799999237060547,18.520000457763672,17.600000381469727,18.329999923706055,3078000,0.0,0.0
2023-09-15 00:00:00-04:00,18.360000610351562,18.610000610351562,18.149999618530273,18.219999313354492,6166600,0.0,0.0
2023-09-18 00:00:00-04:00,17.989999771118164,18.100000381469727,17.350000381469727,17.549999237060547,3694600,0.0,0.0
2023-09-19 00:00:00-04:00,17.59000015258789,17.639999389648438,17.1299991607666,17.520000457763672,2584200,0.0,0.0
2023-09-20 00:00:00-04:00,17.6299991607666,17.93000030517578,17.450000762939453,17.520000457763672,2129800,0.0,0.0
2023-09-21 00:00:00-04:00,17.280000686645508,17.31999969482422,16.649999618530273,17.020000457763672,2910700,0.0,0.0
2023-09-22 00:00:00-04:00,17.18000030517578,17.350000381469727,17.0,17.18000030517578,2100300,0.0,0.0
2023-09-25 00:00:00-04:00,17.0,17.719999313354492,16.850000381469727,17.670000076293945,2181200,0.0,0.0
2023-09-26 00:00:00-04:00,17.3799991607666,17.81999969482422,16.780000686645508,16.780000686645508,2726800,0.0,0.0
2023-09-27 00:00:00-04:00,16.8700008392334,17.260000228881836,16.809999465942383,17.149999618530273,1681300,0.0,0.0
2023-09-28 00:00:00-04:00,18.020000457763672,18.100000381469727,16.440000534057617,16.84000015258789,7431900,0.0,0.0
2023-09-29 00:00:00-04:00,17.049999237060547,17.260000228881836,16.399999618530273,16.459999084472656,3397000,0.0,0.0
2023-10-02 00:00:00-04:00,16.299999237060547,16.309999465942383,15.260000228881836,15.390000343322754,6087700,0.0,0.0
2023-10-03 00:00:00-04:00,15.289999961853027,15.289999961853027,14.569999694824219,14.600000381469727,4510300,0.0,0.0
2023-10-04 00:00:00-04:00,14.770000457763672,14.9399995803833,14.4399995803833,14.869999885559082,2586400,0.0,0.0
2023-10-05 00:00:00-04:00,14.699999809265137,14.979999542236328,14.579999923706055,14.710000038146973,1945100,0.0,0.0
2023-10-06 00:00:00-04:00,14.59000015258789,15.260000228881836,14.579999923706055,15.079999923706055,2467100,0.0,0.0
2023-10-09 00:00:00-04:00,14.770000457763672,15.5,14.720000267028809,15.399999618530273,2276300,0.0,0.0
2023-10-10 00:00:00-04:00,15.5,16.190000534057617,15.399999618530273,16.0,2915900,0.0,0.0
2023-10-11 00:00:00-04:00,16.010000228881836,16.09000015258789,15.739999771118164,15.819999694824219,2098200,0.0,0.0
2023-10-12 00:00:00-04:00,15.770000457763672,15.800000190734863,14.819999694824219,15.09000015258789,3180300,0.0,0.0
2023-10-13 00:00:00-04:00,14.920000076293945,15.109999656677246,14.779999732971191,14.920000076293945,1823300,0.0,0.0
2023-10-16 00:00:00-04:00,14.8100004196167,14.930000305175781,14.149999618530273,14.430000305175781,3508600,0.0,0.0
2023-10-17 00:00:00-04:00,14.25,14.829999923706055,14.100000381469727,14.119999885559082,3842400,0.0,0.0
2023-10-18 00:00:00-04:00,14.0,14.25,13.8100004196167,13.850000381469727,4045800,0.0,0.0
2023-10-19 00:00:00-04:00,13.800000190734863,13.850000381469727,12.899999618530273,13.15999984741211,5808000,0.0,0.0
2023-10-20 00:00:00-04:00,13.180000305175781,13.800000190734863,13.119999885559082,13.4399995803833,3661800,0.0,0.0
2023-10-23 00:00:00-04:00,13.279999732971191,13.59000015258789,13.039999961853027,13.4399995803833,2785500,0.0,0.0
2023-10-24 00:00:00-04:00,13.59000015258789,14.300000190734863,13.550000190734863,14.039999961853027,3738300,0.0,0.0
2023-10-25 00:00:00-04:00,14.010000228881836,14.010000228881836,13.609999656677246,13.710000038146973,1967300,0.0,0.0
2023-10-26 00:00:00-04:00,13.729999542236328,13.800000190734863,13.40999984741211,13.5,2036400,0.0,0.0
2023-10-27 00:00:00-04:00,13.510000228881836,13.619999885559082,13.020000457763672,13.119999885559082,2481700,0.0,0.0
2023-10-30 00:00:00-04:00,13.149999618530273,13.270000457763672,12.59000015258789,12.800000190734863,3475900,0.0,0.0
2023-10-31 00:00:00-04:00,12.850000381469727,13.899999618530273,12.819999694824219,13.770000457763672,4574600,0.0,0.0
2023-11-01 00:00:00-04:00,13.779999732971191,13.800000190734863,13.010000228881836,13.010000228881836,3430100,0.0,0.0
2023-11-02 00:00:00-04:00,13.369999885559082,13.699999809265137,13.279999732971191,13.640000343322754,3566600,0.0,0.0
2023-11-03 00:00:00-04:00,13.899999618530273,14.399999618530273,13.829999923706055,13.869999885559082,2966200,0.0,0.0
2023-11-06 00:00:00-05:00,13.989999771118164,14.050000190734863,13.489999771118164,13.529999732971191,2164400,0.0,0.0
2023-11-07 00:00:00-05:00,13.470000267028809,13.789999961853027,13.229999542236328,13.640000343322754,2354400,0.0,0.0
2023-11-08 00:00:00-05:00,13.510000228881836,13.760000228881836,13.279999732971191,13.279999732971191,1705600,0.0,0.0
2023-11-09 00:00:00-05:00,13.25,13.319999694824219,12.699999809265137,12.699999809265137,2750100,0.0,0.0
2023-11-10 00:00:00-05:00,12.8100004196167,12.970000267028809,12.350000381469727,12.539999961853027,3872400,0.0,0.0
2023-11-13 00:00:00-05:00,12.5,12.529999732971191,11.829999923706055,12.140000343322754,4318500,0.0,0.0
2023-11-14 00:00:00-05:00,12.75,13.390000343322754,12.6899995803833,12.899999618530273,5187500,0.0,0.0
2023-11-15 00:00:00-05:00,13.149999618530273,13.5,13.029999732971191,13.270000457763672,4121600,0.0,0.0
2023-11-16 00:00:00-05:00,13.140000343322754,13.1899995803833,12.520000457763672,12.529999732971191,3425800,0.0,0.0
2023-11-17 00:00:00-05:00,12.520000457763672,13.0600004196167,12.520000457763672,13.029999732971191,3414200,0.0,0.0
2023-11-20 00:00:00-05:00,13.0,13.199999809265137,12.800000190734863,12.800000190734863,2294900,0.0,0.0
2023-11-21 00:00:00-05:00,12.649999618530273,12.720000267028809,12.260000228881836,12.550000190734863,3710100,0.0,0.0
2023-11-22 00:00:00-05:00,12.5600004196167,12.710000038146973,12.1899995803833,12.289999961853027,2358800,0.0,0.0
2023-11-24 00:00:00-05:00,12.220000267028809,12.40999984741211,12.180000305175781,12.199999809265137,1232500,0.0,0.0
2023-11-27 00:00:00-05:00,12.180000305175781,12.329999923706055,11.890000343322754,11.90999984741211,3710600,0.0,0.0
2023-11-28 00:00:00-05:00,11.899999618530273,13.550000190734863,11.890000343322754,13.489999771118164,14192900,0.0,0.0
2023-11-29 00:00:00-05:00,15.489999771118164,17.559999465942383,14.699999809265137,16.25,61172800,0.0,0.0
2023-11-30 00:00:00-05:00,16.290000915527344,16.329999923706055,14.319999694824219,14.550000190734863,16537200,0.0,0.0
2023-12-01 00:00:00-05:00,14.520000457763672,15.989999771118164,14.5,15.300000190734863,13378700,0.0,0.0
2023-12-04 00:00:00-05:00,15.289999961853027,17.40999984741211,14.90999984741211,16.979999542236328,20098700,0.0,0.0
2023-12-05 00:00:00-05:00,16.469999313354492,16.719999313354492,14.869999885559082,14.90999984741211,14220100,0.0,0.0
2023-12-06 00:00:00-05:00,15.359999656677246,15.699999809265137,14.640000343322754,14.84000015258789,12691300,0.0,0.0
2023-12-07 00:00:00-05:00,13.710000038146973,16.520000457763672,13.5600004196167,16.360000610351562,19840700,0.0,0.0
2023-12-08 00:00:00-05:00,15.829999923706055,16.479999542236328,15.470000267028809,15.550000190734863,10401400,0.0,0.0
2023-12-11 00:00:00-05:00,15.449999809265137,15.6899995803833,14.979999542236328,15.069999694824219,4961200,0.0,0.0
2023-12-12 00:00:00-05:00,15.119999885559082,15.359999656677246,14.84000015258789,15.220000267028809,4210700,0.0,0.0
2023-12-13 00:00:00-05:00,15.220000267028809,16.799999237060547,15.1899995803833,16.690000534057617,9086900,0.0,0.0
2023-12-14 00:00:00-05:00,17.139999389648438,17.8799991607666,16.799999237060547,17.440000534057617,10750700,0.0,0.0
2023-12-15 00:00:00-05:00,17.399999618530273,17.579999923706055,17.010000228881836,17.260000228881836,7119100,0.0,0.0
2023-12-18 00:00:00-05:00,17.239999771118164,18.510000228881836,17.100000381469727,17.860000610351562,7352200,0.0,0.0
2023-12-19 00:00:00-05:00,17.889999389648438,18.59000015258789,17.229999542236328,17.719999313354492,5447100,0.0,0.0
2023-12-20 00:00:00-05:00,17.530000686645508,18.3799991607666,16.889999389648438,16.93000030517578,5553000,0.0,0.0
2023-12-21 00:00:00-05:00,17.190000534057617,17.34000015258789,16.59000015258789,16.979999542236328,3975300,0.0,0.0
2023-12-22 00:00:00-05:00,16.780000686645508,17.200000762939453,16.450000762939453,16.969999313354492,3329900,0.0,0.0
2023-12-26 00:00:00-05:00,16.979999542236328,17.40999984741211,16.81999969482422,17.360000610351562,3079600,0.0,0.0
2023-12-27 00:00:00-05:00,17.43000030517578,18.3700008392334,17.3700008392334,18.3700008392334,4800100,0.0,0.0
2023-12-28 00:00:00-05:00,18.049999237060547,18.31999969482422,17.850000381469727,18.06999969482422,3574800,0.0,0.0
2023-12-29 00:00:00-05:00,18.040000915527344,18.15999984741211,17.459999084472656,17.530000686645508,4536700,0.0,0.0
2024-01-02 00:00:00-05:00,17.25,17.600000381469727,16.579999923706055,16.670000076293945,4428000,0.0,0.0
2024-01-03 00:00:00-05:00,16.299999237060547,16.829999923706055,15.899999618530273,16.690000534057617,4193600,0.0,0.0
2024-01-04 00:00:00-05:00,16.510000228881836,16.75,16.309999465942383,16.360000610351562,2671500,0.0,0.0
2024-01-05 00:00:00-05:00,16.15999984741211,16.520000457763672,15.960000038146973,15.960000038146973,2619200,0.0,0.0
2024-01-08 00:00:00-05:00,15.779999732971191,16.1200008392334,15.699999809265137,15.789999961853027,3031100,0.0,0.0
2024-01-09 00:00:00-05:00,15.59000015258789,15.619999885559082,15.119999885559082,15.15999984741211,3105300,0.0,0.0
2024-01-10 00:00:00-05:00,15.119999885559082,15.760000228881836,14.970000267028809,15.729999542236328,3191700,0.0,0.0
2024-01-11 00:00:00-05:00,15.649999618530273,15.800000190734863,15.239999771118164,15.25,2992200,0.0,0.0
2024-01-12 00:00:00-05:00,15.300000190734863,15.619999885559082,14.729999542236328,14.75,2479800,0.0,0.0
2024-01-16 00:00:00-05:00,14.600000381469727,14.619999885559082,13.930000305175781,13.979999542236328,3581200,0.0,0.0
2024-01-17 00:00:00-05:00,13.859999656677246,14.109999656677246,13.710000038146973,14.079999923706055,2706200,0.0,0.0
2024-01-18 00:00:00-05:00,14.199999809265137,14.770000457763672,14.050000190734863,14.289999961853027,3906000,0.0,0.0
2024-01-19 00:00:00-05:00,14.359999656677246,14.600000381469727,14.09000015258789,14.510000228881836,2396200,0.0,0.0
2024-01-22 00:00:00-05:00,14.5,15.15999984741211,14.300000190734863,14.899999618530273,3606500,0.0,0.0
2024-01-23 00:00:00-05:00,15.0,15.020000457763672,14.050000190734863,14.180000305175781,3495300,0.0,0.0
2024-01-24 00:00:00-05:00,14.279999732971191,14.380000114440918,13.819999694824219,13.949999809265137,2513800,0.0,0.0
2024-01-25 00:00:00-05:00,13.970000267028809,14.539999961853027,13.920000076293945,14.520000457763672,3635900,0.0,0.0
2024-01-26 00:00:00-05:00,14.4399995803833,14.720000267028809,14.40999984741211,14.489999771118164,2288800,0.0,0.0
2024-01-29 00:00:00-05:00,14.5,14.8100004196167,14.319999694824219,14.779999732971191,2164200,0.0,0.0
2024-01-30 00:00:00-05:00,14.539999961853027,14.819999694824219,14.510000228881836,14.550000190734863,1652600,0.0,0.0
2024-01-31 00:00:00-05:00,14.399999618530273,14.829999923706055,14.220000267028809,14.229999542236328,2684700,0.0,0.0
2024-02-01 00:00:00-05:00,14.34000015258789,14.420000076293945,14.020000457763672,14.420000076293945,2220200,0.0,0.0
2024-02-02 00:00:00-05:00,14.149999618530273,14.920000076293945,14.079999923706055,14.729999542236328,2924500,0.0,0.0
2024-02-05 00:00:00-05:00,14.5,14.609999656677246,13.399999618530273,13.460000038146973,4361500,0.0,0.0
2024-02-06 00:00:00-05:00,13.600000381469727,14.300000190734863,13.430000305175781,14.100000381469727,3047800,0.0,0.0
2024-02-07 00:00:00-05:00,14.119999885559082,14.300000190734863,13.779999732971191,14.069999694824219,1947800,0.0,0.0
2024-02-08 00:00:00-05:00,14.010000228881836,14.4399995803833,13.890000343322754,14.350000381469727,1838300,0.0,0.0
2024-02-09 00:00:00-05:00,14.369999885559082,15.229999542236328,14.300000190734863,14.65999984741211,3575300,0.0,0.0
2024-02-12 00:00:00-05:00,14.579999923706055,15.220000267028809,14.529999732971191,14.729999542236328,2750100,0.0,0.0
2024-02-13 00:00:00-05:00,14.199999809265137,14.399999618530273,13.770000457763672,14.170000076293945,3788700,0.0,0.0
2024-02-14 00:00:00-05:00,14.329999923706055,14.430000305175781,14.050000190734863,14.40999984741211,2504400,0.0,0.0
2024-02-15 00:00:00-05:00,14.539999961853027,14.75,14.229999542236328,14.510000228881836,2400500,0.0,0.0
2024-02-16 00:00:00-05:00,14.460000038146973,14.529999732971191,14.100000381469727,14.119999885559082,2301900,0.0,0.0
2024-02-20 00:00:00-05:00,13.960000038146973,14.050000190734863,13.15999984741211,13.489999771118164,3784500,0.0,0.0
2024-02-21 00:00:00-05:00,13.460000038146973,13.670000076293945,13.229999542236328,13.40999984741211,1722800,0.0,0.0
2024-02-22 00:00:00-05:00,13.5,13.649999618530273,13.34000015258789,13.359999656677246,1817800,0.0,0.0
2024-02-23 00:00:00-05:00,13.300000190734863,13.789999961853027,13.119999885559082,13.510000228881836,2319700,0.0,0.0
2024-02-26 00:00:00-05:00,13.3100004196167,13.75,13.199999809265137,13.680000305175781,2278600,0.0,0.0
2024-02-27 00:00:00-05:00,13.699999809265137,14.289999961853027,13.680000305175781,14.210000038146973,2795500,0.0,0.0
2024-02-28 00:00:00-05:00,14.0,14.470000267028809,13.890000343322754,14.239999771118164,2440700,0.0,0.0
2024-02-29 00:00:00-05:00,14.34000015258789,14.649999618530273,14.029999732971191,14.270000457763672,2638700,0.0,0.0
2024-03-01 00:00:00-05:00,14.180000305175781,15.09000015258789,13.989999771118164,14.949999809265137,4899500,0.0,0.0
2024-03-04 00:00:00-05:00,14.930000305175781,15.59000015258789,14.829999923706055,15.220000267028809,4367600,0.0,0.0
2024-03-05 00:00:00-05:00,14.949999809265137,15.279999732971191,14.779999732971191,15.0,3152700,0.0,0.0
2024-03-06 00:00:00-05:00,15.220000267028809,15.890000343322754,14.9399995803833,15.260000228881836,3818100,0.0,0.0
2024-03-07 00:00:00-05:00,15.260000228881836,15.510000228881836,15.050000190734863,15.260000228881836,2111900,0.0,0.0
2024-03-08 00:00:00-05:00,15.399999618530273,15.630000114440918,14.520000457763672,14.649999618530273,3169800,0.0,0.0
2024-03-11 00:00:00-04:00,14.640000343322754,14.9399995803833,14.359999656677246,14.430000305175781,2111900,0.0,0.0
2024-03-12 00:00:00-04:00,14.350000381469727,14.84000015258789,14.09000015258789,14.720000267028809,2382600,0.0,0.0
2024-03-13 00:00:00-04:00,14.6899995803833,15.199999809265137,14.619999885559082,14.869999885559082,2898100,0.0,0.0
2024-03-14 00:00:00-04:00,14.800000190734863,15.020000457763672,14.399999618530273,14.630000114440918,2534200,0.0,0.0
2024-03-15 00:00:00-04:00,14.550000190734863,14.829999923706055,14.210000038146973,14.239999771118164,4480700,0.0,0.0
2024-03-18 00:00:00-04:00,14.25,14.300000190734863,13.899999618530273,13.90999984741211,3490800,0.0,0.0
2024-03-19 00:00:00-04:00,13.760000228881836,13.890000343322754,13.300000190734863,13.40999984741211,3894700,0.0,0.0
2024-03-20 00:00:00-04:00,13.470000267028809,13.789999961853027,13.210000038146973,13.479999542236328,3921300,0.0,0.0
2024-03-21 00:00:00-04:00,13.5600004196167,14.020000457763672,13.479999542236328,13.65999984741211,3382800,0.0,0.0
2024-03-22 00:00:00-04:00,13.760000228881836,13.949999809265137,13.010000228881836,13.100000381469727,4411600,0.0,0.0
2024-03-25 00:00:00-04:00,13.420000076293945,15.149999618530273,13.3100004196167,15.119999885559082,10416300,0.0,0.0
2024-03-26 00:00:00-04:00,15.149999618530273,15.630000114440918,14.75,15.5,17245800,0.0,0.0
2024-03-27 00:00:00-04:00,13.050000190734863,13.720000267028809,12.800000190734863,13.170000076293945,17871300,0.0,0.0
2024-03-28 00:00:00-04:00,13.1899995803833,13.1899995803833,12.470000267028809,12.520000457763672,8473500,0.0,0.0
2024-04-01 00:00:00-04:00,12.630000114440918,12.670000076293945,11.550000190734863,11.989999771118164,9207100,0.0,0.0
2024-04-02 00:00:00-04:00,11.84000015258789,11.989999771118164,11.260000228881836,11.279999732971191,6327700,0.0,0.0
2024-04-03 00:00:00-04:00,11.220000267028809,11.5,10.899999618530273,11.380000114440918,4331500,0.0,0.0
2024-04-04 00:00:00-04:00,11.5,11.829999923706055,11.380000114440918,11.529999732971191,4347000,0.0,0.0
2024-04-05 00:00:00-04:00,11.300000190734863,11.5,10.970000267028809,11.25,4760000,0.0,0.0
2024-04-08 00:00:00-04:00,11.300000190734863,11.369999885559082,10.829999923706055,10.829999923706055,3659100,0.0,0.0
2024-04-09 00:00:00-04:00,10.850000381469727,11.180000305175781,10.729999542236328,11.010000228881836,3455500,0.0,0.0
2024-04-10 00:00:00-04:00,10.899999618530273,11.069999694824219,10.75,10.850000381469727,3546200,0.0,0.0
2024-04-11 00:00:00-04:00,10.90999984741211,11.390000343322754,10.800000190734863,11.289999961853027,3802100,0.0,0.0
2024-04-12 00:00:00-04:00,11.210000038146973,11.229999542236328,10.760000228881836,10.770000457763672,3214400,0.0,0.0
2024-04-15 00:00:00-04:00,10.8100004196167,10.84000015258789,10.0600004196167,10.0600004196167,5086300,0.0,0.0
2024-04-16 00:00:00-04:00,10.0,10.550000190734863,9.949999809265137,10.369999885559082,4162100,0.0,0.0
2024-04-17 00:00:00-04:00,10.4399995803833,10.59000015258789,10.300000190734863,10.300000190734863,2096700,0.0,0.0
2024-04-18 00:00:00-04:00,10.319999694824219,10.630000114440918,10.270000457763672,10.3100004196167,2175400,0.0,0.0
2024-04-19 00:00:00-04:00,10.199999809265137,10.5,10.199999809265137,10.420000076293945,2462700,0.0,0.0
2024-04-22 00:00:00-04:00,10.40999984741211,10.449999809265137,10.010000228881836,10.010000228881836,3261000,0.0,0.0
2024-04-23 00:00:00-04:00,10.050000190734863,10.279999732971191,10.010000228881836,10.15999984741211,2511800,0.0,0.0
2024-04-24 00:00:00-04:00,10.15999984741211,10.9399995803833,10.15999984741211,10.930000305175781,4829600,0.0,0.0
2024-04-25 00:00:00-04:00,10.699999809265137,11.210000038146973,10.479999542236328,11.210000038146973,4903800,0.0,0.0
2024-04-26 00:00:00-04:00,11.180000305175781,12.1899995803833,11.0,11.899999618530273,7685100,0.0,0.0
2024-04-29 00:00:00-04:00,11.84000015258789,11.960000038146973,11.180000305175781,11.289999961853027,3821500,0.0,0.0
2024-04-30 00:00:00-04:00,11.180000305175781,11.300000190734863,10.90999984741211,11.09000015258789,2866500,0.0,0.0
2024-05-01 00:00:00-04:00,11.029999732971191,11.319999694824219,10.699999809265137,10.90999984741211,2653200,0.0,0.0
2024-05-02 00:00:00-04:00,11.109999656677246,12.880000114440918,10.960000038146973,12.760000228881836,8654800,0.0,0.0
2024-05-03 00:00:00-04:00,12.420000076293945,17.450000762939453,12.3100004196167,16.469999313354492,36292400,0.0,0.0
2024-05-06 00:00:00-04:00,14.989999771118164,17.399999618530273,13.619999885559082,16.309999465942383,48018700,0.0,0.0
2024-05-07 00:00:00-04:00,15.850000381469727,17.290000915527344,14.930000305175781,16.309999465942383,24308600,0.0,0.0
2024-05-08 00:00:00-04:00,16.049999237060547,17.239999771118164,15.329999923706055,15.920000076293945,24775100,0.0,0.0
2024-05-09 00:00:00-04:00,15.899999618530273,18.510000228881836,15.350000381469727,18.010000228881836,25759300,0.0,0.0
2024-05-10 00:00:00-04:00,17.93000030517578,20.200000762939453,16.8799991607666,17.459999084472656,36831900,0.0,0.0
2024-05-13 00:00:00-04:00,26.34000015258789,38.20000076293945,24.770000457763672,30.450000762939453,187241700,0.0,0.0
2024-05-14 00:00:00-04:00,64.83000183105469,64.83000183105469,36.0,48.75,206979100,0.0,0.0
2024-05-15 00:00:00-04:00,40.310001373291016,42.349998474121094,31.0,39.54999923706055,131790100,0.0,0.0
2024-05-16 00:00:00-04:00,33.97999954223633,35.2400016784668,27.59000015258789,27.670000076293945,76177600,0.0,0.0
2024-05-17 00:00:00-04:00,21.860000610351562,22.40999984741211,19.700000762939453,22.209999084472656,96079600,0.0,0.0
2024-05-20 00:00:00-04:00,21.540000915527344,23.399999618530273,18.940000534057617,23.139999389648438,55261600,0.0,0.0
2024-05-21 00:00:00-04:00,22.239999771118164,22.850000381469727,20.040000915527344,22.1200008392334,49250100,0.0,0.0
2024-05-22 00:00:00-04:00,21.559999465942383,22.25,20.760000228881836,21.1200008392334,43521400,0.0,0.0
2024-05-23 00:00:00-04:00,21.399999618530273,21.399999618530273,18.260000228881836,18.31999969482422,30561100,0.0,0.0
2024-05-24 00:00:00-04:00,18.420000076293945,19.68000030517578,17.700000762939453,19.0,43017100,0.0,0.0
2024-05-28 00:00:00-04:00,23.100000381469727,26.65999984741211,21.149999618530273,23.780000686645508,105077600,0.0,0.0
2024-05-29 00:00:00-04:00,22.0,22.979999542236328,21.049999237060547,21.239999771118164,26921200,0.0,0.0
2024-05-30 00:00:00-04:00,21.020000457763672,22.700000762939453,20.100000381469727,22.610000610351562,24403600,0.0,0.0
2024-05-31 00:00:00-04:00,22.579999923706055,23.719999313354492,21.68000030517578,23.139999389648438,22174300,0.0,0.0
2024-06-03 00:00:00-04:00,40.189998626708984,40.5,26.399999618530273,28.0,165808300,0.0,0.0
2024-06-04 00:00:00-04:00,26.260000228881836,28.010000228881836,25.200000762939453,26.5,51662100,0.0,0.0
2024-06-05 00:00:00-04:00,26.299999237060547,31.84000015258789,26.110000610351562,31.56999969482422,73156400,0.0,0.0
2024-06-06 00:00:00-04:00,31.56999969482422,47.5,31.280000686645508,46.54999923706055,206685800,0.0,0.0
2024-06-07 00:00:00-04:00,37.689998626708984,48.0,26.1200008392334,28.219999313354492,279054400,0.0,0.0
2024-06-10 00:00:00-04:00,28.969999313354492,29.34000015258789,23.059999465942383,24.829999923706055,130842800,0.0,0.0
2024-06-11 00:00:00-04:00,24.399999618530273,30.920000076293945,22.790000915527344,30.489999771118164,146914700,0.0,0.0
2024-06-12 00:00:00-04:00,29.170000076293945,33.70000076293945,24.829999923706055,25.459999084472656,147986700,0.0,0.0
2024-06-13 00:00:00-04:00,26.559999465942383,29.579999923706055,25.559999465942383,29.1200008392334,107306600,0.0,0.0
2024-06-14 00:00:00-04:00,29.229999542236328,30.65999984741211,27.40999984741211,28.700000762939453,82874400,0.0,0.0
2024-06-17 00:00:00-04:00,28.549999237060547,29.18000030517578,23.790000915527344,25.219999313354492,90351900,0.0,0.0
2024-06-18 00:00:00-04:00,24.579999923706055,25.969999313354492,23.610000610351562,24.700000762939453,38079200,0.0,0.0
2024-06-20 00:00:00-04:00,24.25,25.93000030517578,23.649999618530273,25.59000015258789,36029300,0.0,0.0
2024-06-21 00:00:00-04:00,25.239999771118164,25.809999465942383,23.510000228881836,23.93000030517578,27457200,0.0,0.0
2024-06-24 00:00:00-04:00,23.260000228881836,24.829999923706055,23.239999771118164,23.649999618530273,22162900,0.0,0.0
2024-06-25 00:00:00-04:00,23.600000381469727,24.969999313354492,22.549999237060547,24.93000030517578,26898400,0.0,0.0
2024-06-26 00:00:00-04:00,24.600000381469727,25.3799991607666,24.040000915527344,24.200000762939453,17903000,0.0,0.0
2024-06-27 00:00:00-04:00,24.100000381469727,26.690000534057617,24.059999465942383,25.09000015258789,34867000,0.0,0.0
2024-06-28 00:00:00-04:00,25.020000457763672,26.170000076293945,24.309999465942383,24.690000534057617,20212000,0.0,0.0
2024-07-01 00:00:00-04:00,23.350000381469727,23.780000686645508,22.309999465942383,23.329999923706055,30689000,0.0,0.0
2024-07-02 00:00:00-04:00,23.239999771118164,24.31999969482422,23.100000381469727,23.979999542236328,13703500,0.0,0.0
2024-07-03 00:00:00-04:00,24.030000686645508,24.889999389648438,23.649999618530273,24.3700008392334,11829500,0.0,0.0
2024-07-05 00:00:00-04:00,24.18000030517578,25.079999923706055,23.81999969482422,24.18000030517578,11782100,0.0,0.0
2024-07-08 00:00:00-04:00,24.1200008392334,25.139999389648438,23.850000381469727,24.450000762939453,11815500,0.0,0.0
2024-07-09 00:00:00-04:00,24.600000381469727,25.18000030517578,24.0,24.600000381469727,9419800,0.0,0.0
2024-07-10 00:00:00-04:00,25.0,26.450000762939453,24.899999618530273,24.969999313354492,22325400,0.0,0.0
2024-07-11 00:00:00-04:00,25.440000534057617,26.020000457763672,25.020000457763672,25.56999969482422,13032700,0.0,0.0
2024-07-12 00:00:00-04:00,25.760000228881836,26.889999389648438,25.420000076293945,26.049999237060547,16238900,0.0,0.0
2024-07-15 00:00:00-04:00,25.979999542236328,27.200000762939453,25.649999618530273,27.0,17136400,0.0,0.0
2024-07-16 00:00:00-04:00,27.75,28.829999923706055,27.3700008392334,28.540000915527344,25594500,0.0,0.0
2024-07-17 00:00:00-04:00,28.399999618530273,29.790000915527344,27.239999771118164,27.979999542236328,23775000,0.0,0.0
2024-07-18 00:00:00-04:00,27.979999542236328,28.3799991607666,25.610000610351562,25.8799991607666,16969700,0.0,0.0
2024-07-19 00:00:00-04:00,25.549999237060547,26.389999389648438,24.850000381469727,24.969999313354492,12763300,0.0,0.0
2024-07-22 00:00:00-04:00,24.84000015258789,25.979999542236328,24.3799991607666,25.219999313354492,14090400,0.0,0.0
2024-07-23 00:00:00-04:00,25.219999313354492,25.68000030517578,24.889999389648438,25.5,7921700,0.0,0.0
2024-07-24 00:00:00-04:00,25.149999618530273,25.450000762939453,23.93000030517578,24.010000228881836,9549200,0.0,0.0
2024-07-25 00:00:00-04:00,23.59000015258789,24.59000015258789,23.360000610351562,23.950000762939453,8567700,0.0,0.0
2024-07-26 00:00:00-04:00,24.280000686645508,24.770000457763672,24.110000610351562,24.1299991607666,6833900,0.0,0.0
2024-07-29 00:00:00-04:00,24.229999542236328,24.3799991607666,23.540000915527344,23.600000381469727,7250200,0.0,0.0
2024-07-30 00:00:00-04:00,23.600000381469727,23.889999389648438,22.34000015258789,22.399999618530273,9272400,0.0,0.0
2024-07-31 00:00:00-04:00,22.860000610351562,23.450000762939453,22.610000610351562,22.670000076293945,8005800,0.0,0.0
2024-08-01 00:00:00-04:00,22.920000076293945,23.09000015258789,21.559999465942383,21.709999084472656,9334400,0.0,0.0
2024-08-02 00:00:00-04:00,20.950000762939453,21.610000610351562,20.43000030517578,21.06999969482422,9030000,0.0,0.0
2024-08-05 00:00:00-04:00,18.829999923706055,20.799999237060547,18.729999542236328,20.649999618530273,12205900,0.0,0.0
2024-08-06 00:00:00-04:00,21.020000457763672,21.579999923706055,20.260000228881836,21.280000686645508,6505300,0.0,0.0
2024-08-07 00:00:00-04:00,21.149999618530273,21.459999084472656,20.3799991607666,20.829999923706055,6101100,0.0,0.0
2024-08-08 00:00:00-04:00,21.010000228881836,21.8799991607666,20.809999465942383,21.75,5439700,0.0,0.0
2024-08-09 00:00:00-04:00,21.510000228881836,22.170000076293945,21.459999084472656,21.93000030517578,4828900,0.0,0.0
2024-08-12 00:00:00-04:00,21.979999542236328,22.270000457763672,21.450000762939453,21.8799991607666,4449100,0.0,0.0
2024-08-13 00:00:00-04:00,21.959999084472656,22.3799991607666,21.860000610351562,22.270000457763672,3913700,0.0,0.0
2024-08-14 00:00:00-04:00,22.34000015258789,22.729999542236328,21.790000915527344,21.989999771118164,3489400,0.0,0.0
2024-08-15 00:00:00-04:00,22.25,22.84000015258789,21.969999313354492,22.530000686645508,5361400,0.0,0.0
2024-08-16 00:00:00-04:00,22.3700008392334,22.690000534057617,22.239999771118164,22.399999618530273,3641800,0.0,0.0
2024-08-19 00:00:00-04:00,22.350000381469727,23.100000381469727,22.31999969482422,22.65999984741211,4543500,0.0,0.0
2024-08-20 00:00:00-04:00,22.5,22.520000457763672,21.959999084472656,22.280000686645508,3570300,0.0,0.0
2024-08-21 00:00:00-04:00,22.170000076293945,22.649999618530273,22.15999984741211,22.549999237060547,3163200,0.0,0.0
2024-08-22 00:00:00-04:00,22.5,22.760000228881836,22.09000015258789,22.1200008392334,3382500,0.0,0.0
2024-08-23 00:00:00-04:00,22.25,22.6200008392334,22.18000030517578,22.209999084472656,4056700,0.0,0.0
2024-08-26 00:00:00-04:00,22.25,22.389999389648438,21.299999237060547,21.360000610351562,4780500,0.0,0.0
2024-08-27 00:00:00-04:00,21.059999465942383,21.290000915527344,20.65999984741211,20.739999771118164,4118800,0.0,0.0
2024-08-28 00:00:00-04:00,20.709999084472656,21.06999969482422,19.8799991607666,19.899999618530273,5219500,0.0,0.0
2024-08-29 00:00:00-04:00,20.5,22.450000762939453,20.469999313354492,21.510000228881836,10428400,0.0,0.0
2024-08-30 00:00:00-04:00,21.81999969482422,23.479999542236328,21.729999542236328,23.420000076293945,15680700,0.0,0.0
2024-09-03 00:00:00-04:00,24.149999618530273,24.690000534057617,22.81999969482422,23.139999389648438,11350500,0.0,0.0
2024-09-04 00:00:00-04:00,22.850000381469727,23.709999084472656,22.110000610351562,22.1200008392334,6700900,0.0,0.0
2024-09-05 00:00:00-04:00,22.0,22.68000030517578,21.65999984741211,22.389999389648438,5101200,0.0,0.0
2024-09-06 00:00:00-04:00,22.399999618530273,24.479999542236328,21.799999237060547,23.920000076293945,23884000,0.0,0.0
2024-09-09 00:00:00-04:00,23.239999771118164,25.020000457763672,23.15999984741211,24.25,14064700,0.0,0.0
2024-09-10 00:00:00-04:00,24.770000457763672,24.799999237060547,23.1299991607666,23.450000762939453,19175500,0.0,0.0
2024-09-11 00:00:00-04:00,20.81999969482422,21.09000015258789,19.309999465942383,20.639999389648438,28921500,0.0,0.0
2024-09-12 00:00:00-04:00,20.469999313354492,20.709999084472656,19.989999771118164,20.399999618530273,9539500,0.0,0.0
2024-09-13 00:00:00-04:00,20.489999771118164,20.920000076293945,20.34000015258789,20.649999618530273,8053700,0.0,0.0
2024-09-16 00:00:00-04:00,20.450000762939453,20.520000457763672,19.920000076293945,20.09000015258789,5981200,0.0,0.0
2024-09-17 00:00:00-04:00,20.239999771118164,20.559999465942383,19.920000076293945,20.15999984741211,6307600,0.0,0.0
2024-09-18 00:00:00-04:00,20.049999237060547,20.260000228881836,19.420000076293945,19.649999618530273,10728200,0.0,0.0
2024-09-19 00:00:00-04:00,19.889999389648438,20.030000686645508,19.469999313354492,19.510000228881836,8902600,0.0,0.0
2024-09-20 00:00:00-04:00,19.6299991607666,22.030000686645508,19.479999542236328,21.850000381469727,61919200,0.0,0.0
2024-09-23 00:00:00-04:00,21.540000915527344,22.559999465942383,21.229999542236328,22.309999465942383,13969500,0.0,0.0
2024-09-24 00:00:00-04:00,22.610000610351562,22.719999313354492,21.540000915527344,22.6299991607666,12121400,0.0,0.0
2024-09-25 00:00:00-04:00,22.15999984741211,22.829999923706055,22.06999969482422,22.18000030517578,6139700,0.0,0.0
2024-09-26 00:00:00-04:00,22.399999618530273,22.639999389648438,21.8700008392334,22.290000915527344,5777500,0.0,0.0
2024-09-27 00:00:00-04:00,22.389999389648438,23.100000381469727,21.969999313354492,22.479999542236328,7416500,0.0,0.0
2024-09-30 00:00:00-04:00,22.299999237060547,23.639999389648438,22.170000076293945,22.93000030517578,10161700,0.0,0.0
2024-10-01 00:00:00-04:00,22.950000762939453,23.1200008392334,21.809999465942383,21.969999313354492,7189200,0.0,0.0
2024-10-02 00:00:00-04:00,21.860000610351562,22.299999237060547,21.40999984741211,21.489999771118164,5673100,0.0,0.0
2024-10-03 00:00:00-04:00,21.360000610351562,21.790000915527344,21.110000610351562,21.200000762939453,4665800,0.0,0.0
2024-10-04 00:00:00-04:00,21.479999542236328,21.969999313354492,21.290000915527344,21.399999618530273,5286200,0.0,0.0
2024-10-07 00:00:00-04:00,21.350000381469727,21.530000686645508,20.809999465942383,20.899999618530273,5988000,0.0,0.0
2024-10-08 00:00:00-04:00,20.899999618530273,21.270000457763672,20.530000686645508,20.709999084472656,4840500,0.0,0.0
2024-10-09 00:00:00-04:00,20.5,20.739999771118164,20.299999237060547,20.5,3914000,0.0,0.0
2024-10-10 00:00:00-04:00,20.469999313354492,21.049999237060547,20.3799991607666,20.90999984741211,4180800,0.0,0.0
2024-10-11 00:00:00-04:00,20.65999984741211,21.219999313354492,20.65999984741211,20.829999923706055,3931600,0.0,0.0
2024-10-14 00:00:00-04:00,20.75,21.670000076293945,20.459999084472656,21.329999923706055,6636600,0.0,0.0
2024-10-15 00:00:00-04:00,21.450000762939453,21.68000030517578,20.979999542236328,21.270000457763672,4851900,0.0,0.0
2024-10-16 00:00:00-04:00,21.1299991607666,21.75,21.030000686645508,21.65999984741211,4264600,0.0,0.0
2024-10-17 00:00:00-04:00,21.5,21.65999984741211,21.229999542236328,21.40999984741211,3015300,0.0,0.0
2024-10-18 00:00:00-04:00,21.40999984741211,21.610000610351562,20.979999542236328,21.219999313354492,5302200,0.0,0.0
2024-10-21 00:00:00-04:00,21.100000381469727,21.219999313354492,20.65999984741211,20.700000762939453,3956500,0.0,0.0
2024-10-22 00:00:00-04:00,20.6200008392334,20.940000534057617,20.43000030517578,20.93000030517578,3232300,0.0,0.0
2024-10-23 00:00:00-04:00,20.729999542236328,20.979999542236328,20.350000381469727,20.540000915527344,2945000,0.0,0.0
2024-10-24 00:00:00-04:00,20.6299991607666,20.84000015258789,20.479999542236328,20.6299991607666,2682300,0.0,0.0
2024-10-25 00:00:00-04:00,20.649999618530273,21.43000030517578,20.540000915527344,20.56999969482422,5989000,0.0,0.0
2024-10-28 00:00:00-04:00,20.84000015258789,22.770000457763672,20.729999542236328,22.729999542236328,13641200,0.0,0.0
2024-10-29 00:00:00-04:00,22.700000762939453,23.200000762939453,22.09000015258789,22.68000030517578,10078100,0.0,0.0
2024-10-30 00:00:00-04:00,23.399999618530273,24.540000915527344,22.75,23.280000686645508,12383600,0.0,0.0
2024-10-31 00:00:00-04:00,22.829999923706055,23.030000686645508,22.049999237060547,22.18000030517578,5594500,0.0,0.0
2024-11-01 00:00:00-04:00,22.399999618530273,23.049999237060547,22.079999923706055,22.40999984741211,4744500,0.0,0.0
2024-11-04 00:00:00-05:00,22.200000762939453,22.649999618530273,21.8799991607666,22.329999923706055,4300200,0.0,0.0
2024-11-05 00:00:00-05:00,22.31999969482422,23.200000762939453,22.270000457763672,22.989999771118164,5858400,0.0,0.0
2024-11-06 00:00:00-05:00,23.309999465942383,23.81999969482422,22.899999618530273,23.100000381469727,6648000,0.0,0.0
2024-11-07 00:00:00-05:00,23.06999969482422,23.65999984741211,22.809999465942383,23.450000762939453,5554400,0.0,0.0
2024-11-08 00:00:00-05:00,23.440000534057617,25.389999389648438,23.239999771118164,24.8799991607666,15908600,0.0,0.0
2024-11-11 00:00:00-05:00,25.260000228881836,28.049999237060547,24.6299991607666,27.260000228881836,26633000,0.0,0.0
2024-11-12 00:00:00-05:00,26.059999465942383,27.100000381469727,24.950000762939453,26.84000015258789,18972700,0.0,0.0
2024-11-13 00:00:00-05:00,26.260000228881836,28.219999313354492,26.219999313354492,26.459999084472656,18490300,0.0,0.0
2024-11-14 00:00:00-05:00,27.170000076293945,28.280000686645508,26.719999313354492,27.3700008392334,16502000,0.0,0.0
2024-11-15 00:00:00-05:00,28.079999923706055,28.59000015258789,26.31999969482422,26.59000015258789,16451800,0.0,0.0
2024-11-18 00:00:00-05:00,26.649999618530273,27.15999984741211,25.850000381469727,26.440000534057617,8494900,0.0,0.0
2024-11-19 00:00:00-05:00,25.889999389648438,27.600000381469727,25.709999084472656,27.56999969482422,8698600,0.0,0.0
2024-11-20 00:00:00-05:00,27.260000228881836,29.799999237060547,27.260000228881836,28.450000762939453,22089700,0.0,0.0
2024-11-21 00:00:00-05:00,29.09000015258789,29.170000076293945,27.18000030517578,27.81999969482422,10587200,0.0,0.0
2024-11-22 00:00:00-05:00,27.8799991607666,28.459999084472656,27.420000076293945,27.899999618530273,7975700,0.0,0.0
2024-11-25 00:00:00-05:00,28.049999237060547,29.770000457763672,27.959999084472656,29.670000076293945,13090400,0.0,0.0
2024-11-26 00:00:00-05:00,29.399999618530273,32.119998931884766,28.780000686645508,30.329999923706055,24657300,0.0,0.0
2024-11-27 00:00:00-05:00,30.799999237060547,31.549999237060547,30.510000228881836,30.889999389648438,12895100,0.0,0.0
2024-11-29 00:00:00-05:00,31.010000228881836,31.079999923706055,28.850000381469727,29.049999237060547,10473700,0.0,0.0
2024-12-02 00:00:00-05:00,28.959999084472656,29.3700008392334,26.75,27.270000457763672,13576600,0.0,0.0
2024-12-03 00:00:00-05:00,26.549999237060547,27.59000015258789,26.489999771118164,27.440000534057617,6009900,0.0,0.0
2024-12-04 00:00:00-05:00,27.06999969482422,27.829999923706055,26.6299991607666,27.030000686645508,6387500,0.0,0.0
2024-12-05 00:00:00-05:00,27.0,30.8700008392334,26.149999618530273,28.6299991607666,40704900,0.0,0.0
2024-12-06 00:00:00-05:00,29.1200008392334,29.350000381469727,28.110000610351562,29.059999465942383,15161400,0.0,0.0
2024-12-09 00:00:00-05:00,29.0,29.860000610351562,27.739999771118164,27.93000030517578,11495400,0.0,0.0
2024-12-10 00:00:00-05:00,27.8799991607666,28.389999389648438,26.850000381469727,26.93000030517578,18209400,0.0,0.0
2024-12-11 00:00:00-05:00,27.75,30.15999984741211,27.510000228881836,28.969999313354492,20485000,0.0,0.0
2024-12-12 00:00:00-05:00,28.899999618530273,29.65999984741211,28.579999923706055,28.75,8855700,0.0,0.0
2024-12-13 00:00:00-05:00,28.700000762939453,28.860000610351562,27.920000076293945,27.989999771118164,6581600,0.0,0.0
2024-12-16 00:00:00-05:00,27.700000762939453,29.59000015258789,27.270000457763672,29.440000534057617,8700000,0.0,0.0
2024-12-17 00:00:00-05:00,29.639999389648438,31.8799991607666,29.639999389648438,31.260000228881836,19948100,0.0,0.0
2024-12-18 00:00:00-05:00,31.100000381469727,31.700000762939453,28.34000015258789,28.549999237060547,13947300,0.0,0.0
2024-12-19 00:00:00-05:00,29.15999984741211,30.600000381469727,28.81999969482422,29.0,10338200,0.0,0.0
2024-12-20 00:00:00-05:00,28.540000915527344,30.520000457763672,28.309999465942383,29.81999969482422,19606700,0.0,0.0
2024-12-23 00:00:00-05:00,29.81999969482422,31.110000610351562,29.780000686645508,30.899999618530273,8226500,0.0,0.0
2024-12-24 00:00:00-05:00,31.0,31.59000015258789,30.579999923706055,31.139999389648438,5523500,0.0,0.0
2024-12-26 00:00:00-05:00,32.619998931884766,34.369998931884766,31.600000381469727,32.9900016784668,20432900,0.0,0.0
2024-12-27 00:00:00-05:00,32.38999938964844,33.04999923706055,30.729999542236328,32.20000076293945,10141700,0.0,0.0
2024-12-30 00:00:00-05:00,31.799999237060547,32.880001068115234,31.610000610351562,32.0099983215332,9593100,0.0,0.0
2024-12-31 00:00:00-05:00,32.060001373291016,32.439998626708984,31.100000381469727,31.34000015258789,7395300,0.0,0.0
2025-01-02 00:00:00-05:00,31.84000015258789,32.04999923706055,30.3700008392334,30.65999984741211,7979700,0.0,0.0
2025-01-03 00:00:00-05:00,30.799999237060547,32.13999938964844,30.56999969482422,31.649999618530273,7461800,0.0,0.0
2025-01-06 00:00:00-05:00,31.700000762939453,33.4900016784668,30.760000228881836,32.81999969482422,12609400,0.0,0.0
2025-01-07 00:00:00-05:00,32.79999923706055,34.400001525878906,31.709999084472656,33.369998931884766,13360700,0.0,0.0
2025-01-08 00:00:00-05:00,32.970001220703125,33.369998931884766,32.40999984741211,32.959999084472656,6320000,0.0,0.0
2025-01-10 00:00:00-05:00,32.5,32.939998626708984,31.399999618530273,32.310001373291016,7068200,0.0,0.0
2025-01-13 00:00:00-05:00,31.600000381469727,31.799999237060547,30.899999618530273,31.020000457763672,5567000,0.0,0.0
2025-01-14 00:00:00-05:00,31.260000228881836,31.68000030517578,27.559999465942383,27.8799991607666,11796600,0.0,0.0
2025-01-15 00:00:00-05:00,28.899999618530273,29.329999923706055,27.84000015258789,27.959999084472656,6025400,0.0,0.0
2025-01-16 00:00:00-05:00,27.940000534057617,28.139999389648438,27.40999984741211,27.719999313354492,4432000,0.0,0.0
2025-01-17 00:00:00-05:00,27.610000610351562,28.790000915527344,27.020000457763672,27.510000228881836,8977500,0.0,0.0
2025-01-21 00:00:00-05:00,27.399999618530273,27.56999969482422,26.329999923706055,27.469999313354492,5867800,0.0,0.0
2025-01-22 00:00:00-05:00,27.360000610351562,28.020000457763672,27.299999237060547,27.649999618530273,5025400,0.0,0.0
2025-01-23 00:00:00-05:00,27.8799991607666,29.260000228881836,27.68000030517578,28.329999923706055,8828200,0.0,0.0
2025-01-24 00:00:00-05:00,28.299999237060547,28.670000076293945,27.6200008392334,27.770000457763672,4511600,0.0,0.0
2025-01-27 00:00:00-05:00,26.920000076293945,27.68000030517578,26.799999237060547,26.969999313354492,5060300,0.0,0.0
2025-01-28 00:00:00-05:00,27.0,27.59000015258789,26.649999618530273,27.459999084472656,3169900,0.0,0.0
2025-01-29 00:00:00-05:00,27.40999984741211,27.739999771118164,27.059999465942383,27.510000228881836,3220400,0.0,0.0
2025-01-30 00:00:00-05:00,27.84000015258789,28.229999542236328,27.709999084472656,27.989999771118164,3343900,0.0,0.0
2025-01-31 00:00:00-05:00,27.790000915527344,28.18000030517578,26.899999618530273,26.899999618530273,4472100,0.0,0.0
2025-02-03 00:00:00-05:00,25.56999969482422,26.540000915527344,25.5,25.889999389648438,5740500,0.0,0.0
2025-02-04 00:00:00-05:00,25.850000381469727,26.25,25.799999237060547,25.899999618530273,3353700,0.0,0.0
2025-02-05 00:00:00-05:00,25.700000762939453,25.809999465942383,24.899999618530273,24.93000030517578,4580200,0.0,0.0
2025-02-06 00:00:00-05:00,24.93000030517578,25.389999389648438,24.530000686645508,24.799999237060547,4349500,0.0,0.0
2025-02-07 00:00:00-05:00,24.899999618530273,25.020000457763672,24.600000381469727,24.729999542236328,3403300,0.0,0.0
2025-02-10 00:00:00-05:00,25.5,27.270000457763672,25.299999237060547,27.1200008392334,9694700,0.0,0.0
2025-02-11 00:00:00-05:00,26.850000381469727,27.760000228881836,26.469999313354492,26.559999465942383,7042700,0.0,0.0
2025-02-12 00:00:00-05:00,26.1200008392334,26.399999618530273,25.600000381469727,25.989999771118164,3999200,0.0,0.0
2025-02-13 00:00:00-05:00,25.75,26.399999618530273,25.75,26.34000015258789,8255300,0.0,0.0
2025-02-14 00:00:00-05:00,28.899999618530273,28.969999313354492,26.899999618530273,27.0,12142600,0.0,0.0
2025-02-18 00:00:00-05:00,27.030000686645508,27.59000015258789,26.65999984741211,26.969999313354492,5337800,0.0,0.0
2025-02-19 00:00:00-05:00,26.799999237060547,26.959999084472656,25.920000076293945,26.0,4382100,0.0,0.0
2025-02-20 00:00:00-05:00,25.799999237060547,27.450000762939453,25.760000228881836,27.040000915527344,7735200,0.0,0.0
2025-02-21 00:00:00-05:00,27.25,27.579999923706055,26.15999984741211,26.420000076293945,6130900,0.0,0.0
2025-02-24 00:00:00-05:00,26.34000015258789,26.389999389648438,24.950000762939453,25.0,5980000,0.0,0.0
2025-02-25 00:00:00-05:00,24.93000030517578,25.290000915527344,23.829999923706055,24.420000076293945,6551500,0.0,0.0
2025-02-26 00:00:00-05:00,24.540000915527344,25.209999084472656,24.450000762939453,24.610000610351562,3272500,0.0,0.0
2025-02-27 00:00:00-05:00,25.0,25.3700008392334,24.139999389648438,24.479999542236328,4590000,0.0,0.0
2025-02-28 00:00:00-05:00,24.329999923706055,25.100000381469727,24.200000762939453,25.040000915527344,4137100,0.0,0.0
2025-03-03 00:00:00-05:00,25.260000228881836,25.479999542236328,24.18000030517578,24.399999618530273,4291000,0.0,0.0
2025-03-04 00:00:00-05:00,23.770000457763672,24.860000610351562,23.440000534057617,24.299999237060547,5068700,0.0,0.0
2025-03-05 00:00:00-05:00,24.329999923706055,25.15999984741211,24.110000610351562,25.06999969482422,3282500,0.0,0.0
2025-03-06 00:00:00-05:00,24.739999771118164,25.010000228881836,24.049999237060547,24.200000762939453,3421400,0.0,0.0
2025-03-07 00:00:00-05:00,24.0,24.350000381469727,23.520000457763672,24.0,3464000,0.0,0.0
2025-03-10 00:00:00-04:00,23.440000534057617,23.579999923706055,22.260000228881836,22.420000076293945,6226900,0.0,0.0
2025-03-11 00:00:00-04:00,22.350000381469727,22.979999542236328,22.079999923706055,22.610000610351562,4226900,0.0,0.0
2025-03-12 00:00:00-04:00,22.950000762939453,23.239999771118164,21.889999389648438,21.989999771118164,3718200,0.0,0.0
2025-03-13 00:00:00-04:00,22.049999237060547,22.25,21.559999465942383,21.950000762939453,3829800,0.0,0.0
2025-03-14 00:00:00-04:00,22.290000915527344,23.149999618530273,22.290000915527344,23.049999237060547,3960500,0.0,0.0
2025-03-17 00:00:00-04:00,23.239999771118164,23.729999542236328,22.969999313354492,23.5,2899100,0.0,0.0
2025-03-18 00:00:00-04:00,23.290000915527344,23.6200008392334,23.139999389648438,23.299999237060547,2155800,0.0,0.0
2025-03-19 00:00:00-04:00,23.399999618530273,23.989999771118164,23.260000228881836,23.709999084472656,3032300,0.0,0.0
2025-03-20 00:00:00-04:00,23.649999618530273,24.1200008392334,23.510000228881836,23.510000228881836,1998200,0.0,0.0
2025-03-21 00:00:00-04:00,23.75,24.809999465942383,23.649999618530273,24.75,6893900,0.0,0.0
2025-03-24 00:00:00-04:00,25.350000381469727,25.829999923706055,25.149999618530273,25.610000610351562,5036000,0.0,0.0
2025-03-25 00:00:00-04:00,25.700000762939453,25.770000457763672,24.989999771118164,25.399999618530273,10106800,0.0,0.0
2025-03-26 00:00:00-04:00,28.84000015258789,29.799999237060547,27.31999969482422,28.360000610351562,52930500,0.0,0.0
2025-03-27 00:00:00-04:00,25.8700008392334,26.280000686645508,21.15999984741211,22.09000015258789,96733100,0.0,0.0
2025-03-28 00:00:00-04:00,21.889999389648438,22.790000915527344,21.700000762939453,21.729999542236328,44771700,0.0,0.0
2025-03-31 00:00:00-04:00,21.399999618530273,22.6299991607666,20.729999542236328,22.31999969482422,16147900,0.0,0.0
2025-04-01 00:00:00-04:00,22.760000228881836,23.25,21.950000762939453,22.610000610351562,14435300,0.0,0.0
2025-04-02 00:00:00-04:00,22.489999771118164,23.020000457763672,22.25,22.690000534057617,10965100,0.0,0.0
2025-04-03 00:00:00-04:00,21.600000381469727,21.780000686645508,21.079999923706055,21.100000381469727,11141900,0.0,0.0
2025-04-04 00:00:00-04:00,21.420000076293945,23.850000381469727,20.780000686645508,23.489999771118164,20608200,0.0,0.0
2025-04-07 00:00:00-04:00,22.600000381469727,25.020000457763672,22.399999618530273,24.290000915527344,17191900,0.0,0.0
2025-04-08 00:00:00-04:00,24.81999969482422,24.93000030517578,22.969999313354492,23.389999389648438,12062300,0.0,0.0
2025-04-09 00:00:00-04:00,23.030000686645508,25.459999084472656,23.030000686645508,25.399999618530273,17695900,0.0,0.0
2025-04-10 00:00:00-04:00,25.0,26.200000762939453,24.40999984741211,25.020000457763672,11545400,0.0,0.0
2025-04-11 00:00:00-04:00,25.5,26.440000534057617,25.25,26.399999618530273,10984100,0.0,0.0
2025-04-14 00:00:00-04:00,26.65999984741211,27.18000030517578,25.68000030517578,26.979999542236328,10628400,0.0,0.0
2025-04-15 00:00:00-04:00,26.8799991607666,27.3799991607666,26.6200008392334,26.700000762939453,6738100,0.0,0.0
2025-04-16 00:00:00-04:00,26.450000762939453,26.65999984741211,25.719999313354492,26.25,6292800,0.0,0.0
2025-04-17 00:00:00-04:00,26.209999084472656,27.190000534057617,26.170000076293945,26.780000686645508,7434800,0.0,0.0
2025-04-21 00:00:00-04:00,26.709999084472656,27.040000915527344,25.790000915527344,26.770000457763672,7690000,0.0,0.0
2025-04-22 00:00:00-04:00,26.989999771118164,27.940000534057617,26.8799991607666,27.799999237060547,11065900,0.0,0.0
2025-04-23 00:00:00-04:00,28.200000762939453,28.25,26.959999084472656,27.1200008392334,8862700,0.0,0.0
2025-04-24 00:00:00-04:00,27.100000381469727,27.579999923706055,26.84000015258789,27.079999923706055,6212100,0.0,0.0
2025-04-25 00:00:00-04:00,27.1299991607666,27.799999237060547,27.1299991607666,27.459999084472656,5853400,0.0,0.0
2025-04-28 00:00:00-04:00,27.399999618530273,27.59000015258789,26.979999542236328,27.59000015258789,6819300,0.0,0.0
2025-04-29 00:00:00-04:00,27.450000762939453,27.940000534057617,27.260000228881836,27.260000228881836,5394400,0.0,0.0
2025-04-30 00:00:00-04:00,26.899999618530273,27.93000030517578,26.790000915527344,27.860000610351562,6578100,0.0,0.0
2025-05-01 00:00:00-04:00,27.979999542236328,28.350000381469727,27.420000076293945,27.43000030517578,5693500,0.0,0.0
2025-05-02 00:00:00-04:00,27.700000762939453,27.920000076293945,27.149999618530273,27.479999542236328,5579900,0.0,0.0
2025-05-05 00:00:00-04:00,27.329999923706055,27.40999984741211,26.350000381469727,26.600000381469727,7132400,0.0,0.0
2025-05-06 00:00:00-04:00,26.440000534057617,26.5,25.670000076293945,26.040000915527344,5883800,0.0,0.0
2025-05-07 00:00:00-04:00,26.190000534057617,26.34000015258789,25.8799991607666,26.010000228881836,4364300,0.0,0.0
2025-05-08 00:00:00-04:00,26.299999237060547,26.989999771118164,26.18000030517578,26.780000686645508,6521700,0.0,0.0
2025-05-09 00:00:00-04:00,26.780000686645508,27.729999542236328,26.760000228881836,27.540000915527344,7795200,0.0,0.0
2025-05-12 00:00:00-04:00,28.059999465942383,28.18000030517578,27.290000915527344,28.049999237060547,7395200,0.0,0.0
2025-05-13 00:00:00-04:00,28.049999237060547,28.860000610351562,28.049999237060547,28.389999389648438,10365300,0.0,0.0
2025-05-14 00:00:00-04:00,28.479999542236328,29.389999389648438,28.299999237060547,28.729999542236328,14552300,0.0,0.0
2025-05-15 00:00:00-04:00,28.579999923706055,28.639999389648438,27.420000076293945,28.6299991607666,9364400,0.0,0.0
2025-05-16 00:00:00-04:00,28.610000610351562,29.059999465942383,28.299999237060547,28.450000762939453,6504400,0.0,0.0
2025-05-19 00:00:00-04:00,27.75,28.200000762939453,27.690000534057617,27.889999389648438,4223500,0.0,0.0
2025-05-20 00:00:00-04:00,27.889999389648438,28.780000686645508,27.850000381469727,28.510000228881836,4795100,0.0,0.0
2025-05-21 00:00:00-04:00,28.399999618530273,29.190000534057617,28.020000457763672,28.049999237060547,8762000,0.0,0.0
2025-05-22 00:00:00-04:00,28.549999237060547,31.0,28.489999771118164,30.860000610351562,21451000,0.0,0.0
2025-05-23 00:00:00-04:00,30.600000381469727,33.209999084472656,30.549999237060547,33.029998779296875,30477600,0.0,0.0
2025-05-27 00:00:00-04:00,33.970001220703125,35.7400016784668,33.630001068115234,35.0099983215332,33217800,0.0,0.0
2025-05-28 00:00:00-04:00,35.779998779296875,35.810001373291016,30.729999542236328,31.209999084472656,45300400,0.0,0.0
2025-05-29 00:00:00-04:00,31.170000076293945,31.350000381469727,29.31999969482422,29.56999969482422,15819000,0.0,0.0
2025-05-30 00:00:00-04:00,29.200000762939453,30.489999771118164,29.190000534057617,29.799999237060547,10227800,0.0,0.0
2025-06-02 00:00:00-04:00,29.8700008392334,30.8799991607666,29.729999542236328,30.639999389648438,7430700,0.0,0.0
2025-06-03 00:00:00-04:00,30.809999465942383,31.049999237060547,30.020000457763672,30.100000381469727,6086500,0.0,0.0
2025-06-04 00:00:00-04:00,29.899999618530273,30.969999313354492,29.34000015258789,29.950000762939453,7314000,0.0,0.0
2025-06-05 00:00:00-04:00,29.809999465942383,30.610000610351562,29.229999542236328,29.450000762939453,6322800,0.0,0.0
2025-06-06 00:00:00-04:00,29.68000030517578,30.0,29.520000457763672,29.579999923706055,4379300,0.0,0.0
2025-06-09 00:00:00-04:00,29.920000076293945,30.489999771118164,29.450000762939453,30.34000015258789,5836200,0.0,0.0
2025-06-10 00:00:00-04:00,30.540000915527344,30.600000381469727,29.65999984741211,30.149999618530273,11974400,0.0,0.0
2025-06-11 00:00:00-04:00,29.020000457763672,29.40999984741211,28.420000076293945,28.549999237060547,18039200,0.0,0.0
2025-06-12 00:00:00-04:00,23.56999969482422,24.299999237060547,21.540000915527344,22.139999389648438,172324500,0.0,0.0
2025-06-13 00:00:00-04:00,22.18000030517578,23.149999618530273,22.100000381469727,22.139999389648438,59849900,0.0,0.0
2025-06-16 00:00:00-04:00,22.770000457763672,23.459999084472656,22.40999984741211,23.31999969482422,31522700,0.0,0.0
2025-06-17 00:00:00-04:00,23.0,23.780000686645508,22.790000915527344,22.989999771118164,24797600,0.0,0.0
2025-06-18 00:00:00-04:00,23.06999969482422,23.950000762939453,22.93000030517578,23.440000534057617,14712100,0.0,0.0
2025-06-20 00:00:00-04:00,23.520000457763672,23.729999542236328,23.1299991607666,23.459999084472656,19994200,0.0,0.0
2025-06-23 00:00:00-04:00,23.030000686645508,23.329999923706055,22.450000762939453,22.81999969482422,12120500,0.0,0.0
2025-06-24 00:00:00-04:00,23.030000686645508,23.329999923706055,22.850000381469727,23.290000915527344,11660200,0.0,0.0
2025-06-25 00:00:00-04:00,23.3799991607666,23.690000534057617,23.049999237060547,23.549999237060547,9840700,0.0,0.0
2025-06-26 00:00:00-04:00,23.399999618530273,24.059999465942383,23.299999237060547,23.8799991607666,8778000,0.0,0.0
2025-06-27 00:00:00-04:00,23.989999771118164,24.260000228881836,23.459999084472656,23.59000015258789,11638200,0.0,0.0
2025-06-30 00:00:00-04:00,23.639999389648438,24.399999618530273,23.540000915527344,24.389999389648438,10439300,0.0,0.0
2025-07-01 00:00:00-04:00,24.149999618530273,24.5,23.68000030517578,23.68000030517578,8308000,0.0,0.0
2025-07-02 00:00:00-04:00,23.899999618530273,24.100000381469727,23.75,23.950000762939453,6428600,0.0,0.0
2025-07-03 00:00:00-04:00,23.850000381469727,24.15999984741211,23.489999771118164,23.59000015258789,5566300,0.0,0.0
2025-07-07 00:00:00-04:00,23.479999542236328,23.479999542236328,22.530000686645508,22.6200008392334,12873500,0.0,0.0
2025-07-08 00:00:00-04:00,22.709999084472656,22.950000762939453,22.579999923706055,22.75,7863600,0.0,0.0
2025-07-09 00:00:00-04:00,22.8799991607666,23.600000381469727,22.530000686645508,23.190000534057617,14641400,0.0,0.0
2025-07-10 00:00:00-04:00,23.040000915527344,23.329999923706055,23.010000228881836,23.100000381469727,5991000,0.0,0.0
2025-07-11 00:00:00-04:00,23.1299991607666,24.049999237060547,23.1299991607666,23.329999923706055,11454100,0.0,0.0
2025-07-14 00:00:00-04:00,23.440000534057617,23.84000015258789,23.389999389648438,23.700000762939453,7769600,0.0,0.0
2025-07-15 00:00:00-04:00,23.65999984741211,23.68000030517578,23.170000076293945,23.219999313354492,7321600,0.0,0.0
2025-07-16 00:00:00-04:00,23.399999618530273,23.850000381469727,23.309999465942383,23.68000030517578,7738300,0.0,0.0
2025-07-17 00:00:00-04:00,23.540000915527344,23.719999313354492,23.3799991607666,23.399999618530273,7307200,0.0,0.0
2025-07-18 00:00:00-04:00,23.459999084472656,23.510000228881836,23.1299991607666,23.280000686645508,6628400,0.0,0.0
2025-07-21 00:00:00-04:00,23.280000686645508,24.43000030517578,23.049999237060547,24.200000762939453,17718400,0.0,0.0
2025-07-22 00:00:00-04:00,24.139999389648438,24.84000015258789,23.530000686645508,24.260000228881836,12006300,0.0,0.0
2025-07-23 00:00:00-04:00,24.459999084472656,24.75,23.809999465942383,23.959999084472656,8305100,0.0,0.0
2025-07-24 00:00:00-04:00,23.889999389648438,23.940000534057617,23.459999084472656,23.530000686645508,6338100,0.0,0.0
2025-07-25 00:00:00-04:00,23.510000228881836,23.600000381469727,23.25,23.329999923706055,7090600,0.0,0.0
2025-07-28 00:00:00-04:00,23.350000381469727,23.559999465942383,22.950000762939453,22.979999542236328,11481900,0.0,0.0
2025-07-29 00:00:00-04:00,23.010000228881836,23.040000915527344,22.530000686645508,22.549999237060547,6078800,0.0,0.0
2025-07-30 00:00:00-04:00,22.59000015258789,22.790000915527344,22.270000457763672,22.450000762939453,7956600,0.0,0.0
2025-07-31 00:00:00-04:00,22.350000381469727,23.34000015258789,22.299999237060547,22.450000762939453,13749900,0.0,0.0
2025-08-01 00:00:00-04:00,22.31999969482422,22.610000610351562,21.920000076293945,22.100000381469727,7878400,0.0,0.0
2025-08-04 00:00:00-04:00,22.25,22.670000076293945,22.06999969482422,22.6299991607666,5059400,0.0,0.0
2025-08-05 00:00:00-04:00,22.5,23.049999237060547,22.459999084472656,22.809999465942383,4981400,0.0,0.0
2025-08-06 00:00:00-04:00,22.81999969482422,22.860000610351562,22.420000076293945,22.809999465942383,4825000,0.0,0.0
2025-08-07 00:00:00-04:00,22.799999237060547,23.1299991607666,22.489999771118164,22.649999618530273,4456300,0.0,0.0
2025-08-08 00:00:00-04:00,22.6299991607666,22.829999923706055,22.219999313354492,22.270000457763672,4833100,0.0,0.0
2025-08-11 00:00:00-04:00,22.290000915527344,22.809999465942383,22.290000915527344,22.40999984741211,5212500,0.0,0.0
2025-08-12 00:00:00-04:00,22.5,22.950000762939453,22.469999313354492,22.93000030517578,4854200,0.0,0.0
2025-08-13 00:00:00-04:00,22.950000762939453,23.209999084472656,22.809999465942383,23.020000457763672,5349300,0.0,0.0
2025-08-14 00:00:00-04:00,22.84000015258789,22.90999984741211,22.56999969482422,22.889999389648438,4780000,0.0,0.0
2025-08-15 00:00:00-04:00,22.940000534057617,23.020000457763672,22.670000076293945,22.940000534057617,4965600,0.0,0.0
2025-08-18 00:00:00-04:00,22.940000534057617,23.170000076293945,22.899999618530273,23.110000610351562,5107100,0.0,0.0
2025-08-19 00:00:00-04:00,23.100000381469727,23.18000030517578,22.700000762939453,22.81999969482422,5532800,0.0,0.0
2025-08-20 00:00:00-04:00,22.719999313354492,22.770000457763672,22.3700008392334,22.6299991607666,4388700,0.0,0.0
2025-08-21 00:00:00-04:00,22.600000381469727,22.6200008392334,22.3799991607666,22.559999465942383,4090600,0.0,0.0
2025-08-22 00:00:00-04:00,22.649999618530273,23.030000686645508,22.6200008392334,22.889999389648438,5551400,0.0,0.0
2025-08-25 00:00:00-04:00,22.860000610351562,22.899999618530273,22.559999465942383,22.68000030517578,3801000,0.0,0.0
2025-08-26 00:00:00-04:00,22.670000076293945,22.799999237060547,22.270000457763672,22.299999237060547,7867600,0.0,0.0
2025-08-27 00:00:00-04:00,22.459999084472656,22.579999923706055,22.270000457763672,22.5,6892000,0.0,0.0
2025-08-28 00:00:00-04:00,22.559999465942383,22.899999618530273,22.3700008392334,22.790000915527344,6482300,0.0,0.0
2025-08-29 00:00:00-04:00,22.719999313354492,22.81999969482422,22.40999984741211,22.40999984741211,5371500,0.0,0.0
2025-09-02 00:00:00-04:00,22.360000610351562,23.40999984741211,22.18000030517578,23.40999984741211,9567000,0.0,0.0
2025-09-03 00:00:00-04:00,23.510000228881836,23.729999542236328,22.68000030517578,22.8799991607666,9771400,0.0,0.0
2025-09-04 00:00:00-04:00,22.760000228881836,22.850000381469727,22.3700008392334,22.3700008392334,5531800,0.0,0.0
2025-09-05 00:00:00-04:00,22.600000381469727,22.790000915527344,22.280000686645508,22.610000610351562,11183300,0.0,0.0
2025-09-08 00:00:00-04:00,22.65999984741211,23.469999313354492,22.559999465942383,23.219999313354492,10151200,0.0,0.0
2025-09-09 00:00:00-04:00,23.100000381469727,23.6299991607666,22.940000534057617,23.59000015258789,18374400,0.0,0.0
2025-09-10 00:00:00-04:00,25.209999084472656,25.43000030517578,24.040000915527344,24.3700008392334,46254000,0.0,0.0
2025-09-11 00:00:00-04:00,24.0,24.850000381469727,23.889999389648438,24.850000381469727,12512600,0.0,0.0
2025-09-12 00:00:00-04:00,24.889999389648438,25.139999389648438,24.75,24.93000030517578,9320100,0.0,0.0
2025-09-15 00:00:00-04:00,25.0,25.809999465942383,24.989999771118164,25.530000686645508,9604000,0.0,0.0
2025-09-16 00:00:00-04:00,25.690000534057617,26.420000076293945,25.610000610351562,26.34000015258789,9830000,0.0,0.0
2025-09-17 00:00:00-04:00,26.350000381469727,26.469999313354492,25.579999923706055,26.100000381469727,7897100,0.0,0.0
2025-09-18 00:00:00-04:00,26.209999084472656,26.420000076293945,25.84000015258789,25.8799991607666,7806200,0.0,0.0
2025-09-19 00:00:00-04:00,25.829999923706055,26.389999389648438,25.790000915527344,26.079999923706055,9567600,0.0,0.0
2025-09-22 00:00:00-04:00,26.0,27.34000015258789,25.969999313354492,26.780000686645508,11263600,0.0,0.0
2025-09-23 00:00:00-04:00,26.90999984741211,27.239999771118164,26.59000015258789,26.799999237060547,7064000,0.0,0.0
2025-09-24 00:00:00-04:00,26.829999923706055,27.049999237060547,26.219999313354492,26.25,5508800,0.0,0.0
2025-09-25 00:00:00-04:00,25.93000030517578,26.34000015258789,25.270000457763672,25.270000457763672,8210500,0.0,0.0
2025-09-26 00:00:00-04:00,25.530000686645508,26.799999237060547,25.440000534057617,26.420000076293945,8048300,0.0,0.0
2025-09-29 00:00:00-04:00,27.200000762939453,27.209999084472656,26.790000915527344,27.209999084472656,7979000,0.0,0.0
2025-09-30 00:00:00-04:00,27.209999084472656,27.34000015258789,26.799999237060547,27.280000686645508,5392800,0.0,0.0
2025-10-01 00:00:00-04:00,27.25,27.790000915527344,27.18000030517578,27.690000534057617,8187100,0.0,0.0
2025-10-02 00:00:00-04:00,28.0,28.100000381469727,26.719999313354492,27.219999313354492,14526000,0.0,0.0
2025-10-03 00:00:00-04:00,26.360000610351562,26.989999771118164,25.15999984741211,25.3799991607666,11615900,0.0,0.0
2025-10-06 00:00:00-04:00,25.549999237060547,25.829999923706055,25.010000228881836,25.049999237060547,11543400,0.0,0.0
2025-10-07 00:00:00-04:00,25.049999237060547,25.239999771118164,24.309999465942383,24.350000381469727,10779900,0.0,0.0
2025-10-08 00:00:00-04:00,24.3799991607666,25.049999237060547,24.1299991607666,24.40999984741211,7183800,0.0,0.0
2025-10-09 00:00:00-04:00,24.579999923706055,24.739999771118164,23.860000610351562,24.06999969482422,11821200,0.0,0.0
2025-10-10 00:00:00-04:00,24.079999923706055,24.200000762939453,23.280000686645508,23.299999237060547,9744300,0.0,0.0
2025-10-13 00:00:00-04:00,23.479999542236328,23.799999237060547,23.110000610351562,23.59000015258789,5772100,0.0,0.0
2025-10-14 00:00:00-04:00,23.1200008392334,23.670000076293945,22.8799991607666,23.209999084472656,4470900,0.0,0.0
2025-10-15 00:00:00-04:00,23.299999237060547,23.65999984741211,23.209999084472656,23.3799991607666,5018100,0.0,0.0
2025-10-16 00:00:00-04:00,23.299999237060547,23.530000686645508,22.860000610351562,22.950000762939453,6549800,0.0,0.0
2025-10-17 00:00:00-04:00,22.950000762939453,23.389999389648438,22.899999618530273,23.06999969482422,6206300,0.0,0.0
2025-10-20 00:00:00-04:00,23.1200008392334,23.389999389648438,23.1200008392334,23.3700008392334,4424400,0.0,0.0
2025-10-21 00:00:00-04:00,23.079999923706055,23.34000015258789,22.799999237060547,22.799999237060547,6387200,0.0,0.0
2025-10-22 00:00:00-04:00,22.690000534057617,23.329999923706055,22.239999771118164,22.489999771118164,11012900,0.0,0.0
2025-10-23 00:00:00-04:00,22.530000686645508,23.829999923706055,22.459999084472656,23.6299991607666,10638000,0.0,0.0
2025-10-24 00:00:00-04:00,23.450000762939453,23.600000381469727,23.219999313354492,23.299999237060547,5771200,0.0,0.0
2025-10-27 00:00:00-04:00,24.5,24.540000915527344,23.440000534057617,23.530000686645508,9428700,0.0,0.0
2025-10-28 00:00:00-04:00,23.520000457763672,23.6299991607666,23.219999313354492,23.299999237060547,7984100,0.0,0.0
2025-10-29 00:00:00-04:00,23.34000015258789,23.420000076293945,22.8799991607666,23.3799991607666,5696900,0.0,0.0
2025-10-30 00:00:00-04:00,23.170000076293945,23.270000457763672,22.559999465942383,22.579999923706055,6438400,0.0,0.0
2025-10-31 00:00:00-04:00,22.780000686645508,22.799999237060547,22.290000915527344,22.290000915527344,4990700,0.0,0.0
2025-11-03 00:00:00-05:00,22.25,22.420000076293945,21.959999084472656,22.110000610351562,6276100,0.0,0.0
2025-11-04 00:00:00-05:00,21.8700008392334,22.270000457763672,21.579999923706055,21.979999542236328,5155900,0.0,0.0
2025-11-05 00:00:00-05:00,21.979999542236328,22.34000015258789,21.889999389648438,22.010000228881836,3885600,0.0,0.0
2025-11-06 00:00:00-05:00,21.959999084472656,22.020000457763672,21.350000381469727,21.350000381469727,5718100,0.0,0.0
2025-11-07 00:00:00-05:00,21.100000381469727,21.739999771118164,20.950000762939453,21.5,6533300,0.0,0.0
2025-11-10 00:00:00-05:00,21.670000076293945,21.809999465942383,21.299999237060547,21.489999771118164,4724900,0.0,0.0
2025-11-11 00:00:00-05:00,21.420000076293945,21.6200008392334,21.229999542236328,21.450000762939453,2856300,0.0,0.0
2025-11-12 00:00:00-05:00,21.459999084472656,21.739999771118164,21.260000228881836,21.360000610351562,4341300,0.0,0.0
2025-11-13 00:00:00-05:00,21.280000686645508,21.329999923706055,20.8799991607666,20.959999084472656,7415400,0.0,0.0
2025-11-14 00:00:00-05:00,20.649999618530273,20.989999771118164,20.40999984741211,20.65999984741211,5887600,0.0,0.0
2025-11-17 00:00:00-05:00,20.56999969482422,20.84000015258789,20.270000457763672,20.5,4968200,0.0,0.0
2025-11-18 00:00:00-05:00,20.389999389648438,20.670000076293945,20.18000030517578,20.5,3733300,0.0,0.0
2025-11-19 00:00:00-05:00,20.399999618530273,20.510000228881836,20.110000610351562,20.420000076293945,5194300,0.0,0.0
2025-11-20 00:00:00-05:00,20.549999237060547,20.690000534057617,19.93000030517578,19.940000534057617,6028900,0.0,0.0
2025-11-21 00:00:00-05:00,19.950000762939453,20.6299991607666,19.940000534057617,20.139999389648438,5514100,0.0,0.0
2025-11-24 00:00:00-05:00,20.190000534057617,20.559999465942383,20.1200008392334,20.489999771118164,5577600,0.0,0.0
2025-11-25 00:00:00-05:00,20.489999771118164,21.360000610351562,20.309999465942383,21.059999465942383,4794900,0.0,0.0
2025-11-26 00:00:00-05:00,21.18000030517578,21.829999923706055,21.110000610351562,21.6299991607666,4644200,0.0,0.0
2025-11-28 00:00:00-05:00,22.280000686645508,22.75,22.040000915527344,22.530000686645508,8789300,0.0,0.0
2025-12-01 00:00:00-05:00,22.149999618530273,23.06999969482422,22.110000610351562,22.790000915527344,7895900,0.0,0.0
2025-12-02 00:00:00-05:00,22.799999237060547,23.3700008392334,22.479999542236328,22.809999465942383,8105100,0.0,0.0
2025-12-03 00:00:00-05:00,22.90999984741211,23.280000686645508,22.719999313354492,23.209999084472656,11079700,0.0,0.0
2025-12-04 00:00:00-05:00,23.260000228881836,23.469999313354492,22.649999618530273,22.950000762939453,7195800,0.0,0.0
2025-12-05 00:00:00-05:00,23.0,23.06999969482422,22.530000686645508,23.0,5688200,0.0,0.0
2025-12-08 00:00:00-05:00,23.030000686645508,23.549999237060547,23.020000457763672,23.350000381469727,5318900,0.0,0.0
2025-12-09 00:00:00-05:00,23.25,24.0,23.100000381469727,23.110000610351562,9159100,0.0,0.0
2025-12-10 00:00:00-05:00,21.56999969482422,22.469999313354492,21.5,22.1200008392334,11543800,0.0,0.0
2025-12-11 00:00:00-05:00,22.020000457763672,22.18000030517578,21.530000686645508,21.860000610351562,4645600,0.0,0.0
2025-12-12 00:00:00-05:00,21.889999389648438,21.969999313354492,21.09000015258789,21.229999542236328,5365900,0.0,0.0
2025-12-15 00:00:00-05:00,21.360000610351562,22.579999923706055,21.079999923706055,22.09000015258789,8010600,0.0,0.0
2025-12-16 00:00:00-05:00,22.15999984741211,22.34000015258789,21.799999237060547,22.280000686645508,3922900,0.0,0.0
2025-12-17 00:00:00-05:00,22.290000915527344,23.170000076293945,22.270000457763672,23.030000686645508,6132200,0.0,0.0
2025-12-18 00:00:00-05:00,22.959999084472656,23.100000381469727,22.530000686645508,22.559999465942383,4589300,0.0,0.0
2025-12-19 00:00:00-05:00,22.579999923706055,22.639999389648438,22.280000686645508,22.510000228881836,7379300,0.0,0.0
2025-12-22 00:00:00-05:00,22.520000457763672,22.780000686645508,21.700000762939453,21.739999771118164,6481100,0.0,0.0
2025-12-23 00:00:00-05:00,21.65999984741211,21.68000030517578,21.1299991607666,21.3799991607666,4384500,0.0,0.0
2025-12-24 00:00:00-05:00,21.229999542236328,21.56999969482422,21.229999542236328,21.530000686645508,1781000,0.0,0.0
2025-12-26 00:00:00-05:00,21.5,21.5,20.959999084472656,21.09000015258789,3820400,0.0,0.0
2025-12-29 00:00:00-05:00,21.040000915527344,21.290000915527344,20.459999084472656,20.530000686645508,6005600,0.0,0.0
2025-12-30 00:00:00-05:00,20.530000686645508,20.700000762939453,20.350000381469727,20.5,4569500,0.0,0.0
2025-12-31 00:00:00-05:00,20.450000762939453,20.489999771118164,19.989999771118164,20.079999923706055,6422300,0.0,0.0
2026-01-02 00:00:00-05:00,20.260000228881836,20.8700008392334,20.15999984741211,20.6200008392334,4551700,0.0,0.0
2026-01-05 00:00:00-05:00,20.649999618530273,20.829999923706055,20.329999923706055,20.719999313354492,7673700,0.0,0.0
2026-01-06 00:00:00-05:00,20.6299991607666,20.90999984741211,20.56999969482422,20.65999984741211,3405000,0.0,0.0
2026-01-07 00:00:00-05:00,21.649999618530273,22.020000457763672,21.190000534057617,21.290000915527344,10674100,0.0,0.0
2026-01-08 00:00:00-05:00,21.200000762939453,21.440000534057617,21.09000015258789,21.420000076293945,4131800,0.0,0.0
2026-01-09 00:00:00-05:00,21.280000686645508,21.729999542236328,21.049999237060547,21.229999542236328,5034900,0.0,0.0
2026-01-12 00:00:00-05:00,21.079999923706055,21.309999465942383,20.920000076293945,20.979999542236328,3563700,0.0,0.0
2026-01-13 00:00:00-05:00,20.989999771118164,21.209999084472656,20.84000015258789,21.020000457763672,4121100,0.0,0.0
2026-01-14 00:00:00-05:00,21.0,21.079999923706055,20.790000915527344,21.020000457763672,4112800,0.0,0.0
2026-01-15 00:00:00-05:00,20.969999313354492,21.420000076293945,20.8799991607666,21.360000610351562,4995400,0.0,0.0
2026-01-16 00:00:00-05:00,21.329999923706055,21.469999313354492,21.059999465942383,21.100000381469727,3731500,0.0,0.0
2026-01-20 00:00:00-05:00,20.799999237060547,21.25,20.690000534057617,21.100000381469727,6826500,0.0,0.0
2026-01-21 00:00:00-05:00,21.670000076293945,21.93000030517578,21.360000610351562,21.690000534057617,8366900,0.0,0.0
2026-01-22 00:00:00-05:00,22.399999618530273,23.5,22.170000076293945,23.139999389648438,15763000,0.0,0.0
2026-01-23 00:00:00-05:00,23.139999389648438,23.170000076293945,22.270000457763672,22.989999771118164,10347500,0.0,0.0
2026-01-26 00:00:00-05:00,23.459999084472656,25.010000228881836,22.950000762939453,24.010000228881836,37432200,0.0,0.0
2026-01-27 00:00:00-05:00,24.0,24.5,23.239999771118164,24.209999084472656,16600900,0.0,0.0
2026-01-28 00:00:00-05:00,24.229999542236328,24.25,23.3700008392334,23.639999389648438,8514500,0.0,0.0
2026-01-29 00:00:00-05:00,23.5,23.600000381469727,22.700000762939453,22.809999465942383,7555100,0.0,0.0
2026-01-30 00:00:00-05:00,23.290000915527344,24.010000228881836,23.290000915527344,23.8799991607666,16706700,0.0,0.0
2026-02-02 00:00:00-05:00,24.3799991607666,25.93000030517578,24.049999237060547,25.850000381469727,24507600,0.0,0.0
2026-02-03 00:00:00-05:00,25.15999984741211,25.299999237060547,23.84000015258789,24.520000457763672,15876400,0.0,0.0
2026-02-04 00:00:00-05:00,24.479999542236328,25.15999984741211,24.049999237060547,24.979999542236328,9779700,0.0,0.0
2026-02-05 00:00:00-05:00,24.75,25.5,24.549999237060547,24.690000534057617,10155500,0.0,0.0
2026-02-06 00:00:00-05:00,24.799999237060547,25.399999618530273,24.440000534057617,24.979999542236328,10022600,0.0,0.0
2026-02-09 00:00:00-05:00,24.889999389648438,24.969999313354492,24.200000762939453,24.639999389648438,5328400,0.0,0.0
2026-02-10 00:00:00-05:00,24.510000228881836,25.209999084472656,24.020000457763672,24.81999969482422,5776400,0.0,0.0
